iso3c,country,year,region,income,female_lfpr,male_lfpr,gdp_pc,gender_gap,female_male_ratio,log_gdp_pc
AFG,Afghanistan,2007,"Middle East, North Africa, Afghanistan & Pakistan",Low income,14.67,79.173,2155.35306784413,64.503,18.529043992270093,7.675709825704703
AFG,Afghanistan,2006,"Middle East, North Africa, Afghanistan & Pakistan",Low income,14.452,79.35,1929.72389709372,64.898,18.2129804662886,7.565132213164425
AFG,Afghanistan,2004,"Middle East, North Africa, Afghanistan & Pakistan",Low income,14.205,79.622,1776.91820712187,65.417,17.840546582602798,7.482635798463827
AFG,Afghanistan,2016,"Middle East, North Africa, Afghanistan & Pakistan",Low income,20.156,74.361,2958.7853992308,54.205000000000005,27.105606433479913,7.992534125008689
AFG,Afghanistan,2017,"Middle East, North Africa, Afghanistan & Pakistan",Low income,21.24,73.401,2952.99891598909,52.161,28.936935464094493,7.99057651465584
AFG,Afghanistan,2015,"Middle East, North Africa, Afghanistan & Pakistan",Low income,19.113,75.308,2967.692067153,56.19500000000001,25.379773729218673,7.995539847945536
AFG,Afghanistan,2018,"Middle East, North Africa, Afghanistan & Pakistan",Low income,19.805,71.37,2902.39211285546,51.565000000000005,27.749754798935122,7.97329054246104
AFG,Afghanistan,2005,"Middle East, North Africa, Afghanistan & Pakistan",Low income,14.302,79.495,1908.11478234587,65.19300000000001,17.991068620667967,7.55387100866098
AFG,Afghanistan,2020,"Middle East, North Africa, Afghanistan & Pakistan",Low income,16.474,66.75,2769.68574507111,50.275999999999996,24.680149812734083,7.926489143312698
AFG,Afghanistan,2003,"Middle East, North Africa, Afghanistan & Pakistan",Low income,14.154,79.737,1815.92819979586,65.583,17.750855938899132,7.504352020822263
AFG,Afghanistan,2009,"Middle East, North Africa, Afghanistan & Pakistan",Low income,15.248,78.714,2565.02208584099,63.466,19.371395177477957,7.849722368032124
AFG,Afghanistan,2010,"Middle East, North Africa, Afghanistan & Pakistan",Low income,15.572,78.458,2848.58606111495,62.885999999999996,19.84756175278493,7.954578031247957
AFG,Afghanistan,2011,"Middle East, North Africa, Afghanistan & Pakistan",Low income,15.893,78.209,2757.05258747725,62.316,20.321190655806877,7.921917485008463
AFG,Afghanistan,2008,"Middle East, North Africa, Afghanistan & Pakistan",Low income,14.944,78.957,2191.50435559062,64.01299999999999,18.926757602239196,7.692343507349757
AFG,Afghanistan,2000,"Middle East, North Africa, Afghanistan & Pakistan",Low income,14.294,79.943,1617.82647494969,65.649,17.880239670765423,7.38883884523527
AFG,Afghanistan,2001,"Middle East, North Africa, Afghanistan & Pakistan",Low income,14.196,79.906,1454.11078195559,65.71000000000001,17.765874903011035,7.28214984635722
AFG,Afghanistan,2002,"Middle East, North Africa, Afghanistan & Pakistan",Low income,14.152,79.834,1774.30874287341,65.682,17.726783074880377,7.4811661854231195
AFG,Afghanistan,2019,"Middle East, North Africa, Afghanistan & Pakistan",Low income,18.298,69.386,2927.2451435353,51.087999999999994,26.371314097944833,7.981817035673841
AFG,Afghanistan,2024,"Middle East, North Africa, Afghanistan & Pakistan",Low income,5.123,69.954,1964.45228895456,64.83099999999999,7.323383938016412,7.582968752093541
AFG,Afghanistan,2021,"Middle East, North Africa, Afghanistan & Pakistan",Low income,14.616,66.843,2144.16657002819,52.227000000000004,21.86616399622997,7.670506210417376
AFG,Afghanistan,2022,"Middle East, North Africa, Afghanistan & Pakistan",Low income,5.159,70.225,1981.71016810561,65.06599999999999,7.346386614453543,7.591715472161472
AFG,Afghanistan,2023,"Middle East, North Africa, Afghanistan & Pakistan",Low income,5.145,70.074,1983.81261992909,64.929,7.342238205325797,7.592775837784295
AFG,Afghanistan,2012,"Middle East, North Africa, Afghanistan & Pakistan",Low income,16.208,77.975,2985.31914452845,61.766999999999996,20.786149406861174,8.001461936201517
AFG,Afghanistan,2013,"Middle East, North Africa, Afghanistan & Pakistan",Low income,17.138,77.116,3046.57993117128,59.977999999999994,22.22366305306292,8.021774906393857
AFG,Afghanistan,2014,"Middle East, North Africa, Afghanistan & Pakistan",Low income,18.107,76.226,3017.94254424696,58.119,23.754362028704115,8.012330601455044
ALB,Albania,1992,Europe & Central Asia,Upper middle income,60.357,78.439,3761.13980833495,18.081999999999994,76.94769183696886,8.232477330960752
ALB,Albania,1993,Europe & Central Asia,Upper middle income,58.56,77.319,4145.90250530525,18.759,75.73817561013463,8.329875777356294
ALB,Albania,2018,Europe & Central Asia,Upper middle income,51.406,67.535,16170.9234325287,16.128999999999998,76.11756866809802,9.690970058703627
ALB,Albania,2020,Europe & Central Asia,Upper middle income,52.252,66.795,16457.7189744991,14.543,78.22741223145445,9.708549884706901
ALB,Albania,2021,Europe & Central Asia,Upper middle income,52.523,67.165,18212.794718288,14.642000000000003,78.19995533387925,9.80987963257091
ALB,Albania,1996,Europe & Central Asia,Upper middle income,53.351,73.918,5563.77007788975,20.567000000000007,72.1759246732866,8.62403122902088
ALB,Albania,1997,Europe & Central Asia,Upper middle income,55.15,75.17,4942.98350018006,20.020000000000003,73.36703472129838,8.505724375284002
ALB,Albania,1998,Europe & Central Asia,Upper middle income,53.714,74.219,5387.54588745977,20.504999999999995,72.37230358803002,8.591845251769655
ALB,Albania,2008,Europe & Central Asia,Upper middle income,45.514,61.259,11056.3059173381,15.744999999999997,74.29765422223674,9.310756215427299
ALB,Albania,1991,Europe & Central Asia,Upper middle income,59.052,77.605,4027.88880714791,18.553000000000004,76.09303524257457,8.300997648479253
ALB,Albania,2013,Europe & Central Asia,Upper middle income,43.783,61.438,12873.4298184073,17.655,71.26371301149126,9.462920762242858
ALB,Albania,2014,Europe & Central Asia,Upper middle income,43.958,63.307,13366.5040948145,19.349000000000004,69.43623927843682,9.500507162069882
ALB,Albania,2015,Europe & Central Asia,Upper middle income,47.117,64.257,13876.7616296598,17.140000000000008,73.3258633300652,9.537970894855157
ALB,Albania,1994,Europe & Central Asia,Upper middle income,57.037,76.354,4517.78007862677,19.317,74.70073604526284,8.415776019133764
ALB,Albania,1995,Europe & Central Asia,Upper middle income,54.819,74.902,5151.37596211047,20.083,73.18763183893621,8.547019135081163
ALB,Albania,2006,Europe & Central Asia,Upper middle income,46.652,64.556,9563.98954154527,17.903999999999996,72.26593964929674,9.165760235054538
ALB,Albania,2007,Europe & Central Asia,Upper middle income,46.076,62.916,10262.9242359026,16.839999999999996,73.23415347447391,9.236293091362068
ALB,Albania,1999,Europe & Central Asia,Upper middle income,51.824,72.916,6085.98339706701,21.092,71.07356410115749,8.713743602399795
ALB,Albania,2009,Europe & Central Asia,Upper middle income,45.955,64.458,11430.5746310655,18.503,71.2944863321853,9.344047029459153
ALB,Albania,2010,Europe & Central Asia,Upper middle income,46.835,63.935,11829.0042369631,17.1,73.25408618127786,9.378309780730058
ALB,Albania,2011,Europe & Central Asia,Upper middle income,52.561,67.629,12153.0636591785,15.068000000000005,77.71961732392909,9.405336570002271
ALB,Albania,2002,Europe & Central Asia,Upper middle income,49.088,70.902,7590.45852377781,21.814,69.23359002566923,8.9346472801299
ALB,Albania,1990,Europe & Central Asia,Upper middle income,53.47,73.901,5560.8339349099,20.430999999999997,72.35355407910583,8.623503364290656
ALB,Albania,2000,Europe & Central Asia,Upper middle income,50.831,72.218,6581.98909242849,21.387,70.38549945996843,8.792092272319975
ALB,Albania,2001,Europe & Central Asia,Upper middle income,49.68,71.366,7232.96055449664,21.686,69.61298097133088,8.886403713287699
ALB,Albania,2019,Europe & Central Asia,Upper middle income,52.931,68.005,16761.1230178682,15.073999999999998,77.8339827953827,9.726817377630674
ALB,Albania,2016,Europe & Central Asia,Upper middle income,49.888,65.075,14643.4285614716,15.187000000000005,76.6623127160968,9.591746951454137
ALB,Albania,2017,Europe & Central Asia,Upper middle income,49.736,66.75,15359.3974577025,17.014000000000003,74.51086142322096,9.639482777918065
ALB,Albania,2005,Europe & Central Asia,Upper middle income,47.242,66.178,8964.28082219496,18.936,71.3862612952945,9.101003162207329
ALB,Albania,2024,Europe & Central Asia,Upper middle income,58.154,70.121,21640.9835773271,11.966999999999992,82.93378588439984,9.982344183744848
ALB,Albania,2022,Europe & Central Asia,Upper middle income,56.407,68.176,19388.7927279351,11.769000000000005,82.73732691856371,9.87245048368536
ALB,Albania,2023,Europe & Central Asia,Upper middle income,57.963,70.068,20501.6470726741,12.104999999999997,82.72392532967974,9.928260506907504
ALB,Albania,2003,Europe & Central Asia,Upper middle income,48.461,69.354,8025.2480324802,20.893,69.87484499812557,8.99034785499476
ALB,Albania,2012,Europe & Central Asia,Upper middle income,48.936,65.406,12463.518369846,16.470000000000006,74.81882396110447,9.430561125663502
ALB,Albania,2004,Europe & Central Asia,Upper middle income,47.845,67.778,8483.25881549279,19.933000000000007,70.59075216146832,9.045849949243625
DZA,Algeria,2001,"Middle East, North Africa, Afghanistan & Pakistan",Upper middle income,12.16,74.285,11742.5946761225,62.125,16.369388167193915,9.370978080557384
DZA,Algeria,2002,"Middle East, North Africa, Afghanistan & Pakistan",Upper middle income,12.318,73.747,12213.1263531246,61.429,16.703052327552307,9.41026658290686
DZA,Algeria,1990,"Middle East, North Africa, Afghanistan & Pakistan",Upper middle income,11.705,76.969,11728.5457286791,65.264,15.207421169561771,9.36978095516178
DZA,Algeria,1997,"Middle East, North Africa, Afghanistan & Pakistan",Upper middle income,11.763,76.499,10725.967349336801,64.73599999999999,15.376671590478308,9.280422935471185
DZA,Algeria,1998,"Middle East, North Africa, Afghanistan & Pakistan",Upper middle income,11.823,75.816,11094.8875368585,63.993,15.594333649889206,9.314239698934834
DZA,Algeria,1991,"Middle East, North Africa, Afghanistan & Pakistan",Upper middle income,11.674,77.369,11314.8647351204,65.695,15.088730628546315,9.333872603521627
DZA,Algeria,1999,"Middle East, North Africa, Afghanistan & Pakistan",Upper middle income,11.914,75.3,11292.0372997165,63.385999999999996,15.822045152722444,9.33185309256634
DZA,Algeria,2000,"Middle East, North Africa, Afghanistan & Pakistan",Upper middle income,12.026,74.782,11558.220469383,62.756,16.081409964964834,9.355152191741912
DZA,Algeria,2014,"Middle East, North Africa, Afghanistan & Pakistan",Upper middle income,15.256,68.641,15073.7629403565,53.385000000000005,22.225783423901166,9.620710957887058
DZA,Algeria,2015,"Middle East, North Africa, Afghanistan & Pakistan",Upper middle income,15.258,68.389,15239.5171456469,53.131,22.310605506733538,9.631647145382207
DZA,Algeria,2003,"Middle East, North Africa, Afghanistan & Pakistan",Upper middle income,12.503,73.198,12835.1814413331,60.69499999999999,17.0810677887374,9.459945229655116
DZA,Algeria,2004,"Middle East, North Africa, Afghanistan & Pakistan",Upper middle income,12.713,72.701,13226.7650481165,59.98799999999999,17.486692067509388,9.489997710816683
DZA,Algeria,2005,"Middle East, North Africa, Afghanistan & Pakistan",Upper middle income,12.954,72.203,13738.495644436,59.249,17.941082780493886,9.527957072477655
DZA,Algeria,2006,"Middle East, North Africa, Afghanistan & Pakistan",Upper middle income,13.225,71.769,13920.6940553701,58.544000000000004,18.427176078808397,9.541131792945004
DZA,Algeria,1996,"Middle East, North Africa, Afghanistan & Pakistan",Upper middle income,11.737,77.21,10808.8788666941,65.473,15.201398782541123,9.288123192645488
DZA,Algeria,1993,"Middle East, North Africa, Afghanistan & Pakistan",Upper middle income,11.574,77.673,10743.7063534104,66.099,14.900930825383337,9.282075406613114
DZA,Algeria,1994,"Middle East, North Africa, Afghanistan & Pakistan",Upper middle income,11.539,77.792,10414.0348241407,66.253,14.83314479638009,9.250909677690817
DZA,Algeria,1995,"Middle East, North Africa, Afghanistan & Pakistan",Upper middle income,11.624,77.524,10588.4433695754,65.9,14.994066353645325,9.267518437194052
DZA,Algeria,2024,"Middle East, North Africa, Afghanistan & Pakistan",Upper middle income,14.306,66.979,15501.9197003966,52.673,21.35893339703489,9.648719146876847
DZA,Algeria,2010,"Middle East, North Africa, Afghanistan & Pakistan",Upper middle income,14.418,71.142,14496.4211312996,56.724,20.266509235051025,9.581657079412897
DZA,Algeria,2013,"Middle East, North Africa, Afghanistan & Pakistan",Upper middle income,15.036,69.345,14778.1914257233,54.309,21.682889898334416,9.600907820690283
DZA,Algeria,2012,"Middle East, North Africa, Afghanistan & Pakistan",Upper middle income,14.821,69.989,14697.5396133853,55.168000000000006,21.176184829044562,9.595435385519268
DZA,Algeria,2019,"Middle East, North Africa, Afghanistan & Pakistan",Upper middle income,14.677,68.544,15199.1989965639,53.867,21.412523342670404,9.62899800785132
DZA,Algeria,2016,"Middle East, North Africa, Afghanistan & Pakistan",Upper middle income,15.031,68.384,15511.6858768094,53.353,21.980287786616753,9.649348946382828
DZA,Algeria,2017,"Middle East, North Africa, Afghanistan & Pakistan",Upper middle income,14.919,68.496,15427.6641894713,53.577,21.780833917309042,9.643917552787839
DZA,Algeria,2018,"Middle East, North Africa, Afghanistan & Pakistan",Upper middle income,14.801,68.549,15343.4261222434,53.748000000000005,21.591854002246567,9.638442395631522
DZA,Algeria,2023,"Middle East, North Africa, Afghanistan & Pakistan",Upper middle income,14.338,67.61,15159.3242373415,53.272,21.20692205295075,9.6263710828296
DZA,Algeria,1992,"Middle East, North Africa, Afghanistan & Pakistan",Upper middle income,11.663,77.436,11241.4154173757,65.77300000000001,15.061470117258121,9.327360042332351
DZA,Algeria,2021,"Middle East, North Africa, Afghanistan & Pakistan",Upper middle income,13.433,62.395,14496.8654697299,48.962,21.528968667361166,9.581687730538205
DZA,Algeria,2022,"Middle East, North Africa, Afghanistan & Pakistan",Upper middle income,14.331,68.157,14782.2002970247,53.82599999999999,21.026453629121,9.601179053315587
DZA,Algeria,2007,"Middle East, North Africa, Afghanistan & Pakistan",Upper middle income,13.528,71.355,14114.6745192683,57.827000000000005,18.958727489313993,9.554970281212958
DZA,Algeria,2009,"Middle East, North Africa, Afghanistan & Pakistan",Upper middle income,14.234,70.652,14104.42817214,56.418,20.146634207099588,9.554244081823088
DZA,Algeria,2011,"Middle East, North Africa, Afghanistan & Pakistan",Upper middle income,14.614,70.593,14641.9640935685,55.979,20.701769297239103,9.591646937913492
DZA,Algeria,2008,"Middle East, North Africa, Afghanistan & Pakistan",Upper middle income,13.865,70.979,14206.7767147039,57.114,19.533946660279803,9.561474363179547
DZA,Algeria,2020,"Middle East, North Africa, Afghanistan & Pakistan",Upper middle income,13.206,61.839,14194.1557479619,48.632999999999996,21.355455295202056,9.560585591827454
AGO,Angola,2004,Sub-Saharan Africa,Lower middle income,75.597,79.081,8079.52613328266,3.484000000000009,95.59439056157609,8.997088502924388
AGO,Angola,2003,Sub-Saharan Africa,Lower middle income,75.574,79.146,7516.81391491319,3.5720000000000027,95.4868218229601,8.924897645638007
AGO,Angola,2015,Sub-Saharan Africa,Lower middle income,73.933,78.556,11389.7609549481,4.6229999999999905,94.11502622333114,9.340470068946901
AGO,Angola,2001,Sub-Saharan Africa,Lower middle income,75.522,79.287,6846.79269543978,3.7650000000000006,95.25142835521586,8.831535601963397
AGO,Angola,1991,Sub-Saharan Africa,Lower middle income,75.555,79.15,8170.24939362119,3.594999999999999,95.45799115603285,9.008254712923183
AGO,Angola,2002,Sub-Saharan Africa,Lower middle income,75.548,79.217,7521.73598754911,3.668999999999997,95.36841839504147,8.925552239710388
AGO,Angola,2012,Sub-Saharan Africa,Lower middle income,74.633,79.569,11516.8133246588,4.936000000000007,93.7965790697382,9.351563274859835
AGO,Angola,1990,Sub-Saharan Africa,Lower middle income,75.604,79.015,8366.41271626349,3.4110000000000014,95.68309814592166,9.031980483353285
AGO,Angola,1997,Sub-Saharan Africa,Lower middle income,75.434,79.513,6808.33628106109,4.079000000000008,94.87002125438606,8.825903064018789
AGO,Angola,1992,Sub-Saharan Africa,Lower middle income,75.511,79.275,7445.43836708148,3.76400000000001,95.25197098707031,8.91535682412097
AGO,Angola,2013,Sub-Saharan Africa,Lower middle income,74.4,79.235,11622.978345524,4.834999999999994,93.89789865589702,9.360739309570821
AGO,Angola,1999,Sub-Saharan Africa,Lower middle income,75.471,79.416,6815.17530603212,3.944999999999993,95.03248715624056,8.826907067355492
AGO,Angola,2000,Sub-Saharan Africa,Lower middle income,75.495,79.355,6794.53021072097,3.8599999999999994,95.13578224434504,8.823873186700062
AGO,Angola,1998,Sub-Saharan Africa,Lower middle income,75.451,79.466,6893.12265289502,4.015000000000001,94.94752472755644,8.838279476560945
AGO,Angola,2005,Sub-Saharan Africa,Lower middle income,75.615,79.031,8892.92106099154,3.416000000000011,95.67764548088724,9.093010852827188
AGO,Angola,2006,Sub-Saharan Africa,Lower middle income,75.626,78.995,9586.17542123825,3.3689999999999998,95.7351731122223,9.1680772792849
AGO,Angola,2007,Sub-Saharan Africa,Lower middle income,75.633,78.973,10434.7087224445,3.3400000000000034,95.77070644397452,9.252892905604174
AGO,Angola,2016,Sub-Saharan Africa,Lower middle income,73.697,78.212,10963.9967887173,4.515000000000001,94.2272285582775,9.302372164529283
AGO,Angola,1993,Sub-Saharan Africa,Lower middle income,75.473,79.39,5481.76386792194,3.9170000000000016,95.06612923542008,8.609182201860214
AGO,Angola,1994,Sub-Saharan Africa,Lower middle income,75.442,79.491,5377.99034967929,4.049000000000007,94.90634159841994,8.590070042420225
AGO,Angola,1995,Sub-Saharan Africa,Lower middle income,75.426,79.539,5981.53257569901,4.1129999999999995,94.8289518349489,8.696432097671362
AGO,Angola,1996,Sub-Saharan Africa,Lower middle income,75.425,79.54,6565.86479361918,4.115000000000009,94.82650238873521,8.789639505954788
AGO,Angola,2023,Sub-Saharan Africa,Lower middle income,72.318,77.588,8597.53878787554,5.269999999999996,93.20771253286591,9.059231253825821
AGO,Angola,2024,Sub-Saharan Africa,Lower middle income,72.359,77.522,8752.7974709833,5.163000000000011,93.33995510951728,9.077128639224519
AGO,Angola,2014,Sub-Saharan Africa,Lower middle income,74.167,78.897,11718.4286832376,4.730000000000004,94.0048417557068,9.368917982746522
AGO,Angola,2019,Sub-Saharan Africa,Lower middle income,72.985,77.156,9712.97944927269,4.1710000000000065,94.59406915858779,9.181218357604013
AGO,Angola,2008,Sub-Saharan Africa,Lower middle income,75.633,78.969,11131.6310145389,3.3359999999999985,95.77555749724576,9.317545975720117
AGO,Angola,2017,Sub-Saharan Africa,Lower middle income,73.461,77.863,10565.1676483607,4.402000000000001,94.34648035652363,9.2653177982026
AGO,Angola,2018,Sub-Saharan Africa,Lower middle income,73.224,77.511,10154.8389228005,4.286999999999992,94.46917211750592,9.225705612027582
AGO,Angola,2011,Sub-Saharan Africa,Lower middle income,74.865,79.899,11034.5919687814,5.034000000000006,93.69954567641648,9.308790341911273
AGO,Angola,2022,Sub-Saharan Africa,Lower middle income,74.018,76.535,8750.99363032299,2.516999999999996,96.71130855164304,9.076922530655665
AGO,Angola,2009,Sub-Saharan Africa,Lower middle income,75.627,78.979,10930.2531201205,3.352000000000004,95.75583382924574,9.299289739193423
AGO,Angola,2010,Sub-Saharan Africa,Lower middle income,75.621,78.99,11074.0723813984,3.3689999999999998,95.73490315229776,9.312361833518171
AGO,Angola,2020,Sub-Saharan Africa,Lower middle income,71.342,75.392,8904.94900580168,4.049999999999997,94.62807724957555,9.094362469239279
AGO,Angola,2021,Sub-Saharan Africa,Lower middle income,74.695,78.13,8720.18768742123,3.4350000000000023,95.60348137719186,9.07339604045823
ARG,Argentina,2022,Latin America & Caribbean,Upper middle income,51.868,71.453,27825.0273492567,19.585,72.59037409206051,10.23369115904557
ARG,Argentina,2021,Latin America & Caribbean,Upper middle income,50.26,70.836,26300.274261175,20.576,70.9526229600768,10.177334646293042
ARG,Argentina,2007,Latin America & Caribbean,Upper middle income,48.901,73.99,26850.6645932771,25.08899999999999,66.09136369779701,10.198045851708043
ARG,Argentina,2018,Latin America & Caribbean,Upper middle income,49.146,70.466,27367.115094108,21.319999999999993,69.74427383418954,10.217097392537358
ARG,Argentina,1991,Latin America & Caribbean,Upper middle income,44.64,76.281,18295.6091996812,31.641000000000005,58.52047036614621,9.814416375596988
ARG,Argentina,1998,Latin America & Caribbean,Upper middle income,51.287,75.596,23783.101718544902,24.309000000000005,67.84353669506322,10.076730595655953
ARG,Argentina,1995,Latin America & Caribbean,Upper middle income,48.503,75.322,20819.4999479903,26.819000000000003,64.39420089748015,9.943645324012625
ARG,Argentina,1996,Latin America & Caribbean,Upper middle income,49.453,75.315,21695.5949515372,25.861999999999995,65.66155480316007,9.98486452129673
ARG,Argentina,1997,Latin America & Caribbean,Upper middle income,50.698,75.593,23172.1583398342,24.895000000000003,67.06705647348299,10.050706765433036
ARG,Argentina,2014,Latin America & Caribbean,Upper middle income,47.417,72.007,28200.8152571318,24.590000000000003,65.85054230838668,10.247106166335692
ARG,Argentina,2015,Latin America & Caribbean,Upper middle income,47.498,71.478,28669.2061336796,23.979999999999997,66.45121575869499,10.263578868702613
ARG,Argentina,1992,Latin America & Caribbean,Upper middle income,46.08,76.286,19476.2840606477,30.206000000000003,60.40426814880843,9.876952802359902
ARG,Argentina,1990,Latin America & Caribbean,Upper middle income,43.117,76.099,17007.2844317191,32.982000000000006,56.659088818512714,9.741397027243643
ARG,Argentina,1994,Latin America & Caribbean,Upper middle income,48.662,76.19,21711.842788091,27.528,63.86927418296364,9.985613141264123
ARG,Argentina,2019,Latin America & Caribbean,Upper middle income,50,70.981,26629.5529419501,20.980999999999995,70.44138572293994,10.189776890907021
ARG,Argentina,2008,Latin America & Caribbean,Upper middle income,48.064,73.448,27658.4853446831,25.383999999999993,65.43949460843046,10.227687843946534
ARG,Argentina,1993,Latin America & Caribbean,Upper middle income,47.546,76.326,20791.3451479504,28.779999999999994,62.29332075570579,9.942292080440112
ARG,Argentina,2010,Latin America & Caribbean,Upper middle income,47.689,73.314,28056.2570212342,25.624999999999993,65.04760345909378,10.24196695278583
ARG,Argentina,2011,Latin America & Caribbean,Upper middle income,47.947,73.981,29425.7593876084,26.033999999999992,64.80988361876699,10.28962573936075
ARG,Argentina,2012,Latin America & Caribbean,Upper middle income,48.055,73.258,28825.9666865361,25.202999999999996,65.59693139315843,10.269031880968202
ARG,Argentina,2009,Latin America & Caribbean,Upper middle income,48.789,73.392,25747.1976809995,24.602999999999994,66.47727272727273,10.156081072247344
ARG,Argentina,2013,Latin America & Caribbean,Upper middle income,47.642,72.851,29227.6601818437,25.208999999999996,65.39649421421807,10.282870806384087
ARG,Argentina,2001,Latin America & Caribbean,Upper middle income,49.755,74.251,21066.4581290433,24.496000000000002,67.00919852931273,9.955437392480027
ARG,Argentina,2002,Latin America & Caribbean,Upper middle income,47.938,73.078,18571.7020471274,25.14,65.59840170776431,9.829394305888538
ARG,Argentina,2016,Latin America & Caribbean,Upper middle income,47.582,70.948,27802.1057201498,23.365999999999993,67.0660201837966,10.232867042139326
ARG,Argentina,2017,Latin America & Caribbean,Upper middle income,47.666,70.414,28334.904184742,22.748000000000005,67.69392450364984,10.251849687081927
ARG,Argentina,2005,Latin America & Caribbean,Upper middle income,49.098,74.628,23262.4075792816,25.53,65.79031998713619,10.054593927993945
ARG,Argentina,2006,Latin America & Caribbean,Upper middle income,49.738,74.522,24877.2493922296,24.784000000000006,66.74270685166796,10.12170898576677
ARG,Argentina,2020,Latin America & Caribbean,Upper middle income,46.486,65.925,23877.0931404855,19.439,70.51346226772847,10.080674832311747
ARG,Argentina,1999,Latin America & Caribbean,Upper middle income,50.751,75.044,22714.5111302701,24.293,67.6283247161665,10.030759256071969
ARG,Argentina,2023,Latin America & Caribbean,Upper middle income,52.958,71.944,27230.3968496682,18.986000000000004,73.6100300233515,10.212089159548686
ARG,Argentina,2024,Latin America & Caribbean,Upper middle income,52.281,71.769,26771.9657650571,19.488000000000007,72.84621493959787,10.195110565460455
ARG,Argentina,2003,Latin America & Caribbean,Upper middle income,48.936,73.843,20005.1385113465,24.907000000000004,66.27033029535636,9.903744445103731
ARG,Argentina,2000,Latin America & Caribbean,Upper middle income,50.537,74.795,22281.3814299958,24.258000000000003,67.56735075874055,10.011506695260747
ARG,Argentina,2004,Latin America & Caribbean,Upper middle income,49.963,74.612,21591.449396517,24.648999999999994,66.96375918082883,9.980052654026137
ARM,Armenia,1990,Europe & Central Asia,Upper middle income,57.601,75.384,6137.60045786761,17.783,76.41011355194736,8.722189139849494
ARM,Armenia,1995,Europe & Central Asia,Upper middle income,55.715,73.421,3480.7559365251,17.706000000000003,75.88428378801704,8.155004772318387
ARM,Armenia,1996,Europe & Central Asia,Upper middle income,55.239,72.833,3717.33576522762,17.594,75.84336770420002,8.220762498535969
ARM,Armenia,2024,Europe & Central Asia,Upper middle income,51.586,70.048,20078.7848984844,18.462000000000003,73.6437871174052,9.907419058950993
ARM,Armenia,2022,Europe & Central Asia,Upper middle income,50.24,69.335,17886.1783877168,19.09499999999999,72.45979663950386,9.791783536451202
ARM,Armenia,1999,Europe & Central Asia,Upper middle income,54.477,71.561,4406.96706718618,17.08400000000001,76.12666117019046,8.390941991972264
ARM,Armenia,2010,Europe & Central Asia,Upper middle income,54.4,71.417,10438.5641904169,17.017000000000003,76.17233991906689,9.253262322325007
ARM,Armenia,2000,Europe & Central Asia,Upper middle income,54.459,71.355,4589.00825039977,16.896,76.32121084717258,8.431419212257627
ARM,Armenia,2001,Europe & Central Asia,Upper middle income,54.317,71.067,5044.11647826468,16.749999999999993,76.43069216373283,8.525977789257652
ARM,Armenia,2002,Europe & Central Asia,Upper middle income,54.029,70.671,5731.35346609213,16.642000000000003,76.45144401522548,8.653706988813186
ARM,Armenia,2003,Europe & Central Asia,Upper middle income,53.753,70.313,6569.26023440631,16.560000000000002,76.44816747969791,8.790156507636237
ARM,Armenia,1991,Europe & Central Asia,Upper middle income,57.536,75.263,5326.75285558236,17.727000000000004,76.44659394390338,8.580497111168752
ARM,Armenia,1992,Europe & Central Asia,Upper middle income,57.275,74.977,3136.72428260526,17.702000000000005,76.39009296184163,8.050934312267142
ARM,Armenia,1993,Europe & Central Asia,Upper middle income,56.808,74.524,2958.88037185647,17.716,76.22779238902903,7.992566223011297
ARM,Armenia,1994,Europe & Central Asia,Upper middle income,56.26,73.991,3200.89649468569,17.731,76.03627468205593,8.071186204141126
ARM,Armenia,2019,Europe & Central Asia,Upper middle income,50.799,68.643,16215.3607965094,17.844,74.00463266465627,9.693714269280761
ARM,Armenia,2020,Europe & Central Asia,Upper middle income,54.317,69.839,15052.9359791136,15.521999999999998,77.77459585618351,9.619328332819745
ARM,Armenia,1997,Europe & Central Asia,Upper middle income,54.822,72.269,3879.17938009678,17.447000000000003,75.85825180921279,8.263378910272989
ARM,Armenia,1998,Europe & Central Asia,Upper middle income,54.56,71.843,4211.51276778797,17.283,75.94337652937656,8.345577189399398
ARM,Armenia,2008,Europe & Central Asia,Upper middle income,52.96,69.672,11727.4821272949,16.711999999999996,76.01331955448387,9.36969026620187
ARM,Armenia,2011,Europe & Central Asia,Upper middle income,54.222,71.355,10990.177099035,17.133000000000003,75.98906874080302,9.304757161829704
ARM,Armenia,2012,Europe & Central Asia,Upper middle income,53.928,71.131,11796.2741177994,17.203000000000003,75.81504547946746,9.375539007864504
ARM,Armenia,2013,Europe & Central Asia,Upper middle income,53.878,71.171,12194.0189523843,17.293000000000006,75.70218206853914,9.408700860705055
ARM,Armenia,2014,Europe & Central Asia,Upper middle income,53.835,71.196,12667.375733024899,17.360999999999997,75.61520310129784,9.44678512739667
ARM,Armenia,2015,Europe & Central Asia,Upper middle income,53.826,71.229,13112.7600902915,17.403,75.56753569473108,9.481341087801754
ARM,Armenia,2016,Europe & Central Asia,Upper middle income,53.881,71.392,13192.9940731731,17.510999999999996,75.4720416853429,9.487441215643404
ARM,Armenia,2017,Europe & Central Asia,Upper middle income,53.766,71.123,14243.8749003795,17.357000000000006,75.59579882738355,9.564082261740419
ARM,Armenia,2018,Europe & Central Asia,Upper middle income,53.631,70.955,15037.0452420712,17.323999999999998,75.5845254034247,9.618272118234373
ARM,Armenia,2004,Europe & Central Asia,Upper middle income,53.518,70.029,7299.40001858866,16.510999999999996,76.42262491253624,8.895547434524332
ARM,Armenia,2005,Europe & Central Asia,Upper middle income,53.338,69.833,8362.90084037119,16.494999999999997,76.37936219265964,9.031560636366498
ARM,Armenia,2021,Europe & Central Asia,Upper middle income,55.118,70.351,15921.705281964,15.232999999999997,78.34714502992139,9.675438569363154
ARM,Armenia,2007,Europe & Central Asia,Upper middle income,53.273,69.871,10898.8483795634,16.597999999999992,76.24479397747278,9.296412409384473
ARM,Armenia,2023,Europe & Central Asia,Upper middle income,51.517,70.32,19402.7510915578,18.80299999999999,73.26080773606371,9.873170143840682
ARM,Armenia,2009,Europe & Central Asia,Upper middle income,54.373,71.239,10143.2350796867,16.866000000000007,76.32476592877497,9.224562267651514
ARM,Armenia,2006,Europe & Central Asia,Upper middle income,53.243,69.763,9525.23146779778,16.520000000000003,76.31982569556928,9.161699500780767
AUS,Australia,2007,East Asia & Pacific,High income,58.135,72.61,51663.2403953881,14.475000000000001,80.06472937611899,10.85250179010637
AUS,Australia,1991,East Asia & Pacific,High income,52.038,74.786,35670.6678637309,22.748000000000005,69.58254218704035,10.482084001579139
AUS,Australia,2006,East Asia & Pacific,High income,57.582,72.33,50693.7248649798,14.747999999999998,79.61012028204065,10.833557411997642
AUS,Australia,1999,East Asia & Pacific,High income,53.727,72.376,43899.073794405,18.649000000000008,74.233171216978,10.68964850076336
AUS,Australia,1996,East Asia & Pacific,High income,53.859,73.707,39663.1617728168,19.847999999999992,73.07175709227076,10.588178120853216
AUS,Australia,1997,East Asia & Pacific,High income,53.66,73.135,40773.5660516518,19.47500000000001,73.37116291789157,10.615789259529365
AUS,Australia,2000,East Asia & Pacific,High income,54.618,72.224,45099.0752097084,17.606,75.62306158617635,10.71661701995256
AUS,Australia,2001,East Asia & Pacific,High income,55.158,72,45428.2000837579,16.842,76.60833333333333,10.723888338416689
AUS,Australia,2002,East Asia & Pacific,High income,55.355,71.923,46688.3947760633,16.568000000000005,76.9642534377042,10.751250906908407
AUS,Australia,2003,East Asia & Pacific,High income,56.013,71.662,47581.2285345879,15.649000000000008,78.1627640869638,10.770193603922682
AUS,Australia,2004,East Asia & Pacific,High income,55.774,71.623,49061.2761503925,15.849000000000004,77.8716334138475,10.800825329508264
AUS,Australia,1992,East Asia & Pacific,High income,51.996,74.271,35426.2848289008,22.275,70.00848244940825,10.475209332889202
AUS,Australia,1993,East Asia & Pacific,High income,51.77,73.693,36533.1468283451,21.922999999999995,70.25090578480996,10.505975259751365
AUS,Australia,1994,East Asia & Pacific,High income,52.67,73.75,37622.6524772939,21.08,71.41694915254237,10.535361607474613
AUS,Australia,1995,East Asia & Pacific,High income,53.675,73.943,38653.3366778657,20.268,72.58969746967259,10.562388380893841
AUS,Australia,2009,East Asia & Pacific,High income,58.792,72.369,52407.9115378584,13.576999999999998,81.2392046318175,10.866812842459181
AUS,Australia,1998,East Asia & Pacific,High income,53.721,72.827,42257.1718122395,19.106,73.76522443599214,10.651529365415177
AUS,Australia,2022,East Asia & Pacific,High income,62.524,71.394,60029.1329190733,8.870000000000005,87.57598677760036,11.002585272014857
AUS,Australia,2023,East Asia & Pacific,High income,62.576,71.612,60684.9596204883,9.035999999999994,87.38200301625426,11.013451164144975
AUS,Australia,2011,East Asia & Pacific,High income,58.931,72.254,53257.0473237603,13.323000000000008,81.56088244249452,10.882885418923138
AUS,Australia,2012,East Asia & Pacific,High income,58.833,71.813,54403.8836902433,12.980000000000004,81.92527815298065,10.904190821660558
AUS,Australia,2013,East Asia & Pacific,High income,58.739,71.471,54895.0052588984,12.732000000000006,82.18578164570245,10.913177644468051
AUS,Australia,2014,East Asia & Pacific,High income,58.704,71.038,55489.068844146,12.333999999999996,82.63746164024889,10.923941322572663
AUS,Australia,2015,East Asia & Pacific,High income,59.151,71.176,55879.9958817103,12.024999999999999,83.10526020006745,10.930961739672082
AUS,Australia,2005,East Asia & Pacific,High income,57.048,72.196,49997.0664953941,15.147999999999996,79.01822815668459,10.819719612597009
AUS,Australia,2016,East Asia & Pacific,High income,59.381,70.698,56529.951824687,11.316999999999993,83.99247503465446,10.942525897461065
AUS,Australia,2017,East Asia & Pacific,High income,59.877,70.791,56881.8569859104,10.913999999999994,84.5827859473662,10.948731711375824
AUS,Australia,2008,East Asia & Pacific,High income,58.603,72.7,52473.3819160773,14.097000000000001,80.60935350756534,10.868061308883778
AUS,Australia,2019,East Asia & Pacific,High income,61.031,71.308,58048.6188420831,10.277000000000008,85.58787232849048,10.969036194286282
AUS,Australia,2010,East Asia & Pacific,High income,58.676,72.442,52739.2681556133,13.765999999999991,80.99721156235334,10.873115583353155
AUS,Australia,2021,East Asia & Pacific,High income,61.516,70.927,58327.4146842325,9.411000000000008,86.73142808803416,10.973827496533854
AUS,Australia,2024,East Asia & Pacific,High income,62.647,70.918,60309.5831772339,8.271000000000008,88.33723455258185,11.007246295083625
AUS,Australia,2020,East Asia & Pacific,High income,60.136,70.078,57260.4650530108,9.942,85.81295128285625,10.955365700397168
AUS,Australia,1990,East Asia & Pacific,High income,52.307,75.728,36267.7410592234,23.420999999999992,69.07220578914009,10.498683949091827
AUS,Australia,2018,East Asia & Pacific,High income,60.628,71.144,57647.8455068105,10.516000000000005,85.21871134600246,10.962108153044138
AUT,Austria,2002,Europe & Central Asia,High income,50.127,67.995,54565.0004227482,17.868000000000002,73.72159717626296,10.907147938294798
AUT,Austria,1990,Europe & Central Asia,High income,43.096,69.756,43258.1144095785,26.660000000000004,61.78106542806353,10.674940111168707
AUT,Austria,1992,Europe & Central Asia,High income,45.051,70.144,44734.7911157679,25.093000000000004,64.2264484489051,10.708506802601574
AUT,Austria,1993,Europe & Central Asia,High income,45.647,69.962,44601.1442274518,24.315000000000005,65.24541894171121,10.705514793003095
AUT,Austria,1991,Europe & Central Asia,High income,43.647,69.961,44302.3593080223,26.314,62.38761595746202,10.698793212132529
AUT,Austria,2012,Europe & Central Asia,High income,54.446,66.365,61376.6345930428,11.918999999999997,82.04023205002638,11.024784497622708
AUT,Austria,1998,Europe & Central Asia,High income,48.82,68.924,50216.6282284105,20.104000000000006,70.83164064766989,10.824101490441864
AUT,Austria,2011,Europe & Central Asia,High income,53.942,66.3,61272.1724662899,12.357999999999997,81.3604826546003,11.023081062350611
AUT,Austria,2001,Europe & Central Asia,High income,48.861,67.734,54032.075746659,18.872999999999998,72.13659314376827,10.897333144509528
AUT,Austria,2000,Europe & Central Asia,High income,48.991,68.746,53534.2669894259,19.754999999999995,71.26378262007972,10.888077232323903
AUT,Austria,2016,Europe & Central Asia,High income,55.349,66.318,61572.6257402404,10.969000000000001,83.45999577791852,11.027972663418538
AUT,Austria,2003,Europe & Central Asia,High income,50.232,67.936,54919.7101911513,17.704000000000008,73.94017899199245,10.91362758294066
AUT,Austria,2004,Europe & Central Asia,High income,50.059,65.847,55980.1531665622,15.787999999999997,76.02320530927757,10.93275249916006
AUT,Austria,2005,Europe & Central Asia,High income,50.866,65.83,56890.1996184204,14.963999999999999,77.26872246696036,10.94887836658755
AUT,Austria,2006,Europe & Central Asia,High income,51.541,66.123,58460.1550504163,14.582000000000008,77.94715908231628,10.97610069090969
AUT,Austria,2007,Europe & Central Asia,High income,52.379,67,60470.825141587,14.621000000000002,78.1776119402985,11.009916298644427
AUT,Austria,1994,Europe & Central Asia,High income,48.112,70.367,45497.074754296,22.255000000000003,68.37295891540069,10.725403311757907
AUT,Austria,1995,Europe & Central Asia,High income,48.714,70.084,46639.4667421613,21.370000000000005,69.50801894869014,10.750202387471903
AUT,Austria,1996,Europe & Central Asia,High income,48.267,69.532,47608.5642962955,21.264999999999993,69.41695909796928,10.770767946226536
AUT,Austria,1997,Europe & Central Asia,High income,48.253,68.896,48575.090714407,20.643,70.03744774732931,10.790866141756135
AUT,Austria,2013,Europe & Central Asia,High income,54.711,66.388,60862.9693673785,11.677000000000007,82.41097788757004,11.016380212391859
AUT,Austria,1999,Europe & Central Asia,High income,48.998,69.07,52004.459782806,20.071999999999996,70.93962646590415,10.859084758939915
AUT,Austria,2015,Europe & Central Asia,High income,54.827,65.928,60951.6037273662,11.100999999999999,83.16193423128261,11.01783544674318
AUT,Austria,2020,Europe & Central Asia,High income,55.224,65.75,60276.3307697326,10.526000000000003,83.99087452471483,11.006694781108969
AUT,Austria,2017,Europe & Central Asia,High income,55.351,66.244,62535.8105711345,10.893,83.55624660346598,11.043494640778501
AUT,Austria,2018,Europe & Central Asia,High income,55.426,66.682,63777.9362157476,11.256,83.11988242704177,11.063162582181437
AUT,Austria,2019,Europe & Central Asia,High income,55.514,66.544,64609.2836396895,11.029999999999994,83.42450108199088,11.076113389038175
AUT,Austria,2010,Europe & Central Asia,High income,53.648,66.556,59730.4673903053,12.907999999999994,80.60580563735802,10.997597510746887
AUT,Austria,2021,Europe & Central Asia,High income,55.35,66.164,62968.8538770186,10.814,83.655764464059,11.050395500221683
AUT,Austria,2008,Europe & Central Asia,High income,52.872,66.95,61157.9014974191,14.078000000000003,78.97236743838685,11.021214347770544
AUT,Austria,2009,Europe & Central Asia,High income,53.539,66.772,58810.3596828696,13.233000000000004,80.18181273587732,10.982073303450766
AUT,Austria,2023,Europe & Central Asia,High income,55.812,66.13,64536.2076307547,10.317999999999998,84.39739906245275,11.074981703897409
AUT,Austria,2024,Europe & Central Asia,High income,55.408,65.842,63787.9891749462,10.433999999999997,84.15297226694207,11.06332019416424
AUT,Austria,2014,Europe & Central Asia,High income,54.763,65.921,60845.5743980711,11.158000000000008,83.07367910074178,11.016094366075935
AUT,Austria,2022,Europe & Central Asia,High income,55.688,66.325,65694.4591501468,10.637,83.96230682246514,11.09276986530205
AZE,Azerbaijan,2006,Europe & Central Asia,Upper middle income,61.162,68.987,13371.6585214534,7.824999999999996,88.65728325626567,9.500892710379743
AZE,Azerbaijan,1993,Europe & Central Asia,Upper middle income,69.968,81.796,6097.48622316834,11.828000000000003,85.53963518998484,8.715631870664536
AZE,Azerbaijan,1995,Europe & Central Asia,Upper middle income,75.155,86.626,4211.72114349636,11.471000000000004,86.75801722346638,8.345626665814423
AZE,Azerbaijan,1996,Europe & Central Asia,Upper middle income,75.293,86.541,4223.5229711304,11.24799999999999,87.0026923654684,8.348424886037666
AZE,Azerbaijan,1997,Europe & Central Asia,Upper middle income,74.902,85.84,4425.5882352872,10.938000000000002,87.25768872320596,8.3951584831352
AZE,Azerbaijan,1994,Europe & Central Asia,Upper middle income,73.087,84.817,4830.69940287626,11.72999999999999,86.1702253086056,8.482746540071673
AZE,Azerbaijan,1999,Europe & Central Asia,Upper middle income,73.434,83.639,5133.74812032569,10.204999999999998,87.79875416970552,8.543591299130101
AZE,Azerbaijan,2000,Europe & Central Asia,Upper middle income,72.205,82.192,5656.92989378687,9.986999999999995,87.84918240218028,8.640636602440992
AZE,Azerbaijan,2001,Europe & Central Asia,Upper middle income,70.283,79.639,6168.98512059749,9.355999999999995,88.25198709175154,8.727289617243281
AZE,Azerbaijan,1998,Europe & Central Asia,Upper middle income,74.02,84.602,4822.1601856452,10.582000000000008,87.49202146521358,8.480977277941571
AZE,Azerbaijan,2015,Europe & Central Asia,Upper middle income,61.096,66.304,20678.7539572375,5.2080000000000055,92.14527027027026,9.936862073288554
AZE,Azerbaijan,2005,Europe & Central Asia,Upper middle income,62.978,70.652,10054.1003389401,7.6739999999999995,89.13831172507501,9.21573582420472
AZE,Azerbaijan,2016,Europe & Central Asia,Upper middle income,62.043,67.59,19822.4105943941,5.547000000000004,91.79316466932977,9.894568424827092
AZE,Azerbaijan,2017,Europe & Central Asia,Upper middle income,62.213,68.185,19659.0048562768,5.972000000000001,91.24147539781477,9.886290774733203
AZE,Azerbaijan,2018,Europe & Central Asia,Upper middle income,62.63,68.45,19781.8509058437,5.82,91.49744338933527,9.8925201754118
AZE,Azerbaijan,2019,Europe & Central Asia,Upper middle income,62.441,68.278,20101.491875147,5.837000000000003,91.45112627786402,9.908549313936932
AZE,Azerbaijan,2007,Europe & Central Asia,Upper middle income,56.405,67.964,16587.3657240228,11.558999999999997,82.99246659996469,9.716396583597769
AZE,Azerbaijan,2008,Europe & Central Asia,Upper middle income,56.428,65.856,17963.0208126838,9.427999999999997,85.68391642371235,9.796070524410029
AZE,Azerbaijan,2009,Europe & Central Asia,Upper middle income,58.092,64.285,19242.3900077231,6.192999999999998,90.36633740374893,9.864870937280564
AZE,Azerbaijan,2010,Europe & Central Asia,Upper middle income,59.793,62.086,19925.3900662137,2.2929999999999993,96.30673581805883,9.899750080190191
AZE,Azerbaijan,2011,Europe & Central Asia,Upper middle income,59.434,63.19,19358.0778100345,3.7560000000000002,94.05602152239278,9.870865069229549
AZE,Azerbaijan,2012,Europe & Central Asia,Upper middle income,59.237,64.278,19523.3737161356,5.041000000000004,92.15750334484582,9.879367678851462
AZE,Azerbaijan,2002,Europe & Central Asia,Upper middle income,68.823,76.743,6701.08174444207,7.920000000000002,89.67984050662601,8.810024246741039
AZE,Azerbaijan,2003,Europe & Central Asia,Upper middle income,66.626,75.07,7329.40601818943,8.443999999999988,88.7518316238178,8.899649757243816
AZE,Azerbaijan,2004,Europe & Central Asia,Upper middle income,64.222,72.305,7937.8594791002,8.083000000000013,88.8209667381232,8.979398930880981
AZE,Azerbaijan,1990,Europe & Central Asia,Upper middle income,64.26,75.493,10776.0677018086,11.23299999999999,85.12047474600296,9.285083000717885
AZE,Azerbaijan,1991,Europe & Central Asia,Upper middle income,64.489,75.658,10559.2119361527,11.168999999999997,85.23751619128183,9.264753927217233
AZE,Azerbaijan,1992,Europe & Central Asia,Upper middle income,66.843,78.479,8050.21624195194,11.635999999999996,85.17310363281898,8.993454232406101
AZE,Azerbaijan,2024,Europe & Central Asia,Upper middle income,61.35,66.664,22090.5298026929,5.314,92.02868114724589,10.002904279951494
AZE,Azerbaijan,2021,Europe & Central Asia,Upper middle income,61.174,66.456,20111.3756952109,5.282000000000004,92.0518839532924,9.90904088894066
AZE,Azerbaijan,2022,Europe & Central Asia,Upper middle income,62.165,67.616,21051.2442291612,5.4510000000000005,91.93829862754377,9.954714945637393
AZE,Azerbaijan,2023,Europe & Central Asia,Upper middle income,61.748,67.164,21310.7386915022,5.416000000000004,91.9361562741945,9.966966388569878
AZE,Azerbaijan,2014,Europe & Central Asia,Upper middle income,60.244,65.621,20709.201611232,5.376999999999995,91.80597674524924,9.938333402764439
AZE,Azerbaijan,2013,Europe & Central Asia,Upper middle income,59.364,64.777,20398.6462250349,5.413000000000004,91.64363894592216,9.923223816112388
AZE,Azerbaijan,2020,Europe & Central Asia,Upper middle income,64.382,70.328,19126.096851126,5.945999999999998,91.54533045159823,9.858809008743053
BHS,"Bahamas, The",1990,Latin America & Caribbean,High income,64.326,79.277,33072.1596125382,14.951000000000008,81.1408100710168,10.406447108123565
BHS,"Bahamas, The",1991,Latin America & Caribbean,High income,64.788,79.855,31148.9052622825,15.067000000000007,81.13205184396718,10.346534379530054
BHS,"Bahamas, The",2015,Latin America & Caribbean,High income,70.291,77.94,32777.5849410742,7.649000000000001,90.18604054400821,10.397500174814763
BHS,"Bahamas, The",2022,Latin America & Caribbean,High income,70.887,77.796,34342.9285316569,6.909000000000006,91.11908067252814,10.444151411294527
BHS,"Bahamas, The",2012,Latin America & Caribbean,High income,69.764,78.183,33667.5547098911,8.419000000000011,89.23167440492176,10.424289884328925
BHS,"Bahamas, The",2014,Latin America & Caribbean,High income,70.09,77.989,32712.6356664811,7.899000000000001,89.87164856582338,10.395516694066519
BHS,"Bahamas, The",1998,Latin America & Caribbean,High income,67.574,81.167,31836.5264901331,13.593000000000004,83.25304618872201,10.36836954136071
BHS,"Bahamas, The",1999,Latin America & Caribbean,High income,67.853,81.051,33657.804588874,13.198000000000008,83.71642546051251,10.424000242470735
BHS,"Bahamas, The",2013,Latin America & Caribbean,High income,69.915,78.069,32402.9163503108,8.153999999999996,89.5553933059217,10.386003708541752
BHS,"Bahamas, The",2001,Latin America & Caribbean,High income,68.303,80.728,35072.3658990461,12.424999999999997,84.60880983054207,10.465168803049973
BHS,"Bahamas, The",2002,Latin America & Caribbean,High income,68.495,80.524,35610.6786425646,12.028999999999996,85.06159654264567,10.480400833730346
BHS,"Bahamas, The",2003,Latin America & Caribbean,High income,68.668,80.294,34740.7635535381,11.62599999999999,85.52071138565772,10.455669018642164
BHS,"Bahamas, The",2006,Latin America & Caribbean,High income,69.101,79.507,35789.1322131898,10.406000000000006,86.9118442401298,10.485399556838283
BHS,"Bahamas, The",2007,Latin America & Caribbean,High income,69.225,79.238,35797.118972073,10.013000000000005,87.36338625407001,10.485622693510035
BHS,"Bahamas, The",2008,Latin America & Caribbean,High income,69.337,78.981,34498.0351399173,9.643999999999991,87.78946835314824,10.448657648931432
BHS,"Bahamas, The",2009,Latin America & Caribbean,High income,69.433,78.737,32630.263065979,9.303999999999988,88.18344615619088,10.392995451644325
BHS,"Bahamas, The",2010,Latin America & Caribbean,High income,69.521,78.514,32711.4592459383,8.992999999999995,88.5459917976412,10.395480731152718
BHS,"Bahamas, The",2011,Latin America & Caribbean,High income,69.633,78.331,32535.6625139135,8.698000000000008,88.89583945053681,10.390092074835744
BHS,"Bahamas, The",2024,Latin America & Caribbean,High income,70.973,77.393,36244.0500123244,6.420000000000002,91.70467613350044,10.49803050921972
BHS,"Bahamas, The",1997,Latin America & Caribbean,High income,67.244,81.252,30839.0247952491,14.007999999999996,82.75980898931718,10.336536205752171
BHS,"Bahamas, The",2017,Latin America & Caribbean,High income,70.76,77.912,33050.0350128611,7.152000000000001,90.82041277338536,10.405777904669925
BHS,"Bahamas, The",2000,Latin America & Caribbean,High income,68.089,80.904,34597.1621145274,12.814999999999998,84.1602392959557,10.45152693787066
BHS,"Bahamas, The",2019,Latin America & Caribbean,High income,71.252,77.896,33202.4902105068,6.6440000000000055,91.47067885385641,10.41038015843231
BHS,"Bahamas, The",2016,Latin America & Caribbean,High income,70.509,77.909,32172.3365152976,7.400000000000006,90.50173920856383,10.378862247850444
BHS,"Bahamas, The",2021,Latin America & Caribbean,High income,66.863,72.773,31064.6822166194,5.909999999999997,91.87885616918363,10.343826832817896
BHS,"Bahamas, The",2018,Latin America & Caribbean,High income,71.023,77.924,33650.2164350935,6.9010000000000105,91.14393511626712,10.423774767001476
BHS,"Bahamas, The",2023,Latin America & Caribbean,High income,71.014,77.621,35221.2696932313,6.606999999999999,91.48812821272594,10.469405431747681
BHS,"Bahamas, The",2020,Latin America & Caribbean,High income,65.17,71.322,26452.695760929,6.152000000000001,91.37433050110765,10.183113351220795
BHS,"Bahamas, The",1992,Latin America & Caribbean,High income,65.238,80.395,29412.8804985919,15.156999999999996,81.14683748989366,10.289187969580649
BHS,"Bahamas, The",1994,Latin America & Caribbean,High income,66.07,81.344,29346.3604837079,15.274000000000001,81.22295436664044,10.286923813604863
BHS,"Bahamas, The",1996,Latin America & Caribbean,High income,66.883,81.307,30907.8208035756,14.424000000000007,82.25983002693495,10.338764531300663
BHS,"Bahamas, The",1993,Latin America & Caribbean,High income,65.668,80.892,28955.3510589021,15.22399999999999,81.1798447312466,10.273510303879332
BHS,"Bahamas, The",2004,Latin America & Caribbean,High income,68.825,80.042,34617.8051137459,11.216999999999999,85.98610729367083,10.452123427348505
BHS,"Bahamas, The",2005,Latin America & Caribbean,High income,68.965,79.775,35365.4663980219,10.810000000000002,86.44938890629896,10.473491097507598
BHS,"Bahamas, The",1995,Latin America & Caribbean,High income,66.492,81.336,30128.1935557246,14.843999999999994,81.74977869578048,10.313216675322812
BHR,Bahrain,2019,"Middle East, North Africa, Afghanistan & Pakistan",High income,42.516,86.717,56749.9628370612,44.201,49.02844886239146,10.946410280489888
BHR,Bahrain,2017,"Middle East, North Africa, Afghanistan & Pakistan",High income,43.581,87.221,53859.7749589601,43.64,49.96617787000837,10.894139188097672
BHR,Bahrain,2018,"Middle East, North Africa, Afghanistan & Pakistan",High income,43.209,87.075,54893.0724411368,43.866,49.622739018087856,10.913142434492574
BHR,Bahrain,2014,"Middle East, North Africa, Afghanistan & Pakistan",High income,43.095,86.575,55065.8189472129,43.480000000000004,49.77764943690441,10.916284456861337
BHR,Bahrain,1995,"Middle East, North Africa, Afghanistan & Pakistan",High income,31.238,85.685,53537.6828948177,54.447,36.456789403046045,10.88814103811798
BHR,Bahrain,1993,"Middle East, North Africa, Afghanistan & Pakistan",High income,30.226,87.006,54433.1375084971,56.78,34.74013286440015,10.904728392767082
BHR,Bahrain,1991,"Middle East, North Africa, Afghanistan & Pakistan",High income,29.122,87.975,47644.0234716882,58.852999999999994,33.10258596192101,10.771512475647976
BHR,Bahrain,2010,"Middle East, North Africa, Afghanistan & Pakistan",High income,43.59,86.922,50704.8479679819,43.331999999999994,50.14840891834059,10.833776805678164
BHR,Bahrain,1992,"Middle East, North Africa, Afghanistan & Pakistan",High income,29.71,87.692,49511.9474019627,57.98199999999999,33.87994343839804,10.809969281089556
BHR,Bahrain,2013,"Middle East, North Africa, Afghanistan & Pakistan",High income,42.952,86.74,55376.4005147894,43.788,49.51810006917224,10.921908798491078
BHR,Bahrain,1994,"Middle East, North Africa, Afghanistan & Pakistan",High income,30.73,86.312,52886.5789027329,55.581999999999994,35.60339234405413,10.875904878714673
BHR,Bahrain,2003,"Middle East, North Africa, Afghanistan & Pakistan",High income,36.073,81.661,54431.8763559658,45.588,44.17408554879318,10.904705223660928
BHR,Bahrain,2004,"Middle East, North Africa, Afghanistan & Pakistan",High income,36.673,80.896,54045.092888858,44.223,45.33351463607595,10.897574030580587
BHR,Bahrain,2005,"Middle East, North Africa, Afghanistan & Pakistan",High income,37.61,81.375,53478.2662415503,43.765,46.21812596006144,10.887030611871198
BHR,Bahrain,1990,"Middle East, North Africa, Afghanistan & Pakistan",High income,29.681,88.063,41856.54450772,58.382000000000005,33.70427989053291,10.64200344380431
BHR,Bahrain,2007,"Middle East, North Africa, Afghanistan & Pakistan",High income,39.727,83.403,52731.7921672618,43.67600000000001,47.63257916381904,10.872973819568072
BHR,Bahrain,2008,"Middle East, North Africa, Afghanistan & Pakistan",High income,40.943,84.73,52765.3899455546,43.787000000000006,48.32172784137849,10.873610761309184
BHR,Bahrain,1996,"Middle East, North Africa, Afghanistan & Pakistan",High income,31.771,85.172,54289.4380390309,53.400999999999996,37.30216503076129,10.902084975750526
BHR,Bahrain,2006,"Middle East, North Africa, Afghanistan & Pakistan",High income,38.62,82.237,52691.9323366851,43.617,46.96182983328672,10.87221763622009
BHR,Bahrain,2009,"Middle East, North Africa, Afghanistan & Pakistan",High income,42.274,86.07,50665.7507489219,43.79599999999999,49.11583594748461,10.833005433672998
BHR,Bahrain,1998,"Middle East, North Africa, Afghanistan & Pakistan",High income,32.956,84.57,55638.6935860684,51.61399999999999,38.96890150171456,10.926634166000195
BHR,Bahrain,2011,"Middle East, North Africa, Afghanistan & Pakistan",High income,42.579,86.482,53132.3284162611,43.903,49.234522790869775,10.880540843371985
BHR,Bahrain,2012,"Middle East, North Africa, Afghanistan & Pakistan",High income,42.806,86.699,54516.8406594787,43.893,49.37311849040935,10.906264935845979
BHR,Bahrain,2001,"Middle East, North Africa, Afghanistan & Pakistan",High income,34.91,83.972,57280.6986707494,49.062,41.57338160339161,10.95571899902434
BHR,Bahrain,2002,"Middle East, North Africa, Afghanistan & Pakistan",High income,35.493,82.771,55096.6571550779,47.278,42.88096072295853,10.916844324608714
BHR,Bahrain,2015,"Middle East, North Africa, Afghanistan & Pakistan",High income,43.369,86.695,54149.9131524721,43.32599999999999,50.02479958475114,10.899511648595388
BHR,Bahrain,2016,"Middle East, North Africa, Afghanistan & Pakistan",High income,43.543,87.031,54107.0752236423,43.48800000000001,50.0315979363675,10.898720236757532
BHR,Bahrain,2023,"Middle East, North Africa, Afghanistan & Pakistan",High income,42.382,86.165,57819.9051831242,43.78300000000001,49.18702489409853,10.965088375706042
BHR,Bahrain,2020,"Middle East, North Africa, Afghanistan & Pakistan",High income,41.047,84.331,53814.2452592358,43.284000000000006,48.673678718383506,10.893293492871551
BHR,Bahrain,2021,"Middle East, North Africa, Afghanistan & Pakistan",High income,41.196,84.137,54954.6757895532,42.941,48.96300082009104,10.914264047923288
BHR,Bahrain,2022,"Middle East, North Africa, Afghanistan & Pakistan",High income,42.205,85.694,57572.997981018,43.489000000000004,49.25082269470441,10.960808951718148
BHR,Bahrain,2000,"Middle East, North Africa, Afghanistan & Pakistan",High income,34.267,84.499,57968.9956082135,50.23199999999999,40.55314264074132,10.967663588122157
BHR,Bahrain,2024,"Middle East, North Africa, Afghanistan & Pakistan",High income,42.406,86.006,59060.1818363183,43.6,49.3058623816943,10.986312234133646
BHR,Bahrain,1997,"Middle East, North Africa, Afghanistan & Pakistan",High income,32.342,84.796,54512.8551056888,52.45400000000001,38.14095004481343,10.906191826336432
BHR,Bahrain,1999,"Middle East, North Africa, Afghanistan & Pakistan",High income,33.597,84.478,56522.2261899823,50.88099999999999,39.770117663770456,10.942389223672867
BGD,Bangladesh,2022,South Asia,Lower middle income,43.687,81.385,7888.16389098304,37.69800000000001,53.67942495545862,8.97311867332107
BGD,Bangladesh,2019,South Asia,Lower middle income,39.33,80.95,6838.32611608243,41.620000000000005,48.58554663372452,8.830298260796813
BGD,Bangladesh,1992,South Asia,Lower middle income,24.977,87.538,2174.38232866943,62.56099999999999,28.53275149078115,7.684499916372239
BGD,Bangladesh,1993,South Asia,Lower middle income,25.434,87.442,2234.8101219225,62.007999999999996,29.086708904187926,7.711911546804422
BGD,Bangladesh,1994,South Asia,Lower middle income,25.931,87.319,2279.09435302944,61.388000000000005,29.696858644739404,7.731533429454695
BGD,Bangladesh,1995,South Asia,Lower middle income,26.467,87.165,2351.70387946903,60.69800000000001,30.364251706533587,7.76289539950595
BGD,Bangladesh,2020,South Asia,Lower middle income,40.323,80.552,7015.19792797056,40.229000000000006,50.05834740291984,8.855834207102255
BGD,Bangladesh,1997,South Asia,Lower middle income,27.531,86.853,2475.59574602489,59.321999999999996,31.69838692963974,7.814236351502481
BGD,Bangladesh,1998,South Asia,Lower middle income,27.966,86.752,2555.06119218282,58.785999999999994,32.23672076724456,7.845831452324715
BGD,Bangladesh,1999,South Asia,Lower middle income,28.345,86.665,2624.06553797638,58.32000000000001,32.70639819996538,7.8724801261150255
BGD,Bangladesh,1996,South Asia,Lower middle income,27.021,86.994,2413.54298201505,59.973,31.060762811228358,7.788851063939297
BGD,Bangladesh,1990,South Asia,Lower middle income,24.207,87.642,2069.78230100672,63.434999999999995,27.62031902512494,7.635198712133023
BGD,Bangladesh,1991,South Asia,Lower middle income,24.564,87.607,2101.38366035658,63.043,28.038855342609608,7.650351292625596
BGD,Bangladesh,2017,South Asia,Lower middle income,36.676,81.407,6005.70718781048,44.730999999999995,45.05263675113934,8.700465494076488
BGD,Bangladesh,2018,South Asia,Lower middle income,38.056,81.141,6392.59334024091,43.08500000000001,46.90107344006112,8.762895308582543
BGD,Bangladesh,2003,South Asia,Lower middle income,29.055,86.764,2958.91503115633,57.708999999999996,33.48739108385967,7.99257793659634
BGD,Bangladesh,2007,South Asia,Lower middle income,30.797,85.842,3608.91543819399,55.045,35.87637753081243,8.191162573554758
BGD,Bangladesh,2008,South Asia,Lower middle income,32.398,84.677,3787.9382761855,52.279,38.26068471958147,8.23957715960761
BGD,Bangladesh,2009,South Asia,Lower middle income,34.041,83.447,3942.13631207203,49.406000000000006,40.793557587450714,8.279478066534402
BGD,Bangladesh,2010,South Asia,Lower middle income,35.723,82.151,4125.46390163202,46.428,43.484558921985126,8.324933753447219
BGD,Bangladesh,2011,South Asia,Lower middle income,35.021,82.084,4352.42643359325,47.063,42.6648311485795,8.37848876939571
BGD,Bangladesh,2012,South Asia,Lower middle income,34.316,81.995,4592.04840919812,47.679,41.85133239831697,8.432081480016596
BGD,Bangladesh,2013,South Asia,Lower middle income,33.616,81.897,4822.72621378266,48.281000000000006,41.046680586590476,8.481094651669922
BGD,Bangladesh,2014,South Asia,Lower middle income,33.571,81.323,5068.63965672741,47.751999999999995,41.28106439752592,8.530827748300487
BGD,Bangladesh,2015,South Asia,Lower middle income,33.531,80.736,5352.71133299566,47.205000000000005,41.53165873959572,8.585358502728898
BGD,Bangladesh,2016,South Asia,Lower middle income,33.497,80.134,5682.53553494306,46.637,41.801232934834154,8.645152809106717
BGD,Bangladesh,2001,South Asia,Lower middle income,28.878,86.603,2803.55471950946,57.724999999999994,33.345265175571285,7.938643433657343
BGD,Bangladesh,2002,South Asia,Lower middle income,28.98,86.69,2866.43454328715,57.709999999999994,33.429461298881066,7.9608242170230525
BGD,Bangladesh,2006,South Asia,Lower middle income,29.241,86.946,3407.4273502159,57.705,33.63121937754469,8.133712842790475
BGD,Bangladesh,2004,South Asia,Lower middle income,29.123,86.829,3071.83778764611,57.70599999999999,33.54063734466596,8.030031289372793
BGD,Bangladesh,2005,South Asia,Lower middle income,29.194,86.884,3231.61370692891,57.69,33.60112333686294,8.080736891126731
BGD,Bangladesh,2021,South Asia,Lower middle income,42.181,81.332,7441.06913961254,39.150999999999996,51.86273545467959,8.914769819063883
BGD,Bangladesh,2023,South Asia,Lower middle income,41.874,81.307,8242.39798977242,39.433,51.50110076623169,9.017046598742207
BGD,Bangladesh,2024,South Asia,Lower middle income,38.708,80.592,8486.78495660517,41.884,48.029581099861026,9.046265521673547
BGD,Bangladesh,2000,South Asia,Lower middle income,28.671,86.59,2712.93512215725,57.919000000000004,33.11121376602379,7.905786398682339
BRB,Barbados,1997,Latin America & Caribbean,High income,63.033,75.664,19584.4075964016,12.631,83.3064601395644,9.882488997820225
BRB,Barbados,1990,Latin America & Caribbean,High income,60.938,76.829,19195.8871160038,15.890999999999991,79.31640396204558,9.862451322360918
BRB,Barbados,2001,Latin America & Caribbean,High income,63.804,75.744,20782.8432453701,11.939999999999998,84.23637515842839,9.941883081345846
BRB,Barbados,1992,Latin America & Caribbean,High income,60.871,75.197,17284.5196561055,14.326,80.94870806016198,9.757566562331489
BRB,Barbados,1995,Latin America & Caribbean,High income,63.353,76.678,18007.2337725556,13.324999999999996,82.6221341193041,9.798528832400757
BRB,Barbados,1991,Latin America & Caribbean,High income,60.931,76.072,18391.0074040066,15.141000000000005,80.09648753812178,9.819617096087482
BRB,Barbados,2024,Latin America & Caribbean,High income,61.371,68.984,21557.5276350385,7.612999999999992,88.96410761915807,9.978480344747888
BRB,Barbados,2010,Latin America & Caribbean,High income,64.422,73.943,20464.7939658776,9.521,87.12386568032132,9.926461321242186
BRB,Barbados,1998,Latin America & Caribbean,High income,63.249,75.685,20311.199276816,12.436,83.56873885182004,9.918927701418822
BRB,Barbados,1996,Latin America & Caribbean,High income,63.609,74.74,18705.7976314677,11.130999999999993,85.10703773080012,9.836588788560467
BRB,Barbados,2014,Latin America & Caribbean,High income,63.225,69.834,19840.8306179644,6.609000000000002,90.53612853337916,9.895497245787332
BRB,Barbados,2002,Latin America & Caribbean,High income,63.93,75.682,20809.8567218941,11.752000000000002,84.47186913665072,9.943182034303627
BRB,Barbados,2003,Latin America & Caribbean,High income,64.051,75.634,21132.3281963019,11.582999999999998,84.68545892059127,9.95855928893693
BRB,Barbados,2004,Latin America & Caribbean,High income,64.711,76.214,21308.6052569587,11.503,84.9069724722492,9.966866272784527
BRB,Barbados,2005,Latin America & Caribbean,High income,64.689,75.859,22035.3859581035,11.170000000000002,85.27531341040614,10.000404892806987
BRB,Barbados,2006,Latin America & Caribbean,High income,64.675,75.508,23260.8645438811,10.832999999999998,85.65317582242942,10.054527594078438
BRB,Barbados,1993,Latin America & Caribbean,High income,61.48,75.647,17370.8734866422,14.167000000000009,81.27222493952172,9.762550145054401
BRB,Barbados,1994,Latin America & Caribbean,High income,62.085,76.059,17679.9985547176,13.973999999999997,81.62742081804915,9.780189254444888
BRB,Barbados,2023,Latin America & Caribbean,High income,61.146,69.329,20865.0155437147,8.182999999999993,88.19685845749976,9.945829137991334
BRB,Barbados,2009,Latin America & Caribbean,High income,64.545,74.361,22354.8404800399,9.8160000000000025,86.79953201274861,10.014798152880594
BRB,Barbados,2015,Latin America & Caribbean,High income,61.731,69.579,19642.2322500219,7.847999999999992,88.7207347044367,9.885437233801257
BRB,Barbados,2011,Latin America & Caribbean,High income,64.298,73.531,20383.2530917687,9.233000000000004,87.44339122274958,9.922468915813232
BRB,Barbados,1999,Latin America & Caribbean,High income,63.418,75.67,20372.8839348705,12.252000000000002,83.80864279106646,9.921960076758385
BRB,Barbados,2013,Latin America & Caribbean,High income,63.997,73.117,19730.3469740518,9.120000000000005,87.52684054323892,9.889913184977171
BRB,Barbados,2019,Latin America & Caribbean,High income,61.588,68.644,19890.455714094,7.0560000000000045,89.72087873667036,9.897995283304704
BRB,Barbados,2016,Latin America & Caribbean,High income,62.528,70.019,19877.1120083968,7.491000000000007,89.30147531384338,9.897324198450276
BRB,Barbados,2017,Latin America & Caribbean,High income,62.517,70.242,19966.3202405154,7.725000000000001,89.00230631246264,9.90180214506031
BRB,Barbados,2018,Latin America & Caribbean,High income,61.625,70.274,19877.6759569235,8.649000000000001,87.69246093861172,9.897352569801534
BRB,Barbados,2020,Latin America & Caribbean,High income,59.687,66.908,16399.7020111405,7.221000000000004,89.20756860166198,9.705018443594804
BRB,Barbados,2021,Latin America & Caribbean,High income,58.963,66.198,17686.7469386289,7.234999999999992,89.07066678751625,9.780570877571307
BRB,Barbados,2022,Latin America & Caribbean,High income,61.109,70.06,20494.5343836936,8.951,87.22380816443048,9.927913514148706
BRB,Barbados,2008,Latin America & Caribbean,High income,64.646,74.782,23657.2900650446,10.135999999999996,86.4459361878527,10.071426594414856
BRB,Barbados,2000,Latin America & Caribbean,High income,63.612,75.708,21315.7684300571,12.095999999999997,84.0228245363766,9.967202379689859
BRB,Barbados,2012,Latin America & Caribbean,High income,62.881,72.843,19743.57827095,9.962000000000003,86.3240119160386,9.890583566618298
BRB,Barbados,2007,Latin America & Caribbean,High income,64.677,75.158,23631.9433885299,10.480999999999995,86.05471140796722,10.07035460922538
BLR,Belarus,1994,Europe & Central Asia,Upper middle income,52.844,67.081,8967.73072971831,14.237000000000002,78.77640464513051,9.101387938623061
BLR,Belarus,1995,Europe & Central Asia,Upper middle income,53.079,67.462,8061.19604112609,14.383000000000003,78.67984939669739,8.994817216690908
BLR,Belarus,1993,Europe & Central Asia,Upper middle income,52.706,66.723,10143.9840118445,14.016999999999996,78.99225154744242,9.224636100556335
BLR,Belarus,2006,Europe & Central Asia,Upper middle income,55.723,67.351,18349.8719060634,11.628,82.73522293655626,9.817377872862352
BLR,Belarus,2009,Europe & Central Asia,Upper middle income,56.961,68.722,22236.8387691136,11.760999999999996,82.88612089287274,10.009505596584887
BLR,Belarus,1997,Europe & Central Asia,Upper middle income,52.499,66.283,9301.32717519867,13.783999999999999,79.20432086658721,9.13791237597028
BLR,Belarus,2000,Europe & Central Asia,Upper middle income,53.472,66.193,11182.4548339393,12.720999999999997,80.78195579593009,9.322101296303925
BLR,Belarus,2001,Europe & Central Asia,Upper middle income,54.121,66.502,11771.0872003861,12.380999999999993,81.38251481158463,9.373401566454543
BLR,Belarus,1998,Europe & Central Asia,Upper middle income,52.483,65.845,10128.1560469563,13.362000000000002,79.70688738704533,9.223074551745151
BLR,Belarus,1999,Europe & Central Asia,Upper middle income,52.723,65.772,10519.7489145442,13.049000000000007,80.16025056254941,9.261009618568105
BLR,Belarus,2005,Europe & Central Asia,Upper middle income,55.418,67.098,16579.8731683834,11.68,82.59262571164565,9.715944778984719
BLR,Belarus,1990,Europe & Central Asia,Upper middle income,53.101,66.626,12351.6357110065,13.525000000000006,79.70011707141356,9.421543779521238
BLR,Belarus,1991,Europe & Central Asia,Upper middle income,52.885,66.464,12197.7877887634,13.579,79.56939094848339,9.40900988548941
BLR,Belarus,2004,Europe & Central Asia,Upper middle income,55.18,66.934,15052.1182160947,11.753999999999998,82.43941793408432,9.6192740055288
BLR,Belarus,1996,Europe & Central Asia,Upper middle income,52.865,67.056,8314.85656685025,14.190999999999995,78.837091386304,9.025799141550435
BLR,Belarus,2021,Europe & Central Asia,Upper middle income,58.024,71.176,27611.1801135157,13.152000000000001,81.52186130156232,10.22597604626053
BLR,Belarus,2022,Europe & Central Asia,Upper middle income,57.892,71.38,26537.5083081674,13.487999999999992,81.1039506864668,10.186314419084185
BLR,Belarus,1992,Europe & Central Asia,Upper middle income,52.792,66.666,11002.6017626136,13.873999999999995,79.18879188791888,9.30588704768711
BLR,Belarus,2011,Europe & Central Asia,Upper middle income,57.832,69.82,25404.7566082412,11.987999999999992,82.83013463191064,10.14269170351515
BLR,Belarus,2012,Europe & Central Asia,Upper middle income,58.162,70.242,25879.1319400701,12.080000000000005,82.80231200706129,10.161192206323943
BLR,Belarus,2013,Europe & Central Asia,Upper middle income,58.402,70.57,26147.6253584645,12.167999999999992,82.75754569930567,10.171513656898009
BLR,Belarus,2010,Europe & Central Asia,Upper middle income,57.407,69.281,24012.6133040213,11.87400000000001,82.8611018894069,10.086334525608992
BLR,Belarus,2003,Europe & Central Asia,Upper middle income,54.932,66.822,13413.9265504854,11.89,82.206458950645,9.504048741058394
BLR,Belarus,2015,Europe & Central Asia,Upper middle income,58.668,70.958,25513.2132958317,12.29,82.67989514924321,10.146951765407586
BLR,Belarus,2016,Europe & Central Asia,Upper middle income,58.75,71.104,24846.8301529359,12.354,82.6254500450045,10.120485464150411
BLR,Belarus,2017,Europe & Central Asia,Upper middle income,58.591,71.504,25503.9809845207,12.913000000000004,81.94087044081449,10.146589836001548
BLR,Belarus,2007,Europe & Central Asia,Upper middle income,56.055,67.674,20019.6111676728,11.619000000000007,82.83092472736944,9.904467630486433
BLR,Belarus,2008,Europe & Central Asia,Upper middle income,56.488,68.153,22137.9472928315,11.665000000000006,82.88409901251595,10.005048487096746
BLR,Belarus,2020,Europe & Central Asia,Upper middle income,57.884,71.356,26731.4953869922,13.471999999999994,81.12001793822525,10.193597751713012
BLR,Belarus,2023,Europe & Central Asia,Upper middle income,57.417,70.907,27782.4380139967,13.489999999999995,80.97508003441128,10.232159373940483
BLR,Belarus,2024,Europe & Central Asia,Upper middle income,57.229,70.43,29135.9465139232,13.201000000000008,81.25656680391877,10.27972796622721
BLR,Belarus,2019,Europe & Central Asia,Upper middle income,58.277,71.369,26798.8206398076,13.091999999999999,81.6559010214519,10.196113159553327
BLR,Belarus,2002,Europe & Central Asia,Upper middle income,54.578,66.68,12443.9322575939,12.102000000000004,81.85062987402519,9.428988414222085
BLR,Belarus,2014,Europe & Central Asia,Upper middle income,58.566,70.799,26564.4347246547,12.233000000000004,82.72150736592324,10.187328559707192
BLR,Belarus,2018,Europe & Central Asia,Upper middle income,58.081,71.96,26363.4629778536,13.87899999999999,80.712896053363,10.179734352440555
BEL,Belgium,2001,Europe & Central Asia,High income,41.787,60.381,50835.3969916063,18.594,69.20554479057982,10.836348182093666
BEL,Belgium,1991,Europe & Central Asia,High income,37.914,61.239,42246.0760496851,23.324999999999996,61.91152696810857,10.651266753908544
BEL,Belgium,1990,Europe & Central Asia,High income,36.46,60.865,41640.0583572134,24.405,59.9030641583833,10.636817924197986
BEL,Belgium,2010,Europe & Central Asia,High income,47.774,60.899,56240.2030936241,13.125,78.44792196916205,10.937387137673333
BEL,Belgium,2011,Europe & Central Asia,High income,47.103,59.82,56585.302500068,12.716999999999999,78.74122367101305,10.94350455732669
BEL,Belgium,2009,Europe & Central Asia,High income,46.979,60.424,55258.7071019668,13.445,77.74890771878724,10.919781201569007
BEL,Belgium,2000,Europe & Central Asia,High income,43.616,61.437,50455.7338920674,17.820999999999998,70.99304979084266,10.828851674270348
BEL,Belgium,1999,Europe & Central Asia,High income,43.147,61.169,48765.7668571998,18.022,70.53736369729765,10.794783846847933
BEL,Belgium,2014,Europe & Central Asia,High income,48.125,59.306,57002.9092185206,11.180999999999997,81.14693285670927,10.95085758443566
BEL,Belgium,2002,Europe & Central Asia,High income,42.506,60.245,51471.8532550934,17.738999999999997,70.55523279940245,10.848790398509042
BEL,Belgium,2003,Europe & Central Asia,High income,42.881,60.158,51788.8439641975,17.277,71.2806276804415,10.854930037566133
BEL,Belgium,2004,Europe & Central Asia,High income,44.185,60.196,53406.6918625203,16.010999999999996,73.40188716858263,10.885691332874455
BEL,Belgium,2005,Europe & Central Asia,High income,45.687,61.378,54346.8934219288,15.691000000000003,74.43546547622927,10.903142732165572
BEL,Belgium,1992,Europe & Central Asia,High income,38.759,61.01,42719.0486134247,22.250999999999998,63.52892968365842,10.662400203101088
BEL,Belgium,1993,Europe & Central Asia,High income,39.461,60.462,42143.1960612051,21.001000000000005,65.26578677516456,10.648828528364596
BEL,Belgium,1994,Europe & Central Asia,High income,40.04,61.09,43369.275944431,21.050000000000004,65.54264200360123,10.677506541841792
BEL,Belgium,1995,Europe & Central Asia,High income,40.424,61.12,44310.6278688276,20.695999999999998,66.13874345549739,10.69897983400575
BEL,Belgium,1996,Europe & Central Asia,High income,40.526,60.932,44808.5243580352,20.406,66.51020810083372,10.710153676151924
BEL,Belgium,1997,Europe & Central Asia,High income,40.971,60.639,46396.0021283995,19.668000000000006,67.56542818977884,10.744968573476399
BEL,Belgium,1998,Europe & Central Asia,High income,41.54,60.558,47205.3098527355,19.018,68.59539614914627,10.762261662126337
BEL,Belgium,2013,Europe & Central Asia,High income,47.804,59.733,56263.175267967,11.928999999999995,80.02946445013644,10.937795519625888
BEL,Belgium,2018,Europe & Central Asia,High income,48.769,58.793,59357.6896884396,10.024000000000001,82.95035123228955,10.991336956740847
BEL,Belgium,2015,Europe & Central Asia,High income,48.045,58.954,57509.0245728704,10.908999999999999,81.49574244326085,10.95969716356362
BEL,Belgium,2016,Europe & Central Asia,High income,47.81,58.771,57901.497690315,10.960999999999999,81.34964523319324,10.966498530071364
BEL,Belgium,2017,Europe & Central Asia,High income,47.974,58.95,58529.3302957537,10.976000000000006,81.38083121289228,10.977283280151699
BEL,Belgium,2019,Europe & Central Asia,High income,49.097,58.908,60479.9769955469,9.811,83.34521626943709,11.010067630488708
BEL,Belgium,2006,Europe & Central Asia,High income,45.818,60.852,55367.6227467909,15.033999999999999,75.2941563136791,10.921750274938143
BEL,Belgium,2007,Europe & Central Asia,High income,46.59,61.152,56983.4612170064,14.561999999999998,76.18720565149137,10.950516350626238
BEL,Belgium,2008,Europe & Central Asia,High income,46.928,60.864,56787.7366257416,13.936,77.10304942166141,10.947075676922136
BEL,Belgium,2024,Europe & Central Asia,High income,49.97,59.298,63311.2766917178,9.328000000000003,84.26928395561401,11.055818739054603
BEL,Belgium,2020,Europe & Central Asia,High income,48.659,58.306,57333.5424137924,9.646999999999998,83.45453298116831,10.956641113873024
BEL,Belgium,2021,Europe & Central Asia,High income,49.367,58.93,60669.2137746534,9.563000000000002,83.77227218734092,11.01319166180595
BEL,Belgium,2012,Europe & Central Asia,High income,47.155,59.826,56356.8251292137,12.671,78.82024537826364,10.939458632438928
BEL,Belgium,2022,Europe & Central Asia,High income,50.029,59.323,62602.9270469765,9.293999999999997,84.33322657316724,11.044567313933994
BEL,Belgium,2023,Europe & Central Asia,High income,49.834,59.18,63042.0099876309,9.345999999999997,84.20750253464008,11.051556608345022
BLZ,Belize,1992,Latin America & Caribbean,Upper middle income,34.061,77.531,9967.77779283553,43.470000000000006,43.93210457752383,9.207112948727753
BLZ,Belize,1993,Latin America & Caribbean,Upper middle income,34.368,77.538,10366.8590598807,43.169999999999995,44.324073357579515,9.24636936815794
BLZ,Belize,2004,Latin America & Caribbean,Upper middle income,41.864,79.059,12807.1658774384,37.195,52.95285799213245,9.457760127433893
BLZ,Belize,1991,Latin America & Caribbean,Upper middle income,33.332,77.551,9028.07343837562,44.219,42.98074815282846,9.108094272416484
BLZ,Belize,1996,Latin America & Caribbean,Upper middle income,36.967,78.624,9782.64416029651,41.657,47.017450142450144,9.18836509052559
BLZ,Belize,1997,Latin America & Caribbean,Upper middle income,38.34,79.163,9862.26634546876,40.82299999999999,48.43171683741143,9.196471273666265
BLZ,Belize,1994,Latin America & Caribbean,Upper middle income,34.28,77.503,10146.3996755203,43.223,44.2305459143517,9.224874209773434
BLZ,Belize,1995,Latin America & Caribbean,Upper middle income,35.616,78.076,9967.84688088643,42.459999999999994,45.61709103949998,9.207119879842482
BLZ,Belize,2013,Latin America & Caribbean,Upper middle income,46.501,78.792,12064.797259406,32.291000000000004,59.01741293532338,9.398047173890259
BLZ,Belize,2014,Latin America & Caribbean,Upper middle income,47.392,79.601,12272.2957895446,32.208999999999996,59.536940490697354,9.415099626115184
BLZ,Belize,1998,Latin America & Caribbean,Upper middle income,39.252,77.909,9894.59919785026,38.657000000000004,50.38185575479085,9.19974435169333
BLZ,Belize,2012,Latin America & Caribbean,Upper middle income,45.998,78.852,11843.4153404212,32.854000000000006,58.334601531983964,9.379527324647887
BLZ,Belize,2003,Latin America & Caribbean,Upper middle income,41.346,79.065,12589.2679378206,37.719,52.29368241320432,9.440599979026988
BLZ,Belize,2019,Latin America & Caribbean,Upper middle income,57.096,82.295,11765.9748661176,25.199000000000005,69.37967069688315,9.372967159277092
BLZ,Belize,2005,Latin America & Caribbean,Upper middle income,42.385,79.052,12714.9697390831,36.66700000000001,53.616606790467024,9.450535297914977
BLZ,Belize,2006,Latin America & Caribbean,Upper middle income,42.908,79.046,12912.5300233774,36.138000000000005,54.28231662576222,9.465953438565744
BLZ,Belize,2007,Latin America & Caribbean,Upper middle income,43.433,79.039,12973.2067214746,35.606,54.951353129467726,9.470641488191193
BLZ,Belize,2008,Latin America & Caribbean,Upper middle income,43.959,79.03,12415.6811300464,35.071,55.62318107047957,9.426715559912665
BLZ,Belize,2009,Latin America & Caribbean,Upper middle income,44.486,79.02,12033.9096816588,34.534,56.297139964565936,9.395483750488612
BLZ,Belize,2010,Latin America & Caribbean,Upper middle income,44.998,78.98,11913.6635959061,33.982000000000006,56.973917447455044,9.385441221757262
BLZ,Belize,1999,Latin America & Caribbean,Upper middle income,39.297,79.091,10460.6346102795,39.794,49.68580495884488,9.255374405977356
BLZ,Belize,2000,Latin America & Caribbean,Upper middle income,39.808,79.089,11363.6868781615,39.281,50.333168961549646,9.3381781887544
BLZ,Belize,2001,Latin America & Caribbean,Upper middle income,40.317,79.08,11567.0265720608,38.763,50.982549317147196,9.355913792522884
BLZ,Belize,2002,Latin America & Caribbean,Upper middle income,40.829,79.071,11828.1865744067,38.242,51.635871558472765,9.378240654808621
BLZ,Belize,2015,Latin America & Caribbean,Upper middle income,48.253,79.477,12348.7944978311,31.224000000000004,60.71316229852661,9.421313725780157
BLZ,Belize,2016,Latin America & Caribbean,Upper middle income,49.101,79.331,12063.0600374093,30.230000000000004,61.893837213699555,9.397903172541252
BLZ,Belize,2023,Latin America & Caribbean,Upper middle income,44.076,71.049,12371.0086545348,26.973000000000006,62.03605962082506,9.423111002445062
BLZ,Belize,2020,Latin America & Caribbean,Upper middle income,41.478,67.857,10045.1404163746,26.378999999999998,61.125602369689204,9.214844255884493
BLZ,Belize,2021,Latin America & Caribbean,Upper middle income,46.813,73.912,11716.3267818656,27.099000000000004,63.33612945123931,9.368738599489822
BLZ,Belize,2022,Latin America & Caribbean,Upper middle income,43.563,73.023,12565.3645829576,29.459999999999994,59.65654656751983,9.438699465311426
BLZ,Belize,1990,Latin America & Caribbean,Upper middle income,32.663,77.586,8251.61762539471,44.923,42.099090042017885,9.018164535913797
BLZ,Belize,2024,Latin America & Caribbean,Upper middle income,43.833,69.766,12621.4081961897,25.933000000000007,62.82859845770146,9.443149714354247
BLZ,Belize,2017,Latin America & Caribbean,Upper middle income,48.678,79.267,11572.3007931461,30.589,61.41017068893739,9.356369658944011
BLZ,Belize,2011,Latin America & Caribbean,Upper middle income,45.496,78.914,11641.7717375703,33.418,57.65263451352105,9.362354920833958
BLZ,Belize,2018,Latin America & Caribbean,Upper middle income,54.103,80.385,11451.8979413877,26.282000000000004,67.30484543136157,9.34591075431903
BEN,Benin,2013,Sub-Saharan Africa,Lower middle income,70.81,74.662,2893.0467015352,3.852000000000004,94.84074897538238,7.97006544778922
BEN,Benin,2021,Sub-Saharan Africa,Lower middle income,74.754,77.414,3464.2886286745,2.6599999999999966,96.56392900508952,8.150262588576828
BEN,Benin,1990,Sub-Saharan Africa,Lower middle income,57.113,88.703,2207.06796428357,31.590000000000003,64.38677384079456,7.699420200655067
BEN,Benin,2020,Sub-Saharan Africa,Lower middle income,73.587,75.99,3317.8597222557,2.4029999999999916,96.83774180813266,8.107075192055483
BEN,Benin,1997,Sub-Saharan Africa,Lower middle income,60.913,83.875,2399.78593127356,22.962000000000003,72.62354694485842,7.783134817055216
BEN,Benin,2022,Sub-Saharan Africa,Lower middle income,74.633,77.946,3588.32519938147,3.3130000000000024,95.74962153285608,8.185440854350675
BEN,Benin,2011,Sub-Saharan Africa,Lower middle income,69.588,74.257,2732.01249647957,4.669000000000011,93.71237728429641,7.912793794794264
BEN,Benin,2000,Sub-Saharan Africa,Lower middle income,63.474,80.777,2536.16885867097,17.303000000000004,78.57929856270968,7.8384098979898935
BEN,Benin,2001,Sub-Saharan Africa,Lower middle income,64.381,79.698,2591.06485220288,15.316999999999993,80.78119902632437,7.859824210045427
BEN,Benin,2002,Sub-Saharan Africa,Lower middle income,65.319,78.592,2630.18061029627,13.272999999999996,83.11151262214985,7.874807795930372
BEN,Benin,2004,Sub-Saharan Africa,Lower middle income,66.244,77.632,2672.84404357157,11.388000000000005,85.330791426216,7.890898369345708
BEN,Benin,2005,Sub-Saharan Africa,Lower middle income,66.715,77.155,2632.47251454328,10.439999999999998,86.46879657831637,7.875678803134358
BEN,Benin,2006,Sub-Saharan Africa,Lower middle income,67.187,76.677,2652.21841967159,9.490000000000009,87.62340727988835,7.883151708273145
BEN,Benin,2007,Sub-Saharan Africa,Lower middle income,67.66,76.193,2729.13741390352,8.533000000000001,88.80080847321933,7.9117408726482505
BEN,Benin,2008,Sub-Saharan Africa,Lower middle income,68.136,75.71,2777.61974031765,7.573999999999998,89.99603751155726,7.929349631409977
BEN,Benin,2009,Sub-Saharan Africa,Lower middle income,68.616,75.226,2758.07243150648,6.609999999999999,91.21314439156674,7.922287320338522
BEN,Benin,2010,Sub-Saharan Africa,Lower middle income,69.1,74.742,2733.57399641151,5.64200000000001,92.45136603248507,7.913365188175909
BEN,Benin,2012,Sub-Saharan Africa,Lower middle income,70.202,74.46,2779.7264808532,4.257999999999996,94.28149341928552,7.930107813661946
BEN,Benin,1998,Sub-Saharan Africa,Lower middle income,61.741,82.863,2419.10014338548,21.122,74.509732932672,7.791150908424263
BEN,Benin,1999,Sub-Saharan Africa,Lower middle income,62.594,81.831,2470.68504400549,19.237000000000002,76.49179406337451,7.81225073692001
BEN,Benin,2014,Sub-Saharan Africa,Lower middle income,71.412,74.865,2987.38236326153,3.4529999999999887,95.38769785614107,8.002152819150366
BEN,Benin,2015,Sub-Saharan Africa,Lower middle income,72.007,75.068,2952.00218338705,3.060999999999993,95.92236372355731,7.990238925349849
BEN,Benin,2016,Sub-Saharan Africa,Lower middle income,72.597,75.27,2962.66381572265,2.673000000000002,96.44878437624551,7.993844080361058
BEN,Benin,2017,Sub-Saharan Africa,Lower middle income,73.179,75.473,3041.77929984989,2.293999999999997,96.96050243133307,8.020197919184621
BEN,Benin,2018,Sub-Saharan Africa,Lower middle income,73.755,75.676,3155.4510650627,1.9210000000000065,97.46154659337174,8.056886733080468
BEN,Benin,2019,Sub-Saharan Africa,Lower middle income,74.325,75.878,3281.10470051465,1.5529999999999973,97.95329344474024,8.095935443611552
BEN,Benin,1992,Sub-Saharan Africa,Lower middle income,57.082,88.673,2226.56666006625,31.591,64.37359737462361,7.708216063710056
BEN,Benin,1993,Sub-Saharan Africa,Lower middle income,57.803,87.728,2254.24565428893,29.924999999999997,65.8888838227248,7.7205706745923885
BEN,Benin,1994,Sub-Saharan Africa,Lower middle income,58.548,86.782,2215.36616821938,28.233999999999995,67.46560346615658,7.703172981782414
BEN,Benin,2023,Sub-Saharan Africa,Lower middle income,74.802,77.762,3721.21254814808,2.9599999999999937,96.19351354131838,8.221804847959039
BEN,Benin,2024,Sub-Saharan Africa,Lower middle income,74.985,77.568,3901.32588494392,2.5829999999999984,96.67001856435644,8.269071744839303
BEN,Benin,1996,Sub-Saharan Africa,Lower middle income,60.109,84.868,2337.63030771279,24.758999999999993,70.82645991421973,7.756893006224154
BEN,Benin,2003,Sub-Saharan Africa,Lower middle income,65.78,78.112,2639.04370114641,12.331999999999994,84.21241294551413,7.87817189610339
BEN,Benin,1991,Sub-Saharan Africa,Lower middle income,57.096,88.695,2230.46054664537,31.598999999999997,64.37341451040082,7.709963366290551
BEN,Benin,1995,Sub-Saharan Africa,Lower middle income,59.322,85.839,2300.14122107459,26.516999999999996,69.10844720931046,7.740725800499522
BTN,Bhutan,1995,South Asia,Lower middle income,56.274,82.896,4379.87046667778,26.622,67.88506079907354,8.38477442911532
BTN,Bhutan,1992,South Asia,Lower middle income,55.124,84.095,3624.59781500136,28.970999999999997,65.54967596170998,8.195498613547805
BTN,Bhutan,1994,South Asia,Lower middle income,55.836,83.334,4042.49417769249,27.498000000000005,67.00266397868818,8.304617151176258
BTN,Bhutan,2008,South Asia,Lower middle income,65.254,73.338,8470.03471622855,8.083999999999989,88.97706509585755,9.044289886365982
BTN,Bhutan,1996,South Asia,Lower middle income,56.768,82.421,4616.91979198439,25.653000000000006,68.87565062302082,8.43748305003302
BTN,Bhutan,1998,South Asia,Lower middle income,57.914,81.373,4965.87646031681,23.459000000000003,71.17102724490924,8.510345088657747
BTN,Bhutan,1999,South Asia,Lower middle income,58.576,80.497,5241.36663790737,21.921,72.767929239599,8.564337552071343
BTN,Bhutan,2000,South Asia,Lower middle income,59.314,79.312,5287.57434721684,19.997999999999998,74.78565664716562,8.573114884195034
BTN,Bhutan,1997,South Asia,Lower middle income,57.31,81.917,4778.70511731732,24.607,69.96105814421915,8.471924892827843
BTN,Bhutan,1991,South Asia,Lower middle income,54.863,84.406,3338.00941826599,29.543000000000006,64.99893372509062,8.113129925747455
BTN,Bhutan,1990,South Asia,Lower middle income,54.673,84.662,3411.3837599176,29.989000000000004,64.5779688644256,8.134873282662404
BTN,Bhutan,2017,South Asia,Lower middle income,54.815,69.454,13482.3425280358,14.638999999999996,78.92274023094423,9.50913614741284
BTN,Bhutan,2018,South Asia,Lower middle income,54.743,69.211,13854.8543977158,14.467999999999996,79.09580846975193,9.53639094823542
BTN,Bhutan,1993,South Asia,Lower middle income,55.461,83.725,3850.551287421,28.263999999999996,66.24186324275904,8.255971608568823
BTN,Bhutan,2007,South Asia,Lower middle income,64.807,73.591,8195.07074477912,8.783999999999992,88.06375779646969,9.011288123816584
BTN,Bhutan,2006,South Asia,Lower middle income,64.326,73.836,7140.85609148376,9.510000000000005,87.12010401430196,8.87358794891414
BTN,Bhutan,2009,South Asia,Lower middle income,65.615,73.106,9019.11861272397,7.491,89.75323502858863,9.107101893506657
BTN,Bhutan,2010,South Asia,Lower middle income,63.319,72.182,9985.28455483655,8.863,87.72131556343686,9.20886774367485
BTN,Bhutan,2011,South Asia,Lower middle income,62.328,71.652,10714.686566371,9.323999999999998,86.98710433763189,9.279370655624584
BTN,Bhutan,2012,South Asia,Lower middle income,63.073,65.507,11143.9445354588,2.4340000000000046,96.2843665562459,9.318651538370695
BTN,Bhutan,2013,South Asia,Lower middle income,58.19,71.231,11212.479426698,13.040999999999997,81.69195996125282,9.324782671511231
BTN,Bhutan,2014,South Asia,Lower middle income,53.93,69.851,11744.5189124825,15.921,77.20719817898097,9.371141935205342
BTN,Bhutan,2015,South Asia,Lower middle income,54.976,69.953,12400.2983237391,14.977000000000004,78.5899103683902,9.425475809669788
BTN,Bhutan,2016,South Asia,Lower middle income,54.892,69.701,13320.9759036882,14.80899999999999,78.75353294787737,9.497095207453212
BTN,Bhutan,2002,South Asia,Lower middle income,61.032,76.981,5991.25497571775,15.948999999999998,79.28190072875125,8.69805618097093
BTN,Bhutan,2003,South Asia,Lower middle income,61.96,75.904,6323.5411950973,13.943999999999996,81.62942664418213,8.752034645902638
BTN,Bhutan,2019,South Asia,Lower middle income,60.631,71.203,14555.1884045845,10.572000000000003,85.1523109981321,9.58570280041642
BTN,Bhutan,2005,South Asia,Lower middle income,63.749,74.192,6850.80441609334,10.44299999999999,85.92435842139315,8.832121357367882
BTN,Bhutan,2022,South Asia,Lower middle income,52.51,72.112,14061.3120274588,19.601999999999997,72.8172842245396,9.551182477330931
BTN,Bhutan,2023,South Asia,Lower middle income,56.618,72.149,14610.2959097837,15.530999999999999,78.47371411939181,9.589481758460494
BTN,Bhutan,2020,South Asia,Lower middle income,63.002,71.913,12979.9369485824,8.910999999999994,87.60863821562165,9.471160132664034
BTN,Bhutan,2021,South Asia,Lower middle income,64.902,72.656,13458.812666743,7.754000000000005,89.32779123541069,9.507389387327352
BTN,Bhutan,2001,South Asia,Lower middle income,60.142,78.127,5545.6305511084,17.984999999999992,76.97978931739348,8.62076560857788
BTN,Bhutan,2024,South Asia,Lower middle income,56.636,71.975,15603.8871298469,15.338999999999992,78.68843348384857,9.655275337188883
BTN,Bhutan,2004,South Asia,Lower middle income,62.923,74.906,6517.99683290216,11.983000000000004,84.0026166128214,8.782322373497138
BOL,Bolivia,1997,Latin America & Caribbean,Lower middle income,59.45,81.873,7301.50935861496,22.423000000000002,72.6124607624003,8.895836367218383
BOL,Bolivia,1996,Latin America & Caribbean,Lower middle income,58.814,81.934,7083.6131331083,23.119999999999997,71.78216613371738,8.865539386049004
BOL,Bolivia,1993,Latin America & Caribbean,Lower middle income,56.939,82.392,6556.81640551449,25.452999999999996,69.10743761530246,8.788260460102592
BOL,Bolivia,1994,Latin America & Caribbean,Lower middle income,57.599,82.209,6731.28487501595,24.610000000000007,70.06410490335607,8.814521321952142
BOL,Bolivia,1990,Latin America & Caribbean,Lower middle income,55.844,82.544,6247.10446615403,26.699999999999996,67.65361504167474,8.739873349965247
BOL,Bolivia,1995,Latin America & Caribbean,Lower middle income,58.237,82.067,6914.34189614304,23.82999999999999,70.96274994821306,8.841353069091632
BOL,Bolivia,2009,Latin America & Caribbean,Lower middle income,57.798,79.26,9011.55629873547,21.462000000000003,72.9220287660863,9.106263065845567
BOL,Bolivia,2011,Latin America & Caribbean,Lower middle income,57.545,78.832,9554.44502513,21.286999999999992,72.99700629186118,9.164761772845207
BOL,Bolivia,1999,Latin America & Caribbean,Lower middle income,59.135,81.4,7435.72544286949,22.265000000000008,72.64742014742014,8.914051425468644
BOL,Bolivia,2000,Latin America & Caribbean,Lower middle income,58.98,81.165,7492.4338168091,22.18500000000001,72.66678987248197,8.921648965893093
BOL,Bolivia,2001,Latin America & Caribbean,Lower middle income,58.83,80.934,7491.15257765571,22.104,72.68885758766402,8.921477946869638
BOL,Bolivia,2002,Latin America & Caribbean,Lower middle income,58.69,80.717,7550.01554645092,22.027,72.71082919335456,8.929304901373522
BOL,Bolivia,2003,Latin America & Caribbean,Lower middle income,58.561,80.511,7625.90515918892,21.949999999999996,72.73664468209313,8.939306303832035
BOL,Bolivia,2004,Latin America & Caribbean,Lower middle income,58.433,80.305,7811.59684093936,21.872000000000007,72.76383786812775,8.963364683002196
BOL,Bolivia,1991,Latin America & Caribbean,Lower middle income,56.347,82.673,6440.48571428318,26.326,68.1564718832025,8.770359237726886
BOL,Bolivia,1992,Latin America & Caribbean,Lower middle income,56.414,82.5,6414.32866825436,26.086,68.38060606060607,8.766289621262422
BOL,Bolivia,2023,Latin America & Caribbean,Lower middle income,72.455,84.357,11616.1575595159,11.902000000000001,85.89091598800337,9.360152300980499
BOL,Bolivia,2024,Latin America & Caribbean,Lower middle income,72.389,84.324,11329.1518061536,11.935000000000002,85.84625966510127,9.335134488567771
BOL,Bolivia,2008,Latin America & Caribbean,Lower middle income,57.924,79.472,8865.27246616683,21.547999999999995,72.88604791624724,9.089896953080196
BOL,Bolivia,2014,Latin America & Caribbean,Lower middle income,57.169,78.179,10790.8472887528,21.010000000000005,73.12577546399928,9.286453580540197
BOL,Bolivia,2010,Latin America & Caribbean,Lower middle income,57.671,79.046,9230.3980801466,21.375000000000007,72.95878349315588,9.130257455510165
BOL,Bolivia,2012,Latin America & Caribbean,Lower middle income,57.42,78.615,9884.46163594645,21.194999999999993,73.03949627933602,9.198719271394857
BOL,Bolivia,2013,Latin America & Caribbean,Lower middle income,57.294,78.398,10391.3833756917,21.104,73.08094594249853,9.248732220147668
BOL,Bolivia,2021,Latin America & Caribbean,Lower middle income,71.057,84.557,11202.4409836707,13.5,84.03443830788699,9.323886978507229
BOL,Bolivia,2015,Latin America & Caribbean,Lower middle income,57.044,77.958,11144.6415720641,20.914,73.17273403627594,9.318714084877877
BOL,Bolivia,2016,Latin America & Caribbean,Lower middle income,56.919,77.736,11448.02180322,20.817000000000007,73.22090151281259,9.345572225778499
BOL,Bolivia,2020,Latin America & Caribbean,Lower middle income,65.02,79.507,10285.6590750222,14.487000000000009,81.77896285861621,9.238505881222299
BOL,Bolivia,1998,Latin America & Caribbean,Lower middle income,59.291,81.636,7534.51656369605,22.345,72.62849723161351,8.92724995023605
BOL,Bolivia,2022,Latin America & Caribbean,Lower middle income,71.715,84.873,11487.7148799194,13.158000000000001,84.49683644975434,9.34903347203149
BOL,Bolivia,2006,Latin America & Caribbean,Lower middle income,58.177,79.891,8263.31896853691,21.714000000000006,72.8204678874967,9.01958159798167
BOL,Bolivia,2007,Latin America & Caribbean,Lower middle income,58.05,79.682,8493.94848212653,21.632000000000005,72.85208704600788,9.04710924564721
BOL,Bolivia,2017,Latin America & Caribbean,Lower middle income,59.112,78.106,11755.2556195885,18.993999999999993,75.68176580544389,9.372055706342884
BOL,Bolivia,2005,Latin America & Caribbean,Lower middle income,58.305,80.099,8020.63568834793,21.794000000000004,72.7911709259791,8.989772960605698
BOL,Bolivia,2019,Latin America & Caribbean,Lower middle income,66.243,82.048,11930.9159145918,15.805000000000007,80.736885725429,9.386888286209679
BOL,Bolivia,2018,Latin America & Caribbean,Lower middle income,63.56,80.002,11920.3135079645,16.441999999999993,79.44801379965502,9.385999241277208
BIH,Bosnia and Herzegovina,1994,Europe & Central Asia,Upper middle income,42.027,68.375,2657.80295240973,26.348,61.465447897623406,7.885255102744006
BIH,Bosnia and Herzegovina,1992,Europe & Central Asia,Upper middle income,42.511,68.784,2150.91074083366,26.273000000000003,61.803617120260526,7.673646631816141
BIH,Bosnia and Herzegovina,1993,Europe & Central Asia,Upper middle income,42.207,68.654,2281.88983603662,26.446999999999996,61.47784542779736,7.732759254075589
BIH,Bosnia and Herzegovina,2004,Europe & Central Asia,Upper middle income,40.792,64.506,9344.83015887193,23.714,63.237528291941835,9.142578545178964
BIH,Bosnia and Herzegovina,1997,Europe & Central Asia,Upper middle income,41.478,66.941,6020.96023732543,25.463,61.962026261932145,8.703002033444207
BIH,Bosnia and Herzegovina,2006,Europe & Central Asia,Upper middle income,40.519,63.924,10430.4119951847,23.405,63.3862086227395,9.252481048191157
BIH,Bosnia and Herzegovina,1995,Europe & Central Asia,Upper middle income,41.637,67.856,3090.37823581462,26.218999999999994,61.36082291912286,8.036048768813236
BIH,Bosnia and Herzegovina,2005,Europe & Central Asia,Upper middle income,40.562,64.202,9814.46964102531,23.64,63.17871717391982,9.191613069695347
BIH,Bosnia and Herzegovina,2002,Europe & Central Asia,Upper middle income,41.141,65.156,8366.69155604844,24.015000000000008,63.142304622751546,9.032013811273847
BIH,Bosnia and Herzegovina,1990,Europe & Central Asia,Upper middle income,41.671,68.075,2413.93822928526,26.404000000000003,61.2133676092545,7.789014812798709
BIH,Bosnia and Herzegovina,1991,Europe & Central Asia,Upper middle income,42.19,68.494,2183.52604942539,26.304000000000002,61.5966362017111,7.688696302978285
BIH,Bosnia and Herzegovina,1996,Europe & Central Asia,Upper middle income,41.446,67.315,4568.98265882687,25.869,61.570229517938046,8.427045846158142
BIH,Bosnia and Herzegovina,2017,Europe & Central Asia,Upper middle income,38.558,61.715,15554.6587430766,23.157000000000004,62.47751762132382,9.652115470362478
BIH,Bosnia and Herzegovina,2018,Europe & Central Asia,Upper middle income,38.384,61.311,16348.9997145353,22.927,62.60540522907798,9.70192199491473
BIH,Bosnia and Herzegovina,2019,Europe & Central Asia,Upper middle income,38.209,60.798,17029.2971980343,22.589,62.8458172966216,9.742690504339771
BIH,Bosnia and Herzegovina,2015,Europe & Central Asia,Upper middle income,38.824,62.405,14220.0900038037,23.581000000000003,62.21296370483134,9.562411032718614
BIH,Bosnia and Herzegovina,2008,Europe & Central Asia,Upper middle income,40.457,63.697,11983.7199632138,23.240000000000002,63.51476521657221,9.391304337928384
BIH,Bosnia and Herzegovina,2009,Europe & Central Asia,Upper middle income,40.333,63.727,11826.6501351383,23.394,63.29028512247557,9.37811074993636
BIH,Bosnia and Herzegovina,1998,Europe & Central Asia,Upper middle income,41.339,66.579,6899.29705850819,25.239999999999995,62.09014854533712,8.839174809817159
BIH,Bosnia and Herzegovina,2007,Europe & Central Asia,Upper middle income,40.479,63.764,11178.6814832392,23.285000000000004,63.48252932689291,9.321763804444622
BIH,Bosnia and Herzegovina,2001,Europe & Central Asia,Upper middle income,41.131,65.555,7982.5188539099,24.424000000000007,62.74273510792464,8.985009286491554
BIH,Bosnia and Herzegovina,2024,Europe & Central Asia,Upper middle income,39.399,60.354,20578.4995446816,20.955,65.27984889153991,9.932002098308402
BIH,Bosnia and Herzegovina,2013,Europe & Central Asia,Upper middle income,39.306,62.924,13135.7175053454,23.618000000000002,62.46583179708855,9.483090326082266
BIH,Bosnia and Herzegovina,2003,Europe & Central Asia,Upper middle income,40.934,64.818,8709.95671578197,23.884,63.15221080564041,9.072222100348778
BIH,Bosnia and Herzegovina,2020,Europe & Central Asia,Upper middle income,37.115,59.199,16747.0353918695,22.083999999999996,62.69531579925337,9.725976530058183
BIH,Bosnia and Herzegovina,2016,Europe & Central Asia,Upper middle income,38.632,62.103,14873.6411107879,23.471000000000004,62.20633463761814,9.607345872344197
BIH,Bosnia and Herzegovina,2022,Europe & Central Asia,Upper middle income,38.537,60.496,19298.117076437,21.959000000000003,63.70173234594022,9.867762809327239
BIH,Bosnia and Herzegovina,2010,Europe & Central Asia,Upper middle income,40.214,63.548,12142.8616958168,23.334000000000003,63.28129917542644,9.404496761366689
BIH,Bosnia and Herzegovina,1999,Europe & Central Asia,Upper middle income,41.333,66.274,7481.30398935927,24.941000000000003,62.36684069167395,8.920162385903037
BIH,Bosnia and Herzegovina,2021,Europe & Central Asia,Upper middle income,37.416,59.376,18286.6614977175,21.96,63.01535974130962,9.813927193161259
BIH,Bosnia and Herzegovina,2012,Europe & Central Asia,Upper middle income,39.563,63.308,12626.9263237753,23.744999999999997,62.49289189359955,9.443586822605415
BIH,Bosnia and Herzegovina,2023,Europe & Central Asia,Upper middle income,39.533,60.624,19804.9181465635,21.091,65.2101477962523,9.89368557707921
BIH,Bosnia and Herzegovina,2014,Europe & Central Asia,Upper middle income,38.994,62.643,13458.852576408,23.649,62.247976629471765,9.507392352641368
BIH,Bosnia and Herzegovina,2000,Europe & Central Asia,Upper middle income,41.249,65.854,7830.5018609252,24.604999999999997,62.637045585689556,8.965781881557339
BIH,Bosnia and Herzegovina,2011,Europe & Central Asia,Upper middle income,39.774,63.545,12487.6490566037,23.771,62.591864033362185,9.43249535935033
BWA,Botswana,1998,Sub-Saharan Africa,Upper middle income,49.101,72.047,12306.250477233,22.945999999999998,68.15134564936778,9.41786258116716
BWA,Botswana,1996,Sub-Saharan Africa,Upper middle income,49.006,73.843,11832.9387782379,24.837000000000003,66.36512601059003,9.378642343555397
BWA,Botswana,1993,Sub-Saharan Africa,Upper middle income,48.823,76.341,10902.9512774946,27.517999999999994,63.95383869742341,9.296788790971698
BWA,Botswana,1997,Sub-Saharan Africa,Upper middle income,49.057,72.851,12526.352236393,23.793999999999997,67.33881484125132,9.435589883110952
BWA,Botswana,2007,Sub-Saharan Africa,Upper middle income,54.17,67.907,15850.2343496231,13.736999999999995,79.77086309217019,9.670939564661303
BWA,Botswana,1995,Sub-Saharan Africa,Upper middle income,48.952,74.758,11457.6994362472,25.805999999999997,65.48061745900104,9.34641722284293
BWA,Botswana,2010,Sub-Saharan Africa,Upper middle income,53.337,66.701,14545.0198074427,13.36399999999999,79.96431837603636,9.585003932732617
BWA,Botswana,1994,Sub-Saharan Africa,Upper middle income,48.888,75.632,10989.6700551057,26.744000000000007,64.63930611381426,9.304711024663613
BWA,Botswana,2008,Sub-Saharan Africa,Upper middle income,55.073,68.846,16040.3153236098,13.773000000000003,79.99448043459316,9.682860539806443
BWA,Botswana,2001,Sub-Saharan Africa,Upper middle income,50.088,68.182,12949.6403104655,18.094,73.46220410078907,9.468823291488315
BWA,Botswana,2002,Sub-Saharan Africa,Upper middle income,50.663,67.928,13479.6960719923,17.265,74.5833824048993,9.50893983762401
BWA,Botswana,1999,Sub-Saharan Africa,Upper middle income,49.262,70.291,13207.447346512,21.028999999999996,70.08294091704485,9.488536142395052
BWA,Botswana,2000,Sub-Saharan Africa,Upper middle income,49.511,68.375,13185.8171514278,18.863999999999997,72.4109689213894,9.48689707270525
BWA,Botswana,1990,Sub-Saharan Africa,Upper middle income,48.669,77.954,10520.9183978405,29.284999999999997,62.43297329194141,9.261120782656215
BWA,Botswana,1991,Sub-Saharan Africa,Upper middle income,48.705,77.386,11001.8013588128,28.680999999999997,62.93774067660818,9.305814298265393
BWA,Botswana,1992,Sub-Saharan Africa,Upper middle income,48.752,76.881,11008.6810214184,28.128999999999998,63.412286520726845,9.306439424304049
BWA,Botswana,2018,Sub-Saharan Africa,Upper middle income,57.556,68.759,17825.018569213,11.203000000000003,83.70686019284747,9.788358287033034
BWA,Botswana,2022,Sub-Saharan Africa,Upper middle income,59.93,69.363,18647.3734588832,9.433,86.40053054221991,9.83346058185017
BWA,Botswana,2009,Sub-Saharan Africa,Upper middle income,55.988,69.711,13489.9509168296,13.722999999999999,80.31444104947569,9.509700310709608
BWA,Botswana,2024,Sub-Saharan Africa,Upper middle income,63.45,73.772,18107.614452913,10.322000000000003,86.00824160928265,9.804087816795771
BWA,Botswana,2011,Sub-Saharan Africa,Upper middle income,54.162,67.281,15236.7188843522,13.119000000000007,80.50118161145048,9.631463509758712
BWA,Botswana,2012,Sub-Saharan Africa,Upper middle income,54.887,67.731,14957.6189142932,12.843999999999994,81.03674831318008,9.612976075377542
BWA,Botswana,2013,Sub-Saharan Africa,Upper middle income,55.432,67.986,16369.4252971454,12.554000000000002,81.53443355985056,9.703170562671662
BWA,Botswana,2014,Sub-Saharan Africa,Upper middle income,55.889,68.154,17052.1924105361,12.264999999999993,82.00399096164568,9.744034061573263
BWA,Botswana,2003,Sub-Saharan Africa,Upper middle income,51.259,67.66,13857.2588264737,16.400999999999996,75.7596807567248,9.53656447731597
BWA,Botswana,2006,Sub-Saharan Africa,Upper middle income,53.282,66.892,15275.5828811117,13.61,79.65377025653292,9.634010942468002
BWA,Botswana,2005,Sub-Saharan Africa,Upper middle income,52.584,67.18,14361.9576327759,14.596000000000004,78.27329562369752,9.572338158712974
BWA,Botswana,2016,Sub-Saharan Africa,Upper middle income,56.68,68.391,16905.588740873,11.711000000000006,82.87640186574257,9.73539954096993
BWA,Botswana,2017,Sub-Saharan Africa,Upper middle income,57.102,68.553,17352.8958451454,11.451,83.29613583650605,9.761514678948673
BWA,Botswana,2019,Sub-Saharan Africa,Upper middle income,58.044,68.999,18106.0105471124,10.954999999999998,84.12295830374353,9.803999236555507
BWA,Botswana,2023,Sub-Saharan Africa,Upper middle income,63.426,73.195,18932.4802712334,9.768999999999991,86.65345993578798,9.848634258929248
BWA,Botswana,2021,Sub-Saharan Africa,Upper middle income,58.943,69.098,17960.6254447437,10.155000000000001,85.30348201105676,9.795937165567416
BWA,Botswana,2004,Sub-Saharan Africa,Upper middle income,51.905,67.424,13984.8415112641,15.519000000000005,76.9829734219269,9.545729272805602
BWA,Botswana,2015,Sub-Saharan Africa,Upper middle income,56.288,68.272,15994.9643042101,11.984000000000009,82.44668385282398,9.680029220696857
BWA,Botswana,2020,Sub-Saharan Africa,Upper middle income,56.142,66.519,16289.3913582645,10.377000000000002,84.39994588012448,9.69826933799228
BRA,Brazil,2000,Latin America & Caribbean,Upper middle income,51.851,80.217,14005.3471874231,28.366,64.63841829038732,9.547194477634926
BRA,Brazil,1990,Latin America & Caribbean,Upper middle income,44.405,85.448,12633.2884560597,41.04299999999999,51.96727834472428,9.44409055010531
BRA,Brazil,1994,Latin America & Caribbean,Upper middle income,47.821,83.578,13202.9308011881,35.757000000000005,57.21721027064538,9.4881941143224
BRA,Brazil,1991,Latin America & Caribbean,Upper middle income,44.487,85.468,12546.5605005559,40.981,52.051060045865114,9.437201843296886
BRA,Brazil,1992,Latin America & Caribbean,Upper middle income,45.604,84.868,12271.9788478727,39.263999999999996,53.735212329735596,9.415073799996744
BRA,Brazil,1993,Latin America & Caribbean,Upper middle income,46.718,84.238,12669.4287209749,37.519999999999996,55.45953132790428,9.446947183188529
BRA,Brazil,2011,Latin America & Caribbean,Upper middle income,53.517,76.693,18627.8104529397,23.175999999999995,69.78081441591802,9.832410928666114
BRA,Brazil,2012,Latin America & Caribbean,Upper middle income,52.873,76.43,18832.2195527075,23.55700000000001,69.17833311526887,9.843324487923363
BRA,Brazil,2001,Latin America & Caribbean,Upper middle income,52.957,79.547,14016.1313772236,26.589999999999996,66.57322086313752,9.547964186507214
BRA,Brazil,2010,Latin America & Caribbean,Upper middle income,55.049,77.69,18062.1581103659,22.641,70.85725318573819,9.801574316529816
BRA,Brazil,2002,Latin America & Caribbean,Upper middle income,54.57,79.803,14265.9048770292,25.232999999999997,68.38088793654374,9.56562769500622
BRA,Brazil,2016,Latin America & Caribbean,Upper middle income,53.522,75.54,17620.9272434136,22.018000000000008,70.85252846174211,9.776842522589865
BRA,Brazil,2003,Latin America & Caribbean,Upper middle income,54.776,79.444,14259.3664089322,24.668,68.94919691858416,9.565169261630007
BRA,Brazil,2004,Latin America & Caribbean,Upper middle income,55.642,79.504,14911.2609608592,23.862000000000002,69.9864157778225,9.609871975669014
BRA,Brazil,2005,Latin America & Caribbean,Upper middle income,56.859,79.651,15221.0138281541,22.791999999999994,71.38516779450353,9.630432240771082
BRA,Brazil,2006,Latin America & Caribbean,Upper middle income,56.546,79.282,15657.4795716983,22.735999999999997,71.32262051915946,9.658704009701179
BRA,Brazil,2007,Latin America & Caribbean,Upper middle income,56.286,78.725,16440.583740032,22.438999999999993,71.49698316926009,9.707508175281019
BRA,Brazil,1996,Latin America & Caribbean,Upper middle income,47.676,80.706,13641.6295995961,33.03,59.073674819716004,9.52088139637238
BRA,Brazil,1997,Latin America & Caribbean,Upper middle income,48.677,81.388,13896.6249901072,32.711000000000006,59.80857128815058,9.539401283169413
BRA,Brazil,1998,Latin America & Caribbean,Upper middle income,49.48,80.844,13737.7026433556,31.363999999999997,61.20429469100984,9.527899349711769
BRA,Brazil,1999,Latin America & Caribbean,Upper middle income,50.801,80.858,13602.4137067874,30.057000000000002,62.827425857676424,9.518002534416958
BRA,Brazil,2017,Latin America & Caribbean,Upper middle income,54.353,75.16,17724.4799577784,20.806999999999995,72.31639169771155,9.782702011493381
BRA,Brazil,2013,Latin America & Caribbean,Upper middle income,52.826,76.293,19241.5059815726,23.467000000000006,69.24095264309963,9.864824994626998
BRA,Brazil,2014,Latin America & Caribbean,Upper middle income,52.714,75.857,19183.172744636,23.143,69.49127964459443,9.861788754185508
BRA,Brazil,2020,Latin America & Caribbean,Upper middle income,50.338,71.101,17327.5157249466,20.762999999999998,70.79787907343076,9.7600510213056
BRA,Brazil,2021,Latin America & Caribbean,Upper middle income,52.482,72.914,18075.7060049068,20.432000000000002,71.9779466220479,9.802324106010035
BRA,Brazil,2018,Latin America & Caribbean,Upper middle income,54.581,74.881,17917.7492123359,20.299999999999997,72.8903193066332,9.793547076650146
BRA,Brazil,2019,Latin America & Caribbean,Upper middle income,55.306,74.917,18018.6209151518,19.611000000000004,73.82303082077499,9.79916099744301
BRA,Brazil,2023,Latin America & Caribbean,Upper middle income,53.205,73.116,19079.8122134028,19.911,72.76793041194813,9.856386102889001
BRA,Brazil,2024,Latin America & Caribbean,Upper middle income,53.576,73.602,19652.365499171,20.026000000000003,72.79150023097199,9.88595299168932
BRA,Brazil,2008,Latin America & Caribbean,Upper middle income,56.039,78.741,17113.3679822643,22.701999999999998,71.16876849417712,9.747615190429551
BRA,Brazil,2009,Latin America & Caribbean,Upper middle income,56.567,78.666,16939.4407810328,22.098999999999997,71.9078127780744,9.737399955915738
BRA,Brazil,2022,Latin America & Caribbean,Upper middle income,53.864,73.67,18554.0461828566,19.806000000000004,73.1152436541333,9.82844316731525
BRA,Brazil,2015,Latin America & Caribbean,Upper middle income,53.323,75.709,18357.0690617991,22.386000000000003,70.4315206910671,9.817770014274203
BRA,Brazil,1995,Latin America & Caribbean,Upper middle income,48.916,82.894,13550.4393735843,33.97800000000001,59.010302313798334,9.514174251876915
BRN,Brunei Darussalam,2015,East Asia & Pacific,High income,57.383,72.971,81910.1882959493,15.588000000000001,78.63808910389058,11.31337866132216
BRN,Brunei Darussalam,2014,East Asia & Pacific,High income,57.355,73.519,83310.6151819533,16.16400000000001,78.0138467607013,11.330331253192721
BRN,Brunei Darussalam,1992,East Asia & Pacific,High income,47.474,82.284,111457.220883519,34.81000000000001,57.69529920762238,11.621396127056341
BRN,Brunei Darussalam,1991,East Asia & Pacific,High income,46.434,82.339,118220.68359533,35.905,56.3936895031516,11.680308356761659
BRN,Brunei Darussalam,2024,East Asia & Pacific,High income,54.71,73.057,79071.7333801445,18.347,74.88673227753672,11.278110736920862
BRN,Brunei Darussalam,2009,East Asia & Pacific,High income,56.589,75.479,87875.8283546044,18.89,74.97317134567231,11.38368005557897
BRN,Brunei Darussalam,2023,East Asia & Pacific,High income,54.827,73.359,76616.7014884981,18.531999999999996,74.73793263266948,11.246570367060372
BRN,Brunei Darussalam,2000,East Asia & Pacific,High income,54.851,79.738,100323.439918528,24.887,68.78903408663373,11.516154644737888
BRN,Brunei Darussalam,2001,East Asia & Pacific,High income,55.678,79.276,99680.7626777537,23.598,70.23310964226248,11.509727985253583
BRN,Brunei Darussalam,1990,East Asia & Pacific,High income,46.963,81.947,118163.68336994,34.984,57.30899239752523,11.679826089450783
BRN,Brunei Darussalam,2012,East Asia & Pacific,High income,57.224,74.516,89718.4636049982,17.29200000000001,76.79424553116108,11.40443186415625
BRN,Brunei Darussalam,2004,East Asia & Pacific,High income,56.076,78.076,101497.754798655,21.999999999999993,71.8223269634715,11.527791957009027
BRN,Brunei Darussalam,2005,East Asia & Pacific,High income,56.173,77.653,99795.6850854526,21.480000000000004,72.3384801617452,11.510880225748162
BRN,Brunei Darussalam,2002,East Asia & Pacific,High income,55.83,78.904,101571.583784666,23.073999999999998,70.75686910676265,11.528519087847972
BRN,Brunei Darussalam,2003,East Asia & Pacific,High income,55.963,78.497,103226.914446986,22.534,71.29317043963464,11.54468489693238
BRN,Brunei Darussalam,2007,East Asia & Pacific,High income,56.329,76.621,96752.6204091885,20.291999999999994,73.516398898474307,11.479912694857951
BRN,Brunei Darussalam,2008,East Asia & Pacific,High income,56.426,75.975,91275.5000919182,19.548999999999992,74.2691674893057,11.421637685467122
BRN,Brunei Darussalam,1996,East Asia & Pacific,High income,51.337,81.311,102522.125418121,29.974000000000004,63.136598984147284,11.537833912004436
BRN,Brunei Darussalam,2010,East Asia & Pacific,High income,56.829,75.148,88586.5133683924,18.318999999999996,75.62277106509822,11.391734905688265
BRN,Brunei Darussalam,2011,East Asia & Pacific,High income,57.074,74.883,90279.6634042123,17.808999999999997,76.21756606973545,11.410667502570648
BRN,Brunei Darussalam,1999,East Asia & Pacific,High income,53.986,80.163,99083.3205282422,26.177,67.34528398388284,11.50371639664934
BRN,Brunei Darussalam,2013,East Asia & Pacific,High income,57.304,74.04,86606.6518910199,16.736000000000004,77.39600216099404,11.369131903275255
BRN,Brunei Darussalam,2019,East Asia & Pacific,High income,55.057,73.255,80228.1598170527,18.197999999999993,75.15800969217119,11.29262985213981
BRN,Brunei Darussalam,2016,East Asia & Pacific,High income,57.411,72.432,78880.6228501768,15.021,79.26192842942345,11.275690885418983
BRN,Brunei Darussalam,2017,East Asia & Pacific,High income,57.458,71.94,78966.8643142346,14.482,79.86933555740895,11.27678360439967
BRN,Brunei Darussalam,2018,East Asia & Pacific,High income,57.72,74.021,78099.0507802561,16.301000000000002,77.97787114467516,11.265733181851948
BRN,Brunei Darussalam,1995,East Asia & Pacific,High income,50.431,81.66,105043.853097683,31.229,61.75728630908645,11.562133190498143
BRN,Brunei Darussalam,2020,East Asia & Pacific,High income,54.472,72.176,80280.8980640677,17.704,75.47107071602748,11.293286989495284
BRN,Brunei Darussalam,2021,East Asia & Pacific,High income,54.791,71.79,78248.797127611,16.99900000000001,76.3212146538515,11.267648736113141
BRN,Brunei Darussalam,2022,East Asia & Pacific,High income,53.7,73.105,76357.829114996,19.405,73.45598796251966,11.243185847825758
BRN,Brunei Darussalam,2006,East Asia & Pacific,High income,56.255,77.209,102248.510300567,20.954,72.86067686409615,11.535161504611308
BRN,Brunei Darussalam,1997,East Asia & Pacific,High income,52.222,80.942,106503.420270796,28.71999999999999,64.51780287119172,11.575932378834676
BRN,Brunei Darussalam,1998,East Asia & Pacific,High income,53.105,80.562,97171.6372551031,27.457,65.91817482187632,11.484234150080267
BRN,Brunei Darussalam,1994,East Asia & Pacific,High income,49.487,81.952,106239.232694338,32.464999999999996,60.38534752049981,11.573448742304077
BRN,Brunei Darussalam,1993,East Asia & Pacific,High income,48.497,82.16,107899.136339239,33.663,59.02750730282376,11.588952146943932
BGR,Bulgaria,2018,Europe & Central Asia,High income,49.175,61.957,27690.893655005,12.782000000000004,79.3695627612699,10.22885888920887
BGR,Bulgaria,1993,Europe & Central Asia,High income,44.445,55.694,12870.7386486833,11.249000000000002,79.80213308435378,9.462711692003339
BGR,Bulgaria,2017,Europe & Central Asia,High income,49.604,61.667,26691.758001902,12.063000000000002,80.43848411630206,10.192110107666723
BGR,Bulgaria,1990,Europe & Central Asia,High income,44.911,55.872,14954.1346607381,10.960999999999999,80.38194444444444,9.612743106517183
BGR,Bulgaria,1997,Europe & Central Asia,High income,44.449,55.948,12419.3797738056,11.499000000000002,79.44698648745263,9.42701341654373
BGR,Bulgaria,1994,Europe & Central Asia,High income,44.338,55.578,13149.3076944164,11.240000000000002,79.77617042714743,9.484124389407578
BGR,Bulgaria,1995,Europe & Central Asia,High income,44.215,55.44,13591.3431083214,11.224999999999994,79.75288600288602,9.517188332896158
BGR,Bulgaria,1992,Europe & Central Asia,High income,44.605,55.83,12960.3221276617,11.225000000000001,79.89432204907754,9.469647825126824
BGR,Bulgaria,2013,Europe & Central Asia,High income,48.534,59.738,22954.396399855,11.204,81.2447688238642,10.041264761406435
BGR,Bulgaria,2014,Europe & Central Asia,High income,48.389,59.963,23455.4830019277,11.573999999999998,80.69809715991528,10.062859563256893
BGR,Bulgaria,2015,Europe & Central Asia,High income,48.725,60.111,24562.648880929,11.385999999999996,81.05837533895627,10.108982229903335
BGR,Bulgaria,1996,Europe & Central Asia,High income,44.032,55.207,14372.7715114425,11.175000000000004,79.75800170268262,9.573090828356932
BGR,Bulgaria,2004,Europe & Central Asia,High income,45.711,56.492,16388.9600145841,10.780999999999999,80.91588189478156,9.704363217289304
BGR,Bulgaria,2005,Europe & Central Asia,High income,44.646,56.019,17678.0339712293,11.372999999999998,79.69795962084292,9.780078129286052
BGR,Bulgaria,2006,Europe & Central Asia,High income,46.742,57.678,19024.543813813,10.936,81.03956447865738,9.853485204193415
BGR,Bulgaria,1991,Europe & Central Asia,High income,44.733,55.839,13827.4797929492,11.106000000000002,80.11067533444366,9.534413180500867
BGR,Bulgaria,2008,Europe & Central Asia,High income,48.92,61.247,21845.954719527,12.326999999999998,79.87329991673062,9.991771044689036
BGR,Bulgaria,2009,Europe & Central Asia,High income,48.062,60.587,21251.2168646802,12.525000000000006,79.32724841962796,9.964169436933275
BGR,Bulgaria,2010,Europe & Central Asia,High income,47.819,59.609,21724.2863457596,11.79,80.2211075508732,9.986186100146838
BGR,Bulgaria,2007,Europe & Central Asia,High income,48.069,59.435,20440.2525941501,11.366,80.8765878691007,9.925261402076416
BGR,Bulgaria,2012,Europe & Central Asia,High income,47.958,58.774,22618.8104278919,10.816000000000003,81.59730493075169,10.026537158892541
BGR,Bulgaria,1998,Europe & Central Asia,High income,44.243,55.718,12976.2670026785,11.475000000000001,79.40521913923688,9.470877352798746
BGR,Bulgaria,1999,Europe & Central Asia,High income,44.55,56.215,11953.5983607318,11.665000000000006,79.24931068220225,9.388787630085584
BGR,Bulgaria,2000,Europe & Central Asia,High income,44.321,55.988,12563.8362285253,11.667000000000002,79.1616060584411,9.438577825594697
BGR,Bulgaria,2016,Europe & Central Asia,High income,47.437,59.639,25636.7443903478,12.202000000000005,79.54023373966699,10.151781929117353
BGR,Bulgaria,2002,Europe & Central Asia,High income,46.197,56.075,14397.001318192,9.878,82.38430673205528,9.574775222086537
BGR,Bulgaria,2003,Europe & Central Asia,High income,44.865,55.846,15271.4839489061,10.980999999999995,80.33699817354871,9.633742574165867
BGR,Bulgaria,2022,Europe & Central Asia,High income,50.802,63.188,32433.6587569626,12.386000000000003,80.39817686902576,10.386952013072175
BGR,Bulgaria,2019,Europe & Central Asia,High income,50.385,63.455,29149.921509976,13.07,79.40272634150185,10.280207499149833
BGR,Bulgaria,2020,Europe & Central Asia,High income,49.517,62.781,28521.2062482596,13.263999999999996,78.87258884057279,10.258403168453594
BGR,Bulgaria,2021,Europe & Central Asia,High income,49.193,62.128,30958.9830238332,12.935000000000002,79.18007983517899,10.340418479096751
BGR,Bulgaria,2023,Europe & Central Asia,High income,51.029,63.278,33073.6803093453,12.248999999999995,80.64256139574576,10.406493088242923
BGR,Bulgaria,2024,Europe & Central Asia,High income,50.487,62.575,34221.3866940362,12.088000000000001,80.68238114262884,10.44060606953679
BGR,Bulgaria,2011,Europe & Central Asia,High income,47.2,58.297,22321.033168819,11.096999999999994,80.96471516544591,10.01328470434953
BGR,Bulgaria,2001,Europe & Central Asia,High income,46.664,56.635,13306.5044553959,9.970999999999997,82.39427915599894,9.49600825145723
BFA,Burkina Faso,1998,Sub-Saharan Africa,Low income,77.801,87.639,1385.09310679095,9.837999999999994,88.77440408950353,7.233522641481751
BFA,Burkina Faso,1992,Sub-Saharan Africa,Low income,79.153,88.727,1152.04476095096,9.573999999999998,89.20959798032166,7.049293695493153
BFA,Burkina Faso,1993,Sub-Saharan Africa,Low income,78.935,88.555,1162.64923453351,9.620000000000005,89.13669470950256,7.058456503014568
BFA,Burkina Faso,1991,Sub-Saharan Africa,Low income,79.367,88.895,1178.07704639063,9.527999999999992,89.28173688058946,7.071638766479064
BFA,Burkina Faso,1995,Sub-Saharan Africa,Low income,78.489,88.199,1183.52861008084,9.709999999999994,88.99080488440913,7.076255602790146
BFA,Burkina Faso,2011,Sub-Saharan Africa,Low income,74.565,84.869,1939.86659989406,10.304000000000002,87.85893553594363,7.570374486751888
BFA,Burkina Faso,1999,Sub-Saharan Africa,Low income,77.559,87.438,1444.56690170414,9.879000000000005,88.70170863926438,7.27556483361686
BFA,Burkina Faso,2024,Sub-Saharan Africa,Low income,64.113,76.222,2548.50247702504,12.108999999999995,84.11351053501615,7.84326120173373
BFA,Burkina Faso,2001,Sub-Saharan Africa,Low income,77.068,87.025,1477.28491846525,9.957000000000008,88.55846021258257,7.297961167425015
BFA,Burkina Faso,2002,Sub-Saharan Africa,Low income,76.819,86.813,1494.67801269583,9.994,88.48789927775795,7.309666086504828
BFA,Burkina Faso,2003,Sub-Saharan Africa,Low income,76.568,86.598,1561.83310184915,10.030000000000001,88.41774636827641,7.353615475682643
BFA,Burkina Faso,2000,Sub-Saharan Africa,Low income,77.315,87.233,1428.57400617096,9.918000000000006,88.6304494858597,7.264432027238914
BFA,Burkina Faso,1990,Sub-Saharan Africa,Low income,79.394,88.789,1107.85590454965,9.394999999999996,89.41873430267263,7.010181808804546
BFA,Burkina Faso,2020,Sub-Saharan Africa,Low income,69.457,81.152,2380.93171826574,11.695000000000007,85.58877168769715,7.775247168320814
BFA,Burkina Faso,2021,Sub-Saharan Africa,Low income,67.668,80.544,2486.43093147762,12.87599999999999,84.01370679380216,7.818603600362044
BFA,Burkina Faso,2022,Sub-Saharan Africa,Low income,65.403,79.529,2469.19956941259,14.12599999999999,82.23792578807732,7.811649316136358
BFA,Burkina Faso,1994,Sub-Saharan Africa,Low income,78.714,88.379,1148.60721370395,9.665000000000006,89.0641441971509,7.046305368842261
BFA,Burkina Faso,2009,Sub-Saharan Africa,Low income,75.067,85.306,1779.32305627973,10.239000000000004,87.99732726889081,7.483988265490844
BFA,Burkina Faso,2010,Sub-Saharan Africa,Low income,74.817,85.089,1873.97146230828,10.272000000000006,87.9279342805768,7.535815234458447
BFA,Burkina Faso,2012,Sub-Saharan Africa,Low income,74.31,84.644,2003.6646118745,10.334000000000003,87.79121969661169,7.6027330888545555
BFA,Burkina Faso,2013,Sub-Saharan Africa,Low income,74.052,84.416,2057.0639319853,10.36399999999999,87.722706595906,7.629034969376735
BFA,Burkina Faso,2014,Sub-Saharan Africa,Low income,73.793,84.185,2083.19844698304,10.391999999999996,87.65575815168974,7.641659706518119
BFA,Burkina Faso,2015,Sub-Saharan Africa,Low income,73.531,83.95,2101.70266192027,10.418999999999997,87.58904109589042,7.650503086588339
BFA,Burkina Faso,2016,Sub-Saharan Africa,Low income,73.267,83.711,2162.72578977814,10.444000000000003,87.52374239944571,7.679124644813637
BFA,Burkina Faso,2004,Sub-Saharan Africa,Low income,76.315,86.382,1581.25620933294,10.067000000000007,88.34595170290106,7.365974879318991
BFA,Burkina Faso,2019,Sub-Saharan Africa,Low income,72.467,82.983,2391.53626844484,10.516000000000005,87.32752491474157,7.779691228568742
BFA,Burkina Faso,2005,Sub-Saharan Africa,Low income,76.062,86.165,1664.99543180023,10.103000000000009,88.27482156327974,7.417577658747255
BFA,Burkina Faso,2006,Sub-Saharan Africa,Low income,75.811,85.948,1714.76034904509,10.136999999999986,88.20565923581702,7.447028611669625
BFA,Burkina Faso,2007,Sub-Saharan Africa,Low income,75.561,85.733,1731.93046335077,10.171999999999997,88.135257135525407,7.4569919401355715
BFA,Burkina Faso,2023,Sub-Saharan Africa,Low income,64.722,77.906,2486.20669812871,13.184000000000012,83.07704156290913,7.818513413477029
BFA,Burkina Faso,2017,Sub-Saharan Africa,Low income,73,83.47,2232.28781490944,10.469999999999999,87.45657122319398,7.710782264520137
BFA,Burkina Faso,2018,Sub-Saharan Africa,Low income,72.734,83.227,2316.39432079045,10.49300000000001,87.39231259086594,7.747767083609054
BFA,Burkina Faso,1996,Sub-Saharan Africa,Low income,78.264,88.017,1280.69608533889,9.753,88.9191860663281,7.155159025769972
BFA,Burkina Faso,1997,Sub-Saharan Africa,Low income,78.036,87.832,1326.94230829963,9.795999999999992,88.8468895163494,7.190632558104259
BFA,Burkina Faso,2008,Sub-Saharan Africa,Low income,75.314,85.521,1779.32710911571,10.207000000000008,88.06491972731843,7.483990543228632
BDI,Burundi,1992,Sub-Saharan Africa,Low income,89.435,88.525,1472.49317307891,-0.9099999999999966,101.0279582038972,7.294712279235816
BDI,Burundi,1995,Sub-Saharan Africa,Low income,87.479,86.243,1180.67488724146,-1.2360000000000042,101.43315979267884,7.073841492305535
BDI,Burundi,1996,Sub-Saharan Africa,Low income,86.708,85.357,1085.47116215302,-1.350999999999999,101.58276415525383,6.989769422547231
BDI,Burundi,1991,Sub-Saharan Africa,Low income,89.953,89.125,1497.26901418268,-0.828000000000003,100.92903225806451,7.311398070467963
BDI,Burundi,1994,Sub-Saharan Africa,Low income,88.078,86.889,1361.32213320803,-1.1890000000000072,101.36841257236244,7.216211663262349
BDI,Burundi,2000,Sub-Saharan Africa,Low income,83.348,81.92,1030.32234706616,-1.4279999999999973,101.74316406249999,6.937626990579103
BDI,Burundi,2001,Sub-Saharan Africa,Low income,82.48,81.197,1025.48374929263,-1.2830000000000013,101.5801076394448,6.932919730768281
BDI,Burundi,1993,Sub-Saharan Africa,Low income,88.762,87.706,1424.76600804187,-1.0559999999999974,101.2040225298155,7.261762874336755
BDI,Burundi,1990,Sub-Saharan Africa,Low income,90.451,89.713,1455.82622509445,-0.7379999999999995,100.82262325415492,7.283328870737077
BDI,Burundi,2003,Sub-Saharan Africa,Low income,80.577,79.803,996.569433908385,-0.7740000000000009,100.96988835006202,6.904318815006083
BDI,Burundi,2014,Sub-Saharan Africa,Low income,80.46,77.359,1019.17607398667,-3.100999999999999,104.00858335810959,6.926749809254546
BDI,Burundi,2015,Sub-Saharan Africa,Low income,80.778,78.151,992.28580552029,-2.6270000000000095,103.36144131233127,6.900011176192558
BDI,Burundi,2016,Sub-Saharan Africa,Low income,81.001,78.805,1006.55907385999,-2.195999999999998,102.78662521413615,6.914292935717169
BDI,Burundi,2004,Sub-Saharan Africa,Low income,79.526,79.157,1006.51241783279,-0.3689999999999998,100.46616218401405,6.91424658264188
BDI,Burundi,2005,Sub-Saharan Africa,Low income,78.357,78.506,978.5419608465,0.1490000000000009,99.81020558938171,6.886063668743976
BDI,Burundi,2006,Sub-Saharan Africa,Low income,77.057,77.857,995.027813698961,0.7999999999999972,98.97247517885354,6.9027706902341945
BDI,Burundi,1997,Sub-Saharan Africa,Low income,85.85,84.376,1068.29382590126,-1.4739999999999895,101.7469422584621,6.97381809956723
BDI,Burundi,1999,Sub-Saharan Africa,Low income,84.182,82.67,1061.04411459842,-1.5120000000000005,101.82895850973752,6.9670087160704774
BDI,Burundi,2021,Sub-Saharan Africa,Low income,80.488,77.651,1032.38274081999,-2.8370000000000033,103.65352667705503,6.9396247501727455
BDI,Burundi,2022,Sub-Saharan Africa,Low income,80.249,77.919,1028.11134640179,-2.3299999999999983,102.99028478291558,6.935478753770032
BDI,Burundi,2023,Sub-Saharan Africa,Low income,79.98,77.581,1033.00937341776,-2.399000000000001,103.09225196890992,6.940231543055004
BDI,Burundi,2002,Sub-Saharan Africa,Low income,81.561,80.491,1041.29719140875,-1.0700000000000074,101.32934116857786,6.9482225143352
BDI,Burundi,2012,Sub-Saharan Africa,Low income,79.95,77.404,999.220068163159,-2.5460000000000065,103.28923569841353,6.906975042840226
BDI,Burundi,2013,Sub-Saharan Africa,Low income,80.235,77.389,1011.43131303134,-2.8460000000000036,103.67752522968381,6.9191217482529845
BDI,Burundi,2019,Sub-Saharan Africa,Low income,80.888,78.553,1054.72592734898,-2.335000000000008,102.97251537178722,6.961036227656991
BDI,Burundi,2007,Sub-Saharan Africa,Low income,77.675,77.678,991.931411319069,0.0030000000000001137,99.99613790262364,6.899653963079013
BDI,Burundi,2017,Sub-Saharan Africa,Low income,81.087,79.062,1020.8498275719,-2.0250000000000057,102.56128101995903,6.9283907236757925
BDI,Burundi,2018,Sub-Saharan Africa,Low income,81.073,78.978,1043.40558434036,-2.094999999999999,102.65263744333866,6.950245242634886
BDI,Burundi,2009,Sub-Saharan Africa,Low income,78.77,77.522,985.184772509514,-1.2479999999999905,101.60986558654317,6.892829209884053
BDI,Burundi,2010,Sub-Saharan Africa,Low income,79.267,77.542,988.018678716302,-1.7249999999999943,102.2246008614686,6.895701603152461
BDI,Burundi,1998,Sub-Saharan Africa,Low income,84.972,83.413,1097.86451761348,-1.5589999999999975,101.86901322335846,7.001122224304628
BDI,Burundi,2008,Sub-Saharan Africa,Low income,78.219,77.524,998.565055501985,-0.6949999999999932,100.89649656880448,6.906319303965323
BDI,Burundi,2020,Sub-Saharan Africa,Low income,78.558,78.534,1027.62896276744,-0.02400000000000091,100.03056001222402,6.9350094497037045
BDI,Burundi,2024,Sub-Saharan Africa,Low income,79.728,77.215,1048.05557098193,-2.512999999999991,103.25454898659585,6.954691889221289
BDI,Burundi,2011,Sub-Saharan Africa,Low income,79.631,77.457,991.659881666872,-2.1740000000000066,102.80671856643042,6.899380187271614
CPV,Cabo Verde,2010,Sub-Saharan Africa,Upper middle income,51.329,66.894,7072.12150207342,15.565000000000005,76.73184441055999,8.863915784892944
CPV,Cabo Verde,1994,Sub-Saharan Africa,Upper middle income,42.036,80.445,2465.9939315017,38.40899999999999,52.25433526011562,7.810350222854149
CPV,Cabo Verde,1992,Sub-Saharan Africa,Upper middle income,41.461,82.619,1984.68062998835,41.158,50.1833718636149,7.593213288483307
CPV,Cabo Verde,2009,Sub-Saharan Africa,Upper middle income,48.403,63.305,6994.5740991365,14.902000000000001,76.45999526103783,8.852889998775089
CPV,Cabo Verde,1991,Sub-Saharan Africa,Upper middle income,41.196,83.708,1830.07599656211,42.512,49.21393415205237,7.512112773149212
CPV,Cabo Verde,1993,Sub-Saharan Africa,Upper middle income,41.741,81.532,2111.62140814748,39.791,51.195849482411816,7.655211371251677
CPV,Cabo Verde,1997,Sub-Saharan Africa,Upper middle income,43.017,77.176,3302.9740337536,34.159,55.738830724577596,8.102578563947112
CPV,Cabo Verde,1998,Sub-Saharan Africa,Upper middle income,43.375,76.077,3657.38118993776,32.702,57.0146036252744,8.204502648412532
CPV,Cabo Verde,1995,Sub-Saharan Africa,Upper middle income,42.347,79.358,2763.39733371857,37.011,53.36197988860606,7.924216119766697
CPV,Cabo Verde,1996,Sub-Saharan Africa,Upper middle income,42.673,78.268,3022.88825211585,35.595,54.52164358358461,8.013968028206639
CPV,Cabo Verde,2005,Sub-Saharan Africa,Upper middle income,46.269,68.02,5565.76951208069,21.750999999999998,68.02264039988238,8.624390531253695
CPV,Cabo Verde,2006,Sub-Saharan Africa,Upper middle income,46.764,66.845,5941.38218091511,20.080999999999996,69.95886004936794,8.68969707567823
CPV,Cabo Verde,1999,Sub-Saharan Africa,Upper middle income,43.749,74.971,4006.47964718799,31.222,58.354563764655666,8.295668241257136
CPV,Cabo Verde,1990,Sub-Saharan Africa,Upper middle income,40.946,84.803,1848.75865235574,43.857,48.28366920981569,7.5222696941253435
CPV,Cabo Verde,2007,Sub-Saharan Africa,Upper middle income,47.285,65.669,6767.40677380347,18.384,72.00505565792078,8.819873245819648
CPV,Cabo Verde,2008,Sub-Saharan Africa,Upper middle income,47.831,64.489,7169.13944155367,16.658,74.16923816464823,8.877540904291926
CPV,Cabo Verde,2022,Sub-Saharan Africa,Upper middle income,49.927,64.281,8850.1066918812,14.354000000000006,77.66991801621008,9.088184793509104
CPV,Cabo Verde,2023,Sub-Saharan Africa,Upper middle income,50.216,63.845,9228.4604533114,13.628999999999998,78.65298770459708,9.130047515460102
CPV,Cabo Verde,2011,Sub-Saharan Africa,Upper middle income,51.431,66.793,7325.78441834692,15.362000000000009,77.00058389352176,8.899155515980707
CPV,Cabo Verde,2012,Sub-Saharan Africa,Upper middle income,51.537,66.697,7397.82220702474,15.160000000000004,77.27034199439254,8.908940939530584
CPV,Cabo Verde,2013,Sub-Saharan Africa,Upper middle income,51.641,66.6,7440.66242650114,14.958999999999996,77.53903903903905,8.91471515968373
CPV,Cabo Verde,2014,Sub-Saharan Africa,Upper middle income,51.743,66.503,7491.02198228243,14.759999999999998,77.80551253326918,8.921460513435958
CPV,Cabo Verde,2004,Sub-Saharan Africa,Upper middle income,45.799,69.192,5268.30312485708,23.392999999999994,66.19117817088681,8.569463601993087
CPV,Cabo Verde,2001,Sub-Saharan Africa,Upper middle income,44.524,72.695,4540.90731780518,28.170999999999992,61.24767865740422,8.420882120804919
CPV,Cabo Verde,2002,Sub-Saharan Africa,Upper middle income,44.928,71.531,4710.2410491228,26.60300000000001,62.809131705134824,8.457494363858613
CPV,Cabo Verde,2003,Sub-Saharan Africa,Upper middle income,45.352,70.363,4841.265398715,25.011000000000003,64.4543296903202,8.48493141155512
CPV,Cabo Verde,2017,Sub-Saharan Africa,Upper middle income,52.038,66.208,8234.56000312459,14.170000000000002,78.59775253745771,9.01609521108407
CPV,Cabo Verde,2018,Sub-Saharan Africa,Upper middle income,48.62,62.372,8531.12961646549,13.752000000000002,77.95164496889629,9.05147706037732
CPV,Cabo Verde,2021,Sub-Saharan Africa,Upper middle income,47.643,60.563,7685.41921393669,12.920000000000002,78.66684279180357,8.94708020411884
CPV,Cabo Verde,2020,Sub-Saharan Africa,Upper middle income,46.76,59.893,7207.86853962048,13.133000000000003,78.07256273688077,8.882928561000393
CPV,Cabo Verde,2016,Sub-Saharan Africa,Upper middle income,51.941,66.307,7881.30336227784,14.366,78.33411253713786,8.972248570478932
CPV,Cabo Verde,2024,Sub-Saharan Africa,Upper middle income,50.429,63.458,9825.53410093619,13.028999999999996,79.4683097481799,9.192739796678376
CPV,Cabo Verde,2015,Sub-Saharan Africa,Upper middle income,51.843,66.405,7560.13649202469,14.561999999999998,78.07092839394625,8.93064452351122
CPV,Cabo Verde,2000,Sub-Saharan Africa,Upper middle income,44.134,73.846,4510.13573659758,29.712000000000003,59.7649161769087,8.414082528850383
CPV,Cabo Verde,2019,Sub-Saharan Africa,Upper middle income,50.407,64.304,9111.62993173269,13.897000000000006,78.38859168947498,9.117306891015698
KHM,Cambodia,1990,East Asia & Pacific,Lower middle income,77.488,82.955,2646.09798836687,5.466999999999999,93.4096799469592,7.88084137662975
KHM,Cambodia,2014,East Asia & Pacific,Lower middle income,74.39,86.745,4702.73061823207,12.355000000000004,85.75710415585912,8.455898601595665
KHM,Cambodia,1994,East Asia & Pacific,Lower middle income,78.807,82.491,1650.39100001816,3.6839999999999975,95.53405826090119,7.408767508529715
KHM,Cambodia,1992,East Asia & Pacific,Lower middle income,77.337,82.937,2769.4882552665,5.599999999999994,93.2478869503358,7.926417836722697
KHM,Cambodia,2009,East Asia & Pacific,Lower middle income,77.375,87.158,3587.60889588362,9.783000000000001,88.77555703435141,8.18524121386047
KHM,Cambodia,1999,East Asia & Pacific,Lower middle income,78.595,82.601,1775.41239802043,4.006,95.15017977990581,7.481788011836394
KHM,Cambodia,1991,East Asia & Pacific,Lower middle income,77.389,82.949,2731.37973720314,5.560000000000002,93.29708616137626,7.9125621587512365
KHM,Cambodia,2011,East Asia & Pacific,Lower middle income,81.841,89.397,3921.97911563308,7.556000000000012,91.54781480362874,8.274351681814291
KHM,Cambodia,2012,East Asia & Pacific,Lower middle income,78.356,88.07,4159.16354123446,9.713999999999999,88.97013739071194,8.333069261219022
KHM,Cambodia,2000,East Asia & Pacific,Lower middle income,77.834,83.469,1922.03179092592,5.634999999999991,93.24899064323283,7.5611381299376275
KHM,Cambodia,2001,East Asia & Pacific,Lower middle income,77.074,84.32,2032.08092022373,7.245999999999995,91.40654648956357,7.616815630850209
KHM,Cambodia,2002,East Asia & Pacific,Lower middle income,76.315,85.158,2126.34150468987,8.843000000000004,89.61577303365509,7.662158178499462
KHM,Cambodia,2003,East Asia & Pacific,Lower middle income,75.559,85.985,2309.83931482788,10.426000000000002,87.87462929580741,7.744933240415811
KHM,Cambodia,2004,East Asia & Pacific,Lower middle income,75.325,86.653,2491.30930003838,11.328000000000003,86.92716928438715,7.820563674570706
KHM,Cambodia,2005,East Asia & Pacific,Lower middle income,75.101,87.302,2781.89028895255,12.201000000000008,86.02437515749925,7.930885935671458
KHM,Cambodia,1995,East Asia & Pacific,Lower middle income,78.774,82.519,1672.73928514136,3.7450000000000045,95.46165125607435,7.42221785210743
KHM,Cambodia,1996,East Asia & Pacific,Lower middle income,78.837,82.503,1643.01579058314,3.665999999999997,95.55652521726483,7.404288728814663
KHM,Cambodia,1997,East Asia & Pacific,Lower middle income,78.936,82.467,1595.17130656935,3.5309999999999917,95.71828731492597,7.374736411689574
KHM,Cambodia,1998,East Asia & Pacific,Lower middle income,78.92,82.472,1602.38371208931,3.5519999999999925,95.69308371326026,7.379247619602812
KHM,Cambodia,2010,East Asia & Pacific,Lower middle income,81.275,88.589,3711.53750580157,7.313999999999993,91.74389596902552,8.219201491801321
KHM,Cambodia,2024,East Asia & Pacific,Lower middle income,77.299,87.842,7011.58146903703,10.542999999999992,87.99776872111292,8.85531855644414
KHM,Cambodia,2017,East Asia & Pacific,Lower middle income,76.417,86.849,5632.03125629342,10.432000000000002,87.98834759179725,8.636225447590487
KHM,Cambodia,2013,East Asia & Pacific,Lower middle income,74.402,86.589,4419.3988680186,12.186999999999998,85.92546397348393,8.393758963111813
KHM,Cambodia,2015,East Asia & Pacific,Lower middle income,73.417,86.354,4968.57276699143,12.936999999999998,85.01864418556177,8.510887908230153
KHM,Cambodia,2016,East Asia & Pacific,Lower middle income,75.918,88.076,5283.72964943779,12.157999999999987,86.19601253462919,8.572387500335903
KHM,Cambodia,2007,East Asia & Pacific,Lower middle income,74.683,88.551,3308.15747246544,13.867999999999995,84.33896850402593,8.104146658537003
KHM,Cambodia,2018,East Asia & Pacific,Lower middle income,76.845,87.432,6050.59088262205,10.587000000000003,87.89116113093604,8.70791121280492
KHM,Cambodia,2019,East Asia & Pacific,Lower middle income,77.289,88.011,6448.88455952805,10.721999999999994,87.81743191192011,8.771662458327297
KHM,Cambodia,2006,East Asia & Pacific,Lower middle income,74.887,87.936,3041.10471220153,13.049000000000007,85.16079876273653,8.01997612056088
KHM,Cambodia,2008,East Asia & Pacific,Lower middle income,71.971,86.695,3501.9257021932,14.72399999999999,83.01632158717344,8.161068296799264
KHM,Cambodia,2022,East Asia & Pacific,Lower middle income,77.173,87.927,6458.3681488084,10.754000000000005,87.7693996155902,8.773131956322144
KHM,Cambodia,2023,East Asia & Pacific,Lower middle income,77.22,87.885,6695.29194763723,10.665000000000006,87.86482334869432,8.809159863991137
KHM,Cambodia,2020,East Asia & Pacific,Lower middle income,77.09,87.833,6128.78243783335,10.742999999999995,87.76883403732083,8.72075138568378
KHM,Cambodia,2021,East Asia & Pacific,Lower middle income,73.711,85.799,6225.53265474741,12.088000000000008,85.91125770696627,8.736414284699956
KHM,Cambodia,1993,East Asia & Pacific,Lower middle income,77.377,82.917,2714.59150059884,5.540000000000006,93.31861982464392,7.906396760863178
CMR,Cameroon,1991,Sub-Saharan Africa,Lower middle income,77.579,87.09,4220.65297387084,9.51100000000001,89.07911356068435,8.347745128204869
CMR,Cameroon,2008,Sub-Saharan Africa,Lower middle income,75.727,84.388,4300.26640352464,8.661000000000001,89.73669242072333,8.36643225407062
CMR,Cameroon,1994,Sub-Saharan Africa,Lower middle income,77.608,86.97,3522.74885285749,9.361999999999995,89.23536851787973,8.166996887936808
CMR,Cameroon,2017,Sub-Saharan Africa,Lower middle income,62.821,75.919,4797.97544185544,13.097999999999999,82.7474018361675,8.475949324973753
CMR,Cameroon,1992,Sub-Saharan Africa,Lower middle income,77.579,87.08,3974.27759501196,9.501000000000005,89.08934313275148,8.287598273468335
CMR,Cameroon,1993,Sub-Saharan Africa,Lower middle income,77.589,87.038,3556.31854424592,9.448999999999998,89.14382223856246,8.176481171993546
CMR,Cameroon,2000,Sub-Saharan Africa,Lower middle income,77.861,86.169,3822.94425358926,8.307999999999993,90.35848158850631,8.24877615174057
CMR,Cameroon,1995,Sub-Saharan Africa,Lower middle income,77.636,86.877,3526.54367510339,9.241,89.36312257559538,8.168073541401654
CMR,Cameroon,1996,Sub-Saharan Africa,Lower middle income,77.677,86.747,3577.59204137871,9.069999999999993,89.54430700773514,8.182445238948347
CMR,Cameroon,2015,Sub-Saharan Africa,Lower middle income,65.628,76.782,4698.66677843587,11.153999999999996,85.47315777135267,8.455034083295281
CMR,Cameroon,2006,Sub-Saharan Africa,Lower middle income,78.075,85.502,4241.51744722821,7.4269999999999925,91.3136534817899,8.35267637269641
CMR,Cameroon,2007,Sub-Saharan Africa,Lower middle income,78.096,85.437,4302.6192630847,7.340999999999994,91.40770392218829,8.366979247186629
CMR,Cameroon,1990,Sub-Saharan Africa,Lower middle income,77.585,87.084,4517.61887779618,9.49900000000001,89.0921409214092,8.415740337072267
CMR,Cameroon,2018,Sub-Saharan Africa,Lower middle income,61.419,75.491,4851.48003949961,14.072000000000003,81.35936734180234,8.487039100162262
CMR,Cameroon,2019,Sub-Saharan Africa,Lower middle income,60.035,75.02,4882.35560028896,14.985,80.02532657957879,8.493383087359868
CMR,Cameroon,2011,Sub-Saharan Africa,Lower middle income,69.623,80.96,4307.85195558527,11.336999999999989,85.99678853754942,8.368194672687013
CMR,Cameroon,2020,Sub-Saharan Africa,Lower middle income,58.059,73.934,4763.48194388066,15.875,78.52814672545783,8.468734180624411
CMR,Cameroon,2009,Sub-Saharan Africa,Lower middle income,73.187,83.274,4286.57718166156,10.087000000000003,87.88697552657491,8.363243833710019
CMR,Cameroon,2010,Sub-Saharan Africa,Lower middle income,70.481,82.092,4286.58302947378,11.611000000000004,85.8561126540954,8.36324519792393
CMR,Cameroon,2004,Sub-Saharan Africa,Lower middle income,78.031,85.64,4222.96638689885,7.608999999999995,91.11513311536666,8.348293095370854
CMR,Cameroon,2001,Sub-Saharan Africa,Lower middle income,77.905,86.029,3884.87304812714,8.123999999999995,90.55667274988667,8.264845584823076
CMR,Cameroon,2002,Sub-Saharan Africa,Lower middle income,77.954,85.878,3951.41936232132,7.924000000000007,90.77295698549104,8.281830125584047
CMR,Cameroon,2003,Sub-Saharan Africa,Lower middle income,77.998,85.743,4054.78133246517,7.74499999999999,90.96719265712653,8.307652039686158
CMR,Cameroon,2022,Sub-Saharan Africa,Lower middle income,57.098,74.236,4843.65038202917,17.138000000000005,76.91416563392424,8.485423926599417
CMR,Cameroon,2005,Sub-Saharan Africa,Lower middle income,78.055,85.564,4199.72270969362,7.508999999999986,91.22411294469637,8.342773780590425
CMR,Cameroon,2012,Sub-Saharan Africa,Lower middle income,68.757,79.782,4382.11120797355,11.024999999999991,86.18109347973228,8.385285898193393
CMR,Cameroon,2021,Sub-Saharan Africa,Lower middle income,57.093,73.711,4793.55628200196,16.617999999999995,77.45519664636214,8.475027853764898
CMR,Cameroon,2014,Sub-Saharan Africa,Lower middle income,67.006,77.287,4588.4864949903,10.281000000000006,86.69763349593075,8.431305509024988
CMR,Cameroon,2023,Sub-Saharan Africa,Lower middle income,57.095,74.194,4875.25120768005,17.099000000000004,76.9536620211877,8.491926911884857
CMR,Cameroon,2016,Sub-Saharan Africa,Lower middle income,64.23,76.334,4767.13186148953,12.104,84.1433699269002,8.469500116137452
CMR,Cameroon,2013,Sub-Saharan Africa,Lower middle income,67.885,78.558,4473.57231896434,10.673000000000002,86.41385982331525,8.4059425449382
CMR,Cameroon,1999,Sub-Saharan Africa,Lower middle income,77.821,86.294,3780.06217282191,8.472999999999999,90.18124087422069,8.237495736314854
CMR,Cameroon,2024,Sub-Saharan Africa,Lower middle income,57.104,74.14,4916.93354019494,17.036,77.02185055300782,8.500440350988468
CMR,Cameroon,1997,Sub-Saharan Africa,Lower middle income,77.729,86.582,3641.70750463277,8.852999999999994,89.77501097225752,8.200207945319606
CMR,Cameroon,1998,Sub-Saharan Africa,Lower middle income,77.78,86.425,3714.13212604236,8.644999999999996,89.99710731848424,8.21990031641244
CAN,Canada,2011,North America,High income,61.643,71.705,53681.1084809345,10.061999999999998,85.96750575273691,10.890816421226221
CAN,Canada,2023,North America,High income,61.134,69.693,58088.3778077995,8.5589999999999975,87.71899616891223,10.969720885098281
CAN,Canada,2009,North America,High income,61.889,72.183,51552.4020321975,10.294000000000004,85.73902442403335,10.850354084522438
CAN,Canada,2006,North America,High income,61.268,72.57,53195.7608573851,11.301999999999992,84.42607137935786,10.881733989023008
CAN,Canada,2010,North America,High income,61.867,71.756,52558.4200617806,9.889000000000003,86.21857405652489,10.86968059299932
CAN,Canada,2020,North America,High income,59.379,68.927,54092.8576890836,9.548000000000009,86.147663470048,10.898457435584596
CAN,Canada,2012,North America,High income,61.73,71.534,54034.7821680318,9.80400000000001,86.29462912740793,10.897383232416692
CAN,Canada,2005,North America,High income,60.992,72.66,52356.5371486354,11.668,83.94164602257088,10.86583208240202
CAN,Canada,1995,North America,High income,56.808,72.305,41617.706919569,15.497000000000007,78.56718069289813,10.636281002792346
CAN,Canada,1996,North America,High income,56.77,71.98,41880.535589577,15.21,78.8691303139761,10.642576453574547
CAN,Canada,1997,North America,High income,57.086,72.044,43241.2236471729,14.957999999999998,79.23768807950697,10.674549570316032
CAN,Canada,1998,North America,High income,57.674,71.939,44553.2651715658,14.264999999999993,80.17070017653847,10.704440722504247
CAN,Canada,1999,North America,High income,58.201,72.208,46464.5274488374,14.006999999999998,80.6018723687126,10.746444449894257
CAN,Canada,2000,North America,High income,58.669,72.158,48399.2864445547,13.489000000000004,81.30630006374899,10.787240349714944
CAN,Canada,2002,North America,High income,60.159,72.829,49694.9870914363,12.669999999999995,82.60308393634405,10.813659343646288
CAN,Canada,2003,North America,High income,61.174,73.251,50139.7664579994,12.077000000000005,83.51285306685232,10.82256971390326
CAN,Canada,2004,North America,High income,61.292,73.016,51210.6593966138,11.724000000000004,83.9432453160951,10.843702980698902
CAN,Canada,2001,North America,High income,58.978,72.075,48774.1483226516,13.097000000000001,81.82865071106487,10.794955703988817
CAN,Canada,2021,North America,High income,60.634,69.863,56995.0952020711,9.229,86.78986015487455,10.950720494027781
CAN,Canada,2007,North America,High income,61.769,72.626,53761.8407991685,10.857000000000006,85.0508082504888,10.892319215666781
CAN,Canada,2008,North America,High income,61.9,72.814,53711.6580329654,10.913999999999994,85.01112423435055,10.891385352521068
CAN,Canada,1994,North America,High income,56.856,72.959,40952.1197737093,16.103,77.92869968064255,10.620158852867204
CAN,Canada,2013,North America,High income,61.816,71.405,54712.1568593677,9.588999999999999,86.57096841957846,10.909841209774987
CAN,Canada,2014,North America,High income,61.204,70.977,55723.4615652506,9.773000000000003,86.23075080659932,10.928156550250732
CAN,Canada,2015,North America,High income,60.969,70.942,55660.8455840759,9.972999999999992,85.94203715711427,10.92703222691698
CAN,Canada,2024,North America,High income,60.415,69.169,57534.0915185335,8.753999999999998,87.3440414058321,10.960132947066562
CAN,Canada,2017,North America,High income,61.072,70.637,56612.3062191777,9.564999999999998,86.45893795036595,10.943981664925118
CAN,Canada,2018,North America,High income,60.965,70.246,57337.4682870033,9.280999999999992,86.78785980696411,10.956709585811806
CAN,Canada,2019,North America,High income,61.253,70.476,57583.8230739204,9.222999999999999,86.91327544128498,10.960996957827296
CAN,Canada,1993,North America,High income,57.009,73.17,39622.4634110923,16.161,77.9130791307913,10.58715149426852
CAN,Canada,2016,North America,High income,60.879,70.526,55606.1329948184,9.646999999999998,86.32135666279103,10.926048779817654
CAN,Canada,1990,North America,High income,57.884,75.957,40475.096436631,18.072999999999993,76.20627460273577,10.608442161165135
CAN,Canada,2022,North America,High income,61.049,69.547,58583.1299860138,8.497999999999998,87.78092512976836,10.978202049920776
CAN,Canada,1992,North America,High income,57.202,73.702,39023.1668132004,16.5,77.61254782773874,10.571910769602528
CAN,Canada,1991,North America,High income,57.826,74.931,39139.2968301857,17.104999999999997,77.17233187866171,10.574882275284999
CAF,Central African Republic,2015,Sub-Saharan Africa,Low income,65.301,82.365,1043.92171697157,17.063999999999993,79.28246221089056,6.950739781887456
CAF,Central African Republic,1991,Sub-Saharan Africa,Low income,65.871,78.98,1427.69018313539,13.109000000000009,83.40212712079006,7.263813160771948
CAF,Central African Republic,1994,Sub-Saharan Africa,Low income,65.736,79.387,1278.91509145063,13.650999999999996,82.80448940002772,7.15376741270637
CAF,Central African Republic,1993,Sub-Saharan Africa,Low income,65.758,79.312,1257.8284033824,13.554000000000002,82.91053056284042,7.137142023649954
CAF,Central African Republic,1999,Sub-Saharan Africa,Low income,65.737,79.503,1313.23570902088,13.766000000000005,82.68493012842282,7.1802493776281855
CAF,Central African Republic,2003,Sub-Saharan Africa,Low income,65.863,79.238,1191.8731520062,13.375,83.12047250056791,7.083281425860519
CAF,Central African Republic,1992,Sub-Saharan Africa,Low income,65.801,79.183,1294.20254725767,13.382000000000005,83.09990780849425,7.165649990831451
CAF,Central African Republic,1998,Sub-Saharan Africa,Low income,65.709,79.562,1302.75142830782,13.852999999999994,82.58842160830547,7.172233790167783
CAF,Central African Republic,1990,Sub-Saharan Africa,Low income,65.971,78.697,1481.25255094258,12.725999999999999,83.82911673888458,7.300643327037287
CAF,Central African Republic,2014,Sub-Saharan Africa,Low income,65.391,81.946,1001.85598053496,16.554999999999993,79.79767163741978,6.9096095393133385
CAF,Central African Republic,2016,Sub-Saharan Africa,Low income,65.301,82.359,1073.94477703739,17.057999999999993,79.288238079627,6.979093855718357
CAF,Central African Republic,2001,Sub-Saharan Africa,Low income,65.792,79.398,1272.85710758505,13.605999999999995,82.86354820020657,7.149019343698582
CAF,Central African Republic,2005,Sub-Saharan Africa,Low income,65.898,79.153,1219.5939445674,13.25500000000001,83.25395120841912,7.106273250004529
CAF,Central African Republic,2006,Sub-Saharan Africa,Low income,65.883,79.2,1251.87082171335,13.317000000000007,83.18560606060605,7.132394368791627
CAF,Central African Republic,1995,Sub-Saharan Africa,Low income,65.709,79.487,1334.10322981784,13.777999999999992,82.66634795626959,7.196014607153152
CAF,Central African Republic,2004,Sub-Saharan Africa,Low income,65.881,79.196,1236.28534712166,13.314999999999998,83.187282185969,7.119866474739829
CAF,Central African Republic,1997,Sub-Saharan Africa,Low income,65.693,79.584,1278.48826062781,13.891000000000005,82.54548652995577,7.1534336125442355
CAF,Central African Republic,2022,Sub-Saharan Africa,Low income,65.525,82.69,1136.80171107045,17.164999999999992,79.24174628129158,7.0359740819457715
CAF,Central African Republic,2023,Sub-Saharan Africa,Low income,65.608,82.804,1132.67643369804,17.195999999999998,79.23288730013043,7.032338636567825
CAF,Central African Republic,2000,Sub-Saharan Africa,Low income,65.774,79.416,1245.81399563599,13.641999999999996,82.8221013397804,7.1275444070128335
CAF,Central African Republic,2012,Sub-Saharan Africa,Low income,65.693,80.808,1577.98053252253,15.115000000000009,81.29516879516878,7.36390116452524
CAF,Central African Republic,2002,Sub-Saharan Africa,Low income,65.822,79.343,1290.38314917126,13.521,82.95879913792017,7.162694468116977
CAF,Central African Republic,2019,Sub-Saharan Africa,Low income,65.359,82.451,1145.09563657752,17.092,79.27011194527658,7.0432434378955024
CAF,Central African Republic,2020,Sub-Saharan Africa,Low income,64.776,81.716,1136.57052993758,16.939999999999998,79.26966567134956,7.035770700265027
CAF,Central African Republic,2017,Sub-Saharan Africa,Low income,65.308,82.392,1103.86609318724,17.08399999999999,79.26497718225072,7.00657392707766
CAF,Central African Republic,2018,Sub-Saharan Africa,Low income,65.313,82.42,1125.70091748228,17.107,79.24411550594516,7.026161158393099
CAF,Central African Republic,2009,Sub-Saharan Africa,Low income,65.871,79.699,1402.68164770801,13.828000000000003,82.64971956988167,7.246141146092598
CAF,Central African Republic,2010,Sub-Saharan Africa,Low income,65.914,80.094,1479.41367757692,14.179999999999993,82.29580243214224,7.299401124465173
CAF,Central African Republic,1996,Sub-Saharan Africa,Low income,65.689,79.572,1247.9687525828,13.88300000000001,82.55290805811089,7.129272510621366
CAF,Central African Republic,2021,Sub-Saharan Africa,Low income,64.799,81.519,1128.55237996459,16.72,79.48944417865775,7.028691010744967
CAF,Central African Republic,2013,Sub-Saharan Africa,Low income,65.549,81.295,996.896355923912,15.745999999999995,80.63103511901102,6.904646808614125
CAF,Central African Republic,2024,Sub-Saharan Africa,Low income,65.544,82.803,1111.21941638883,17.259,79.15655229882975,7.013213264639556
CAF,Central African Republic,2007,Sub-Saharan Africa,Low income,65.847,79.305,1284.55283590666,13.458000000000013,83.03007376584073,7.1581659491463014
CAF,Central African Republic,2008,Sub-Saharan Africa,Low income,65.824,79.374,1283.2728263106,13.549999999999997,82.92891878952805,7.1571689891728
CAF,Central African Republic,2011,Sub-Saharan Africa,Low income,65.832,80.368,1517.14839091011,14.536000000000001,81.91319928329683,7.324587793226504
TCD,Chad,1990,Sub-Saharan Africa,Low income,64.615,80.291,1711.36988441453,15.676000000000002,80.47601848276894,7.445049430782572
TCD,Chad,2005,Sub-Saharan Africa,Low income,57.019,76.666,2705.81650832729,19.647,74.37325541961235,7.903158997239897
TCD,Chad,2006,Sub-Saharan Africa,Low income,56.375,76.304,2596.03235455456,19.929000000000002,73.88210316628225,7.861739540979967
TCD,Chad,1995,Sub-Saharan Africa,Low income,63.276,80.049,1591.14154055224,16.773000000000003,79.04658396732002,7.372206987644297
TCD,Chad,1991,Sub-Saharan Africa,Low income,64.624,80.254,1790.73791101488,15.63000000000001,80.52433523562688,7.490383054677347
TCD,Chad,2012,Sub-Saharan Africa,Low income,52.458,74.032,2886.27474563619,21.573999999999998,70.85854765506808,7.967721934260775
TCD,Chad,1997,Sub-Saharan Africa,Low income,62.058,79.41,1588.09860417129,17.351999999999997,78.14884775217227,7.370292733186229
TCD,Chad,2013,Sub-Saharan Africa,Low income,51.799,73.638,2864.11301407361,21.839000000000006,70.34275781525842,7.960013987523235
TCD,Chad,1998,Sub-Saharan Africa,Low income,61.444,79.085,1641.05715330822,17.64099999999999,77.69362078776001,7.403095918824988
TCD,Chad,1999,Sub-Saharan Africa,Low income,60.824,78.755,1573.58531388243,17.930999999999997,77.23192178274395,7.361111934216371
TCD,Chad,2000,Sub-Saharan Africa,Low income,60.201,78.42,1506.7157720422,18.219,76.76740627390971,7.3176875756904645
TCD,Chad,2001,Sub-Saharan Africa,Low income,59.573,78.081,1626.56683128523,18.508000000000003,76.29641013818983,7.39422683408571
TCD,Chad,2002,Sub-Saharan Africa,Low income,58.941,77.736,1704.2729514734,18.795,75.82201296696512,7.440893877350922
TCD,Chad,2003,Sub-Saharan Africa,Low income,58.304,77.384,1878.58578618822,19.08,75.34374030807402,7.538274531359226
TCD,Chad,1992,Sub-Saharan Africa,Low income,64.666,80.086,1853.67667632384,15.420000000000002,80.74569837424768,7.524926338427824
TCD,Chad,1993,Sub-Saharan Africa,Low income,64.472,80.667,1526.05432531318,16.195000000000007,79.92363667918727,7.330440811022789
TCD,Chad,1994,Sub-Saharan Africa,Low income,63.881,80.367,1642.51653215853,16.486000000000004,79.48660519865118,7.403984815549226
TCD,Chad,2007,Sub-Saharan Africa,Low income,55.729,75.938,2613.47387385767,20.209000000000003,73.38750032921594,7.868435601492209
TCD,Chad,2008,Sub-Saharan Africa,Low income,55.079,75.567,2601.36125803883,20.487999999999992,72.88763613746741,7.863790147783611
TCD,Chad,1996,Sub-Saharan Africa,Low income,62.667,79.728,1555.91392490883,17.060999999999993,78.60099337748345,7.349818385026244
TCD,Chad,2017,Sub-Saharan Africa,Low income,49.161,72.027,2496.26213643158,22.866,68.25357157732516,7.822549746583636
TCD,Chad,2014,Sub-Saharan Africa,Low income,51.14,73.24,2820.67795066663,22.099999999999994,69.82523211359913,7.94473254307659
TCD,Chad,2015,Sub-Saharan Africa,Low income,50.481,72.84,2822.57929900014,22.359,69.30395387149917,7.945406390934781
TCD,Chad,2016,Sub-Saharan Africa,Low income,49.821,72.436,2622.59780844501,22.61500000000001,68.7793362416478,7.871920635454868
TCD,Chad,2020,Sub-Saharan Africa,Low income,48.067,70.834,2513.02922729305,22.767000000000003,67.85865544794872,7.829244167914896
TCD,Chad,2018,Sub-Saharan Africa,Low income,48.501,71.615,2552.37036387707,23.113999999999997,67.72463869301124,7.844777760845867
TCD,Chad,2019,Sub-Saharan Africa,Low income,48.531,71.517,2604.53153661789,22.985999999999997,67.85939007508705,7.865008105623319
TCD,Chad,2004,Sub-Saharan Africa,Low income,57.662,77.026,2400.97004978207,19.363999999999997,74.86043673564771,7.783628122083505
TCD,Chad,2009,Sub-Saharan Africa,Low income,54.426,75.189,2474.70758352529,20.76299999999999,72.38558831744007,7.813877519952167
TCD,Chad,2021,Sub-Saharan Africa,Low income,48.119,70.708,2435.07274651099,22.589,68.05311987328166,7.797731910434287
TCD,Chad,2022,Sub-Saharan Africa,Low income,47.933,71.788,2449.48251052296,23.854999999999997,66.77021229174794,7.803632061033936
TCD,Chad,2023,Sub-Saharan Africa,Low income,47.817,71.729,2433.53330962707,23.912,66.66341368205329,7.797099517130136
TCD,Chad,2024,Sub-Saharan Africa,Low income,47.554,71.776,2430.73298355271,24.221999999999994,66.25334373606778,7.795948130172703
TCD,Chad,2010,Sub-Saharan Africa,Low income,53.772,74.808,2717.40540181819,21.03600000000001,71.88001283285209,7.90743280765098
TCD,Chad,2011,Sub-Saharan Africa,Low income,53.116,74.422,2741.0708339941,21.305999999999997,71.37136868130392,7.916103938360012
CHL,Chile,2010,Latin America & Caribbean,High income,46.856,74.235,24122.4787924386,27.378999999999998,63.11847511281741,10.090899414733146
CHL,Chile,2020,Latin America & Caribbean,High income,45.442,67.516,26258.4038553242,22.074000000000005,67.30552757864801,10.17574136365319
CHL,Chile,2009,Latin America & Caribbean,High income,44.615,72.441,23019.0299454094,27.826,61.58805096561339,10.044076541744595
CHL,Chile,1995,Latin America & Caribbean,High income,35.896,76.764,14911.5640742268,40.867999999999995,46.7615027877651,9.609892303278304
CHL,Chile,1996,Latin America & Caribbean,High income,36.756,77.097,15748.4653555533,40.340999999999994,47.675006809603495,9.664498201763767
CHL,Chile,2006,Latin America & Caribbean,High income,41.288,72.9,21973.7382914389,31.61200000000001,56.63648834019204,9.997603305270857
CHL,Chile,1998,Latin America & Caribbean,High income,37.854,76.214,17161.0335564475,38.36,49.66803999265227,9.750396601790374
CHL,Chile,1999,Latin America & Caribbean,High income,38.096,75.751,16900.1244018472,37.65500000000001,50.291085266201094,9.73507626194012
CHL,Chile,2000,Latin America & Caribbean,High income,37.7,74.661,17529.4205997692,36.961,50.49490363107915,9.771635925444878
CHL,Chile,1997,Latin America & Caribbean,High income,37.492,76.317,16687.855593506,38.824999999999996,49.126669025249946,9.722436523889714
CHL,Chile,2001,Latin America & Caribbean,High income,36.726,73.847,17874.5313866938,37.120999999999995,49.7325551478056,9.791132151089542
CHL,Chile,2019,Latin America & Caribbean,High income,52.651,73.721,28227.9790507594,21.07,71.41926995021771,10.248068929976453
CHL,Chile,2003,Latin America & Caribbean,High income,37.8,72.769,18907.3458745755,34.96900000000001,51.94519644354051,9.847305796147337
CHL,Chile,2004,Latin America & Caribbean,High income,39.211,72.052,19966.7093106095,32.84100000000001,54.42041858657636,9.901821631189886
CHL,Chile,2005,Latin America & Caribbean,High income,40.131,71.785,20923.479756183,31.653999999999996,55.904436860068266,9.948627240684123
CHL,Chile,2021,Latin America & Caribbean,High income,46.579,68.773,29106.6356522053,22.193999999999996,67.72861442717345,10.278721456450263
CHL,Chile,2007,Latin America & Caribbean,High income,42.235,72.879,22884.2997108846,30.644000000000005,57.952222176484305,10.038206352264925
CHL,Chile,2008,Latin America & Caribbean,High income,44.182,73.3,23515.3473178269,29.117999999999995,60.2755798090041,10.065408564324374
CHL,Chile,2024,Latin America & Caribbean,High income,52.784,72.019,30267.6440919907,19.235000000000007,73.29177022730113,10.317834569188081
CHL,Chile,2011,Latin America & Caribbean,High income,48.913,74.844,25372.2741480772,25.930999999999997,65.35326813104591,10.14141228783798
CHL,Chile,2012,Latin America & Caribbean,High income,49.179,74.509,26676.8110154019,25.33,66.00410688641641,10.19154996572677
CHL,Chile,2013,Latin America & Caribbean,High income,49.656,74.264,27297.8185145366,24.607999999999997,66.86416029300872,10.214562070087814
CHL,Chile,2014,Latin America & Caribbean,High income,50.288,74.232,27511.5610030404,23.944000000000003,67.74436900528073,10.222361595421855
CHL,Chile,2015,Latin America & Caribbean,High income,50.352,74.452,27817.9584848024,24.1,67.63015096975232,10.233437079779824
CHL,Chile,2002,Latin America & Caribbean,High income,36.448,73.112,18244.5196827315,36.663999999999994,49.8522814312288,9.811620022556982
CHL,Chile,2017,Latin America & Caribbean,High income,51.739,74.418,27899.5979777012,22.67900000000001,69.52484613937487,10.23636755830425
CHL,Chile,2018,Latin America & Caribbean,High income,52.416,74.239,28499.4064000406,21.823000000000008,70.60439930494753,10.257638537971085
CHL,Chile,1992,Latin America & Caribbean,High income,33.205,75.908,12738.6163157023,42.703,43.743742425040836,9.452393313785203
CHL,Chile,1993,Latin America & Caribbean,High income,34.088,76.144,13380.4722185057,42.056000000000004,44.767808363101494,9.501551625922348
CHL,Chile,2022,Latin America & Caribbean,High income,50.025,70.482,29560.4513805785,20.457,70.97556823018643,10.294192644924529
CHL,Chile,2023,Latin America & Caribbean,High income,51.963,71.298,29600.4188613168,19.335,72.88142724901118,10.295543790932193
CHL,Chile,1991,Latin America & Caribbean,High income,31.873,75.147,11610.2783301649,43.274,42.41420149839647,9.359646047717666
CHL,Chile,2016,Latin America & Caribbean,High income,50.756,74.162,27965.3473526831,23.406000000000006,68.4393624767401,10.23872142815774
CHL,Chile,1990,Latin America & Caribbean,High income,30.983,74.671,10955.2486481454,43.688,41.492681228321565,9.301573949001144
CHL,Chile,1994,Latin America & Caribbean,High income,34.784,76.233,13849.6261008096,41.449000000000005,45.628533574698615,9.53601351491964
CHN,China,1990,East Asia & Pacific,Upper middle income,73.09,85.112,1666.8141224419,12.021999999999991,85.87508224457187,7.418669372299721
CHN,China,2014,East Asia & Pacific,Upper middle income,62.826,76.324,13968.5187785922,13.497999999999998,82.31486819349091,9.544561417896006
CHN,China,1994,East Asia & Pacific,Upper middle income,71.079,83.324,2556.90688386013,12.245000000000005,85.30435408765781,7.846553558460769
CHN,China,1991,East Asia & Pacific,Upper middle income,72.595,84.679,1798.38257887629,12.084000000000003,85.72963780866566,7.4946429726397135
CHN,China,1993,East Asia & Pacific,Upper middle income,71.589,83.786,2286.7956394875,12.197000000000003,85.4426753872962,7.734906832569518
CHN,China,2023,East Asia & Pacific,Upper middle income,60.216,71.334,22687.2519534328,11.118000000000002,84.41416435360416,10.029558457765413
CHN,China,2013,East Asia & Pacific,Upper middle income,63.023,76.764,13080.8787864744,13.740999999999993,82.09968214267104,9.47890680826462
CHN,China,1992,East Asia & Pacific,Upper middle income,72.095,84.237,2030.47126519674,12.141999999999996,85.58590643066586,7.616023195436333
CHN,China,2001,East Asia & Pacific,Upper middle income,67.502,80.131,4372.43560608339,12.629000000000005,84.23955772422657,8.38307547975936
CHN,China,2002,East Asia & Pacific,Upper middle income,67.088,79.913,4744.38182475307,12.825000000000003,83.95129703552612,8.464716423263598
CHN,China,2003,East Asia & Pacific,Upper middle income,66.67,79.692,5191.78118308167,13.021999999999991,83.65958941926418,8.554832112480714
CHN,China,2004,East Asia & Pacific,Upper middle income,66.25,79.469,5684.3881718733,13.218999999999994,83.36584076809825,8.64547877891076
CHN,China,2005,East Asia & Pacific,Upper middle income,65.826,79.243,6298.29929808598,13.417000000000002,83.06853602210921,8.748034923251074
CHN,China,2006,East Asia & Pacific,Upper middle income,65.4,79.016,7057.11131595304,13.616,82.76804697782728,8.861791084711346
CHN,China,2007,East Asia & Pacific,Upper middle income,64.972,78.787,8013.78375739131,13.815000000000012,82.46538134463806,8.988918307726388
CHN,China,2008,East Asia & Pacific,Upper middle income,64.541,78.556,8743.7020031299,14.015,82.159223993075,9.07608894912123
CHN,China,2009,East Asia & Pacific,Upper middle income,64.108,78.323,9518.68128351945,14.21499999999999,81.85079733922348,9.161011597551829
CHN,China,2010,East Asia & Pacific,Upper middle income,63.672,78.089,10476.1525652407,14.417000000000002,81.53773258717617,9.25685676883205
CHN,China,2011,East Asia & Pacific,Upper middle income,63.662,77.899,11404.9179835542,14.237000000000002,81.72377052336999,9.341799943421627
CHN,China,2012,East Asia & Pacific,Upper middle income,63.333,77.33,12217.9343813101,13.997,81.89965084701927,9.410660182538072
CHN,China,2024,East Asia & Pacific,Upper middle income,59.448,70.267,23841.4769141817,10.818999999999996,84.60301421720011,10.079182070358621
CHN,China,1999,East Asia & Pacific,Upper middle income,68.453,80.869,3774.42758274469,12.415999999999997,84.64677441293945,8.236004016475556
CHN,China,2000,East Asia & Pacific,Upper middle income,67.913,80.347,4065.86707804429,12.433999999999997,84.52462444148506,8.310382302567918
CHN,China,2018,East Asia & Pacific,Upper middle income,61.585,73.904,17807.0490552244,12.318999999999996,83.3310781554449,9.787349672225643
CHN,China,2015,East Asia & Pacific,Upper middle income,62.605,75.848,14857.1088234405,13.243000000000002,82.54008016032064,9.606233738335606
CHN,China,2016,East Asia & Pacific,Upper middle income,62.326,75.29,15772.8372607502,12.964000000000006,82.78124584938237,9.666044578850414
CHN,China,2017,East Asia & Pacific,Upper middle income,61.957,74.606,16758.0463976858,12.648999999999994,83.04559954963409,9.726633803858133
CHN,China,2022,East Asia & Pacific,Upper middle income,60.097,71.389,21499.3125559757,11.291999999999994,84.18243707013686,9.975776239463904
CHN,China,2019,East Asia & Pacific,Upper middle income,61.305,73.328,18820.5871645645,12.023000000000003,83.60380754963998,9.842706611619988
CHN,China,2020,East Asia & Pacific,Upper middle income,59.711,71.607,19215.1012491012,11.896,83.38709902663147,9.863451772259129
CHN,China,2021,East Asia & Pacific,Upper middle income,61.182,72.918,20843.2978347377,11.736000000000004,83.90520859047147,9.944787728776689
CHN,China,1995,East Asia & Pacific,Upper middle income,70.564,82.853,2807.88647301744,12.289000000000001,85.16770666119513,7.940187334491299
CHN,China,1997,East Asia & Pacific,Upper middle income,69.518,81.881,3305.83025665988,12.363,84.90125914436804,8.103442933039796
CHN,China,1998,East Asia & Pacific,Upper middle income,68.988,81.38,3533.69839702638,12.391999999999996,84.77267141803884,8.17010030600804
CHN,China,1996,East Asia & Pacific,Upper middle income,70.044,82.372,3055.72827655781,12.328000000000003,85.03374933229738,8.024773231594326
COL,Colombia,2021,Latin America & Caribbean,Upper middle income,51.679,77.539,17383.0901728295,25.86,66.64904112769058,9.763253183522773
COL,Colombia,2023,Latin America & Caribbean,Upper middle income,51.833,76.171,18406.6242338491,24.338000000000008,68.04820732299693,9.820465891517241
COL,Colombia,1994,Latin America & Caribbean,Upper middle income,53.647,82.273,10927.9389491607,28.625999999999998,65.2060821897828,9.299077995151546
COL,Colombia,1995,Latin America & Caribbean,Upper middle income,53.957,82.69,11279.0004579347,28.732999999999997,65.25214657153224,9.330697909240563
COL,Colombia,2022,Latin America & Caribbean,Upper middle income,50.922,75.936,18458.7209460704,25.01400000000001,67.05910240202275,9.823292217794487
COL,Colombia,1992,Latin America & Caribbean,Upper middle income,53.091,81.218,10196.4329707468,28.127000000000002,65.368514368736,9.229793229359684
COL,Colombia,1998,Latin America & Caribbean,Upper middle income,54.012,82.812,11343.8799115733,28.799999999999997,65.22243153166208,9.33643366264159
COL,Colombia,1999,Latin America & Caribbean,Upper middle income,53.21,82.287,10679.7092686089,29.077000000000005,64.66392018180271,9.276100890103294
COL,Colombia,1996,Latin America & Caribbean,Upper middle income,53.923,82.791,11303.1308859186,28.867999999999995,65.13147564348782,9.332835035874071
COL,Colombia,1997,Latin America & Caribbean,Upper middle income,54.144,82.938,11483.5050125907,28.794000000000004,65.28250018085798,9.348666937960115
COL,Colombia,2017,Latin America & Caribbean,Upper middle income,54.343,78.195,16986.0334182842,23.85199999999999,69.49677089327963,9.740146721739656
COL,Colombia,2020,Latin America & Caribbean,Upper middle income,51.108,76.251,15861.4999291295,25.143000000000008,67.02600621631191,9.671650063802176
COL,Colombia,1990,Latin America & Caribbean,Upper middle income,53.361,80.444,9998.81069684463,27.083000000000006,66.33310128785241,9.210221434587876
COL,Colombia,1991,Latin America & Caribbean,Upper middle income,53.067,80.762,9996.0978604328,27.695,65.70788241994998,9.209950081866186
COL,Colombia,2006,Latin America & Caribbean,Upper middle income,50.562,79.274,12636.6246577724,28.712000000000003,63.781315437596184,9.444354595471596
COL,Colombia,2007,Latin America & Caribbean,Upper middle income,49.981,78.395,13318.3033138168,28.413999999999994,63.75534153963901,9.496894557138424
COL,Colombia,2008,Latin America & Caribbean,Upper middle income,50.37,78.548,13591.0609028567,28.178000000000004,64.1263940520446,9.51716756906198
COL,Colombia,2009,Latin America & Caribbean,Upper middle income,53.922,80.558,13586.7518430982,26.63600000000001,66.93562402244345,9.516850467768002
COL,Colombia,2010,Latin America & Caribbean,Upper middle income,54.415,80.302,14037.0642668639,25.887000000000008,67.76294488306642,9.549456557914093
COL,Colombia,2011,Latin America & Caribbean,Upper middle income,54.946,80.639,14852.3699513061,25.692999999999998,68.13824576197621,9.605914724177834
COL,Colombia,2014,Latin America & Caribbean,Upper middle income,55.002,79.513,16480.3631474161,24.511000000000003,69.17359425502748,9.709924838864863
COL,Colombia,2015,Latin America & Caribbean,Upper middle income,55.255,79.308,16821.3801400631,24.053000000000004,69.67140767640086,9.730405983672213
COL,Colombia,2016,Latin America & Caribbean,Upper middle income,54.719,78.635,17003.244366485,23.916000000000004,69.58606218604947,9.741159449917099
COL,Colombia,2001,Latin America & Caribbean,Upper middle income,53.393,82.437,10823.4504878807,29.043999999999997,64.76824726761042,9.289470400627733
COL,Colombia,2018,Latin America & Caribbean,Upper middle income,53.244,77.749,17104.1313545678,24.504999999999995,68.48190973517345,9.747075312992575
COL,Colombia,2019,Latin America & Caribbean,Upper middle income,52.398,76.756,17336.7716030551,24.357999999999997,68.2656730418469,9.760585050939088
COL,Colombia,2004,Latin America & Caribbean,Upper middle income,52.953,80.997,11607.9384935105,28.043999999999997,65.3764954257565,9.359444495920636
COL,Colombia,2005,Latin America & Caribbean,Upper middle income,51.148,80.134,11999.2549591305,28.985999999999997,63.82808795267927,9.392599840103552
COL,Colombia,2013,Latin America & Caribbean,Upper middle income,55.303,79.777,15912.2471293239,24.474000000000004,69.32198503328027,9.674844351416464
COL,Colombia,1993,Latin America & Caribbean,Upper middle income,53.321,81.749,10533.1149561734,28.427999999999997,65.22526269434489,9.262279378683129
COL,Colombia,2012,Latin America & Caribbean,Upper middle income,56.011,80.67,15279.4790008058,24.659,69.43225486550143,9.634265965333299
COL,Colombia,2024,Latin America & Caribbean,Upper middle income,51.719,75.862,18481.8374929368,24.142999999999994,68.17510743191585,9.824543771688672
COL,Colombia,2002,Latin America & Caribbean,Upper middle income,52.356,81.413,10925.1485602082,29.056999999999995,64.3091398179652,9.298822618059729
COL,Colombia,2003,Latin America & Caribbean,Upper middle income,53.712,81.728,11183.2911819793,28.01599999999999,65.72043852779954,9.322176084602049
COL,Colombia,2000,Latin America & Caribbean,Upper middle income,53.39,82.402,10813.4942250011,29.012,64.79211669619669,9.288550098458048
COM,Comoros,2024,Sub-Saharan Africa,Lower middle income,47.126,63.633,3556.0384263801,16.507000000000005,74.0590574073201,8.176402402644054
COM,Comoros,1990,Sub-Saharan Africa,Lower middle income,32.156,51.809,3178.85476893274,19.653,62.06643633345558,8.064276275354098
COM,Comoros,1991,Sub-Saharan Africa,Lower middle income,32.184,51.812,2911.0534990739,19.628,62.116884119508995,7.976270321822675
COM,Comoros,2000,Sub-Saharan Africa,Lower middle income,32.238,52.006,2917.87154106634,19.768,61.98900126908433,7.978609705175495
COM,Comoros,2021,Sub-Saharan Africa,Lower middle income,47.073,63.328,3449.0435745318,16.255000000000003,74.33204901465386,8.145852246818123
COM,Comoros,1995,Sub-Saharan Africa,Lower middle income,31.954,52.735,3018.45798673853,20.781,60.59353370626719,8.012501379550427
COM,Comoros,1999,Sub-Saharan Africa,Lower middle income,32.132,52.366,3004.69061726748,20.234,61.3604247030516,8.007929885684778
COM,Comoros,2012,Sub-Saharan Africa,Lower middle income,32.694,55.358,3330.52446059187,22.663999999999994,59.05921456700026,8.110885066246583
COM,Comoros,2013,Sub-Saharan Africa,Lower middle income,32.711,55.922,3406.49918649378,23.211,58.493973749150605,8.133440411403708
COM,Comoros,2022,Sub-Saharan Africa,Lower middle income,47.033,63.902,3465.8402271705,16.869,73.60176520296704,8.150710372032
COM,Comoros,2002,Sub-Saharan Africa,Lower middle income,32.373,51.589,3085.93814937142,19.216,62.7517494039427,8.034610990392839
COM,Comoros,2003,Sub-Saharan Africa,Lower middle income,32.457,51.356,3085.59675447872,18.899,63.200015577537194,8.034500355065205
COM,Comoros,1992,Sub-Saharan Africa,Lower middle income,32.147,51.993,3061.03259257515,19.846000000000004,61.829477044986824,8.02650758657744
COM,Comoros,2001,Sub-Saharan Africa,Lower middle income,32.315,51.759,3013.38883096315,19.444000000000003,62.43358642941323,8.010820581903543
COM,Comoros,1994,Sub-Saharan Africa,Lower middle income,31.988,52.573,2907.42227508174,20.585,60.84492039640119,7.9750221514754775
COM,Comoros,2018,Sub-Saharan Africa,Lower middle income,41.147,60.505,3528.95868167877,19.358000000000004,68.00594992149409,8.168758115383087
COM,Comoros,1996,Sub-Saharan Africa,Lower middle income,31.947,52.817,2951.78312614747,20.87,60.48620709241342,7.990164716269337
COM,Comoros,1997,Sub-Saharan Africa,Lower middle income,31.972,52.802,3029.34647330307,20.83,60.55073671451839,8.016102189861453
COM,Comoros,1998,Sub-Saharan Africa,Lower middle income,32.033,52.674,2978.37124465978,20.641,60.81368417055854,7.999131867885182
COM,Comoros,2011,Sub-Saharan Africa,Lower middle income,32.678,54.793,3293.83407668409,22.115000000000002,59.63900498238826,8.099807538091884
COM,Comoros,2023,Sub-Saharan Africa,Lower middle income,47.058,63.774,3508.15862331545,16.716,73.78869131621036,8.162846570062563
COM,Comoros,2004,Sub-Saharan Africa,Lower middle income,32.62,50.853,3121.51677555024,18.233000000000004,64.14567478811476,8.046074308682533
COM,Comoros,2014,Sub-Saharan Africa,Lower middle income,32.729,56.484,3403.41291459985,23.755000000000003,57.94384250407195,8.13253400554724
COM,Comoros,2015,Sub-Saharan Africa,Lower middle income,34.778,57.61,3370.5557232032,22.832,60.36799166811318,8.122832912779053
COM,Comoros,2016,Sub-Saharan Africa,Lower middle income,36.845,58.698,3411.77123523582,21.853,62.77045214487716,8.134986859246526
COM,Comoros,2019,Sub-Saharan Africa,Lower middle income,43.318,61.382,3522.66866952646,18.064,70.57117721807697,8.16697412609742
COM,Comoros,1993,Sub-Saharan Africa,Lower middle income,32.052,52.325,3082.2224161285,20.273000000000003,61.25561395126612,8.033406179443794
COM,Comoros,2017,Sub-Saharan Africa,Lower middle income,38.973,59.649,3472.07858942366,20.676000000000002,65.33722275310566,8.152508710726735
COM,Comoros,2006,Sub-Saharan Africa,Lower middle income,32.635,51.988,3111.62570879692,19.353,62.77410171578056,8.042900604542002
COM,Comoros,2020,Sub-Saharan Africa,Lower middle income,44.892,62.074,3447.47274904772,17.181999999999995,72.32013403357284,8.145396705081529
COM,Comoros,2009,Sub-Saharan Africa,Lower middle income,32.654,53.668,3171.6035546392,21.013999999999996,60.84445106953865,8.061992592169213
COM,Comoros,2010,Sub-Saharan Africa,Lower middle income,32.665,54.23,3226.63502045267,21.564999999999998,60.23418771897474,8.079195083843468
COM,Comoros,2007,Sub-Saharan Africa,Lower middle income,32.64,52.548,3074.7346796054,19.908,62.1146380452158,8.030973893462868
COM,Comoros,2008,Sub-Saharan Africa,Lower middle income,32.646,53.107,3133.75034704474,20.461,61.472122319091646,8.04998576021673
COM,Comoros,2005,Sub-Saharan Africa,Lower middle income,32.629,51.424,3231.72506154387,18.795,63.450917859365276,8.08077134843091
COD,"Congo, Dem. Rep.",1992,Sub-Saharan Africa,Low income,71.799,72.652,1842.54848506846,0.8529999999999944,98.82590981666026,7.5189049385441065
COD,"Congo, Dem. Rep.",1991,Sub-Saharan Africa,Low income,71.818,72.605,2129.44892037201,0.7870000000000061,98.91605261345636,7.663618502398903
COD,"Congo, Dem. Rep.",1994,Sub-Saharan Africa,Low income,71.934,72.322,1410.05655376053,0.38800000000000523,99.46351041176958,7.251385091617889
COD,"Congo, Dem. Rep.",1990,Sub-Saharan Africa,Low income,71.837,72.561,2403.9702501624,0.7240000000000038,99.00221882278359,7.7848769204380925
COD,"Congo, Dem. Rep.",2003,Sub-Saharan Africa,Low income,71.297,73.889,953.044643242042,2.5919999999999987,96.49203535032278,6.859661747511935
COD,"Congo, Dem. Rep.",1993,Sub-Saharan Africa,Low income,71.795,72.66,1538.39690697251,0.8649999999999949,98.80952380952381,7.338496183724258
COD,"Congo, Dem. Rep.",2000,Sub-Saharan Africa,Low income,71.353,73.752,981.422080027189,2.399000000000001,96.74720685540731,6.889002621901991
COD,"Congo, Dem. Rep.",1995,Sub-Saharan Africa,Low income,71.971,72.232,1362.1877957292,0.2609999999999957,99.63866430390964,7.216847359531435
COD,"Congo, Dem. Rep.",1996,Sub-Saharan Africa,Low income,71.71,72.864,1322.58011961396,1.1540000000000106,98.41622749231443,7.187339743836165
COD,"Congo, Dem. Rep.",2010,Sub-Saharan Africa,Low income,65.096,70.963,1166.98306581442,5.86699999999999,91.73231120443049,7.062177121311024
COD,"Congo, Dem. Rep.",2011,Sub-Saharan Africa,Low income,63.787,70.344,1124.7720535769,6.556999999999995,90.67866484703742,7.025335675065754
COD,"Congo, Dem. Rep.",2001,Sub-Saharan Africa,Low income,71.34,73.783,930.85782608082,2.442999999999998,96.68893918653349,6.836106554638996
COD,"Congo, Dem. Rep.",2002,Sub-Saharan Africa,Low income,71.323,73.825,929.452807088884,2.5020000000000095,96.61090416525566,6.834596033509853
COD,"Congo, Dem. Rep.",2017,Sub-Saharan Africa,Low income,61.492,68.125,1395.71961761712,6.633000000000003,90.26348623853211,7.2411654161707215
COD,"Congo, Dem. Rep.",2004,Sub-Saharan Africa,Low income,71.279,73.933,987.746920881562,2.6540000000000106,96.41026334654347,6.895426511981212
COD,"Congo, Dem. Rep.",2005,Sub-Saharan Africa,Low income,71.275,73.941,1016.6338907666,2.665999999999997,96.39442258016527,6.924252341823443
COD,"Congo, Dem. Rep.",2006,Sub-Saharan Africa,Low income,70.091,73.361,1036.13329616563,3.2700000000000102,95.54259074985345,6.9432510787954325
COD,"Congo, Dem. Rep.",2007,Sub-Saharan Africa,Low income,68.88,72.773,1091.54081233234,3.8930000000000007,94.65048850535226,6.99534556634213
COD,"Congo, Dem. Rep.",1997,Sub-Saharan Africa,Low income,71.447,73.512,1228.39076846395,2.0649999999999977,97.19093481336381,7.113460273448841
COD,"Congo, Dem. Rep.",1998,Sub-Saharan Africa,Low income,71.361,73.727,1176.05049796639,2.3659999999999997,96.79086359135731,7.069917067984268
COD,"Congo, Dem. Rep.",1999,Sub-Saharan Africa,Low income,71.368,73.715,1088.65043726176,2.3470000000000084,96.81611612290577,6.992694077153288
COD,"Congo, Dem. Rep.",2009,Sub-Saharan Africa,Low income,66.381,71.575,1109.18311674431,5.194000000000003,92.74327628361858,7.01137909251535
COD,"Congo, Dem. Rep.",2014,Sub-Saharan Africa,Low income,62.049,69.134,1392.75841334673,7.085000000000001,89.75178638585935,7.239041529698856
COD,"Congo, Dem. Rep.",2018,Sub-Saharan Africa,Low income,61.275,67.865,1431.7285269693,6.589999999999996,90.28954542105652,7.266637753410007
COD,"Congo, Dem. Rep.",2015,Sub-Saharan Africa,Low income,61.84,68.854,1433.21579814709,7.013999999999996,89.81322798965928,7.267676008358526
COD,"Congo, Dem. Rep.",2016,Sub-Saharan Africa,Low income,61.662,68.497,1388.80163211633,6.835000000000001,90.02146079390339,7.236196519104365
COD,"Congo, Dem. Rep.",2021,Sub-Saharan Africa,Low income,60.48,66.867,1402.38560295221,6.387000000000008,90.44820314953563,7.245930067547634
COD,"Congo, Dem. Rep.",2022,Sub-Saharan Africa,Low income,61.434,67.386,1484.33841881449,5.951999999999998,91.1673047814086,7.302724442752253
COD,"Congo, Dem. Rep.",2019,Sub-Saharan Africa,Low income,61.038,67.659,1394.76461472893,6.621000000000009,90.21416219571674,7.24048094505678
COD,"Congo, Dem. Rep.",2020,Sub-Saharan Africa,Low income,60.259,66.723,1361.02791099008,6.463999999999999,90.31218620265875,7.2159955101488125
COD,"Congo, Dem. Rep.",2013,Sub-Saharan Africa,Low income,62.255,69.421,1342.74156112016,7.166000000000004,89.67747511559902,7.202468743992154
COD,"Congo, Dem. Rep.",2023,Sub-Saharan Africa,Low income,61.719,67.162,1559.33806475859,5.443000000000005,91.8957148387481,7.352016692733012
COD,"Congo, Dem. Rep.",2024,Sub-Saharan Africa,Low income,61.886,67.021,1601.70926640422,5.134999999999998,92.33822234821922,7.378826629513212
COD,"Congo, Dem. Rep.",2008,Sub-Saharan Africa,Low income,67.643,72.178,1137.84087315488,4.534999999999997,93.71692205381142,7.036887774640993
COD,"Congo, Dem. Rep.",2012,Sub-Saharan Africa,Low income,62.458,69.716,1182.14074588327,7.257999999999996,89.58919042974354,7.075082265228584
COG,"Congo, Rep.",1993,Sub-Saharan Africa,Lower middle income,65.947,71.219,8302.69726834941,5.271999999999991,92.59748100928124,9.024335713082987
COG,"Congo, Rep.",2004,Sub-Saharan Africa,Lower middle income,66.706,69.301,7577.44597274153,2.594999999999999,96.25546528910117,8.932931478948312
COG,"Congo, Rep.",2005,Sub-Saharan Africa,Lower middle income,66.817,69.035,7876.11806658285,2.2180000000000035,96.78713695951329,8.971590430325028
COG,"Congo, Rep.",1992,Sub-Saharan Africa,Lower middle income,65.878,71.411,8636.63719209923,5.533000000000001,92.25189396591561,9.063768572157317
COG,"Congo, Rep.",1995,Sub-Saharan Africa,Lower middle income,66.042,70.954,7701.32468533336,4.911999999999992,93.07720494968572,8.949147630101379
COG,"Congo, Rep.",2009,Sub-Saharan Africa,Lower middle income,67.055,68.471,8138.45033818822,1.4159999999999968,97.93197119948593,9.004355064728795
COG,"Congo, Rep.",1996,Sub-Saharan Africa,Lower middle income,66.079,70.846,7812.04779971641,4.76700000000001,93.27132089320497,8.96342241073315
COG,"Congo, Rep.",2003,Sub-Saharan Africa,Lower middle income,66.596,69.568,7577.45630456352,2.971999999999994,95.72792088316469,8.932932842444005
COG,"Congo, Rep.",1998,Sub-Saharan Africa,Lower middle income,66.045,70.948,7711.6321257605,4.902999999999992,93.0893048429836,8.950485133617422
COG,"Congo, Rep.",1999,Sub-Saharan Africa,Lower middle income,66.118,70.761,7312.32665071621,4.643000000000001,93.43847599666482,8.89731678537416
COG,"Congo, Rep.",2000,Sub-Saharan Africa,Lower middle income,66.338,70.21,7570.58279297342,3.872,94.48511608033043,8.932025330650884
COG,"Congo, Rep.",1997,Sub-Saharan Africa,Lower middle income,66.053,70.919,7599.04815388587,4.866,93.13865113721288,8.93577827552112
COG,"Congo, Rep.",1990,Sub-Saharan Africa,Lower middle income,65.762,71.74,8699.52683870615,5.977999999999994,91.6671313074993,9.071023916808068
COG,"Congo, Rep.",1991,Sub-Saharan Africa,Lower middle income,65.82,71.575,8658.16145286005,5.75500000000001,91.95948305972755,9.066257675652041
COG,"Congo, Rep.",2017,Sub-Saharan Africa,Lower middle income,66.458,69.871,7372.77046737599,3.4129999999999967,95.11528388029369,8.905548825994948
COG,"Congo, Rep.",2018,Sub-Saharan Africa,Lower middle income,66.472,69.839,7029.33651566257,3.3670000000000044,95.17891149644181,8.857847601355365
COG,"Congo, Rep.",2006,Sub-Saharan Africa,Lower middle income,66.924,68.781,8192.57979719023,1.8569999999999993,97.30012648841976,9.010984120798982
COG,"Congo, Rep.",1994,Sub-Saharan Africa,Lower middle income,66.005,71.06,7617.60750274811,5.055000000000007,92.88629327329016,8.938217623362593
COG,"Congo, Rep.",2022,Sub-Saharan Africa,Lower middle income,65.72,70.198,6205.1050414034,4.477999999999994,93.62090088036696,8.733127626005237
COG,"Congo, Rep.",2010,Sub-Saharan Africa,Lower middle income,67.094,68.382,8583.66179834288,1.288000000000011,98.11646339680031,9.057615884459683
COG,"Congo, Rep.",2011,Sub-Saharan Africa,Lower middle income,67.011,68.573,8492.42098392103,1.5619999999999976,97.722135534394,9.046929395772558
COG,"Congo, Rep.",2012,Sub-Saharan Africa,Lower middle income,66.888,68.859,9079.68656400891,1.9709999999999894,97.13762906809569,9.113794951617253
COG,"Congo, Rep.",2013,Sub-Saharan Africa,Lower middle income,66.742,69.199,8798.49382506314,2.4569999999999936,96.44937065564531,9.082335829574571
COG,"Congo, Rep.",2014,Sub-Saharan Africa,Lower middle income,66.62,69.487,9159.25664414045,2.8669999999999902,95.87404838315082,9.122520301988729
COG,"Congo, Rep.",2001,Sub-Saharan Africa,Lower middle income,66.536,69.723,7567.43916817104,3.1869999999999976,95.42905497468554,8.931610002300108
COG,"Congo, Rep.",2002,Sub-Saharan Africa,Lower middle income,66.545,69.695,7729.3889014189,3.1499999999999915,95.48030705215584,8.952785083012554
COG,"Congo, Rep.",2016,Sub-Saharan Africa,Lower middle income,66.471,69.84,8001.8255194505,3.3689999999999998,95.17611683848799,8.987424984561923
COG,"Congo, Rep.",2021,Sub-Saharan Africa,Lower middle income,64.018,67.083,6263.21161292636,3.0649999999999977,95.43103319768049,8.742448369744233
COG,"Congo, Rep.",2023,Sub-Saharan Africa,Lower middle income,65.642,70.18,6172.28776650683,4.538000000000011,93.53377030493016,8.727824836911203
COG,"Congo, Rep.",2019,Sub-Saharan Africa,Lower middle income,66.513,69.743,6939.36913397466,3.2299999999999898,95.36871083836373,8.844966146483436
COG,"Congo, Rep.",2007,Sub-Saharan Africa,Lower middle income,66.999,68.603,7375.82454100145,1.6039999999999992,97.66190982901622,8.905962977128311
COG,"Congo, Rep.",2020,Sub-Saharan Africa,Lower middle income,63.276,66.626,6350.50913409722,3.3500000000000014,94.97193287905623,8.756290267270593
COG,"Congo, Rep.",2024,Sub-Saharan Africa,Lower middle income,65.604,70.117,6152.5650911844205,4.513000000000005,93.56361510047492,8.724624361841009
COG,"Congo, Rep.",2015,Sub-Saharan Africa,Lower middle income,66.526,69.71,8977.70681641417,3.1839999999999975,95.43250609668628,9.102499763029446
COG,"Congo, Rep.",2008,Sub-Saharan Africa,Lower middle income,67.001,68.598,7587.28826163492,1.5969999999999942,97.67194378844866,8.934229528768803
CRI,Costa Rica,2002,Latin America & Caribbean,High income,41.143,79.156,14503.176481607,38.013000000000005,51.97710849461822,9.582122972113876
CRI,Costa Rica,2001,Latin America & Caribbean,High income,41.564,79.678,14257.525071713,38.114,52.164963980019586,9.565040121522081
CRI,Costa Rica,1992,Latin America & Caribbean,High income,32.6,79.187,11654.8187340805,46.586999999999996,41.168373596676226,9.363474998717468
CRI,Costa Rica,1990,Latin America & Caribbean,High income,32.866,82.209,10979.788113325,49.343,39.97859115182036,9.303811417365939
CRI,Costa Rica,1991,Latin America & Caribbean,High income,33.325,80.081,10946.3811047015,46.756,41.614115707845805,9.300764187898567
CRI,Costa Rica,2013,Latin America & Caribbean,High income,51.249,76.563,20242.2938648319,25.314,66.93703224795267,9.915529450222358
CRI,Costa Rica,1994,Latin America & Caribbean,High income,34.664,79.965,12415.2629246683,45.301,43.348965172262865,9.426681875701771
CRI,Costa Rica,2003,Latin America & Caribbean,High income,41.454,79.4,14898.7197394794,37.946000000000005,52.20906801007557,9.60903056471704
CRI,Costa Rica,2012,Latin America & Caribbean,High income,51.437,77.742,19970.6856013628,26.305000000000007,66.16372102595764,9.902020757386035
CRI,Costa Rica,2005,Latin America & Caribbean,High income,43.679,79.663,15711.7451335337,35.983999999999995,54.82972019632704,9.662163809328117
CRI,Costa Rica,2014,Latin America & Caribbean,High income,51.34,77.538,20735.1927258406,26.197999999999993,66.21269571049034,9.939587667348672
CRI,Costa Rica,2017,Latin America & Caribbean,High income,45.905,74.322,22633.7648663302,28.417,61.76502246979359,10.027198090955984
CRI,Costa Rica,2006,Latin America & Caribbean,High income,43.309,78.693,16628.3723014013,35.384,55.03539069548753,9.718865690150821
CRI,Costa Rica,2007,Latin America & Caribbean,High income,44.3,79.254,17752.4161954513,34.95400000000001,55.8962323668206,9.784276909326971
CRI,Costa Rica,2008,Latin America & Caribbean,High income,44.444,78.045,18343.0996854851,33.601,56.94663335255301,9.817008743824204
CRI,Costa Rica,2009,Latin America & Caribbean,High income,44.827,76.779,17941.5019129465,31.951999999999998,58.38445408249652,9.794871850778948
CRI,Costa Rica,1995,Latin America & Caribbean,High income,35.575,81.148,12623.5339424627,45.57299999999999,43.83965100803471,9.443318124031428
CRI,Costa Rica,1996,Latin America & Caribbean,High income,34.067,78.589,12497.627359916,44.522,43.348305742533945,9.433294094067245
CRI,Costa Rica,1997,Latin America & Caribbean,High income,37.121,79.889,12887.5255656264,42.767999999999994,46.465721188148564,9.464015112076993
CRI,Costa Rica,1998,Latin America & Caribbean,High income,39.443,80.712,13505.0840975141,41.269000000000005,48.868817524036075,9.510821493346468
CRI,Costa Rica,1999,Latin America & Caribbean,High income,39.936,80.24,13776.5829416464,40.303999999999995,49.77068793619143,9.530725541513108
CRI,Costa Rica,2000,Latin America & Caribbean,High income,38.642,79.936,14025.6899537485,41.294000000000004,48.34117293835068,9.548645923744058
CRI,Costa Rica,2004,Latin America & Caribbean,High income,39.832,78.691,15330.8832332948,38.859,50.618240967836215,9.63762458490253
CRI,Costa Rica,2020,Latin America & Caribbean,High income,48.644,73.073,22368.1378072638,24.428999999999995,66.56904739096521,10.01539280592585
CRI,Costa Rica,2021,Latin America & Caribbean,High income,50.251,73.732,24083.5988182437,23.481,68.15358324743666,10.089286340840703
CRI,Costa Rica,2018,Latin America & Caribbean,High income,48.659,76.275,23069.8622241266,27.616000000000007,63.79416584726319,10.046282379070496
CRI,Costa Rica,2019,Latin America & Caribbean,High income,52.726,76.239,23496.8294622995,23.513000000000005,69.15882947048098,10.064620774532308
CRI,Costa Rica,2023,Latin America & Caribbean,High income,44.088,70.082,26378.5409941926,25.993999999999993,62.90916355126852,10.180306117470861
CRI,Costa Rica,2024,Latin America & Caribbean,High income,45.982,69.857,27325.0470476503,23.875,65.82303849292124,10.21555903482369
CRI,Costa Rica,2010,Latin America & Caribbean,High income,44.113,74.927,18670.1678827387,30.814000000000007,58.87463798096814,9.83468222860775
CRI,Costa Rica,2011,Latin America & Caribbean,High income,46.479,75.331,19264.4566461776,28.852000000000004,61.69969866323293,9.866017052467216
CRI,Costa Rica,2016,Latin America & Caribbean,High income,46.018,73.879,21936.4660575366,27.861000000000004,62.28833633373488,9.995905647817125
CRI,Costa Rica,2015,Latin America & Caribbean,High income,50.06,76.048,21265.3176336354,25.988,65.82684620239849,9.964832744497665
CRI,Costa Rica,2022,Latin America & Caribbean,High income,50.283,73.144,25290.0087466975,22.861000000000004,68.7452149185169,10.138164685519921
CRI,Costa Rica,1993,Latin America & Caribbean,High income,33.52,80.096,12173.6770672722,46.576,41.849780263683584,9.407031282274586
CIV,Cote d'Ivoire,2009,Sub-Saharan Africa,Lower middle income,59.41,74.094,4151.08431510133,14.683999999999997,80.18193106054471,8.331124859844182
CIV,Cote d'Ivoire,2019,Sub-Saharan Africa,Lower middle income,56.176,72.758,5894.92235259103,16.581999999999994,77.20937903735673,8.681846641144439
CIV,Cote d'Ivoire,1994,Sub-Saharan Africa,Lower middle income,48.087,82.205,4502.49283983062,34.117999999999995,58.496441822273596,8.412386486783577
CIV,Cote d'Ivoire,1995,Sub-Saharan Africa,Lower middle income,48.167,82.048,4638.79163883935,33.881,58.705879485179416,8.442209188640497
CIV,Cote d'Ivoire,2008,Sub-Saharan Africa,Lower middle income,58.42,74.83,4096.75377364759,16.409999999999997,78.07029266337031,8.317950176557925
CIV,Cote d'Ivoire,1998,Sub-Saharan Africa,Lower middle income,48.365,81.64,5093.16936951716,33.275,59.24179323860853,8.535655581685507
CIV,Cote d'Ivoire,1999,Sub-Saharan Africa,Lower middle income,49.362,80.986,4987.39397799406,31.624000000000002,60.951275529103796,8.514668803427124
CIV,Cote d'Ivoire,1996,Sub-Saharan Africa,Lower middle income,48.241,81.898,4807.45984346502,33.657,58.903758333536835,8.477924124534658
CIV,Cote d'Ivoire,1997,Sub-Saharan Africa,Lower middle income,48.309,81.758,5072.6345612587,33.449,59.08779568971843,8.531615598949637
CIV,Cote d'Ivoire,2017,Sub-Saharan Africa,Lower middle income,57.507,74.288,5556.1547631509,16.781,77.41088735731209,8.622661558625039
CIV,Cote d'Ivoire,2018,Sub-Saharan Africa,Lower middle income,56.841,73.528,5670.24199741353,16.687000000000005,77.3052442606898,8.642987076130865
CIV,Cote d'Ivoire,2003,Sub-Saharan Africa,Lower middle income,53.377,78.309,4060.03041319294,24.931999999999995,68.16202479919295,8.308945743501942
CIV,Cote d'Ivoire,2004,Sub-Saharan Africa,Lower middle income,54.385,77.626,4088.97542020506,23.241000000000007,70.06028907840157,8.31604970914703
CIV,Cote d'Ivoire,2005,Sub-Saharan Africa,Lower middle income,55.396,76.938,4032.27570780036,21.542,72.0008318386233,8.302086187324209
CIV,Cote d'Ivoire,2006,Sub-Saharan Africa,Lower middle income,56.408,76.247,4049.29028298687,19.839,73.98061563077893,8.306296905975804
CIV,Cote d'Ivoire,2007,Sub-Saharan Africa,Lower middle income,57.421,75.551,3999.72054350731,18.130000000000003,76.00296488464745,8.293979773538243
CIV,Cote d'Ivoire,2022,Sub-Saharan Africa,Lower middle income,59.059,74.866,6272.26395760029,15.807000000000002,78.88627681457537,8.74389264622127
CIV,Cote d'Ivoire,2010,Sub-Saharan Africa,Lower middle income,60.409,73.366,4338.68457800736,12.957,82.33923070632173,8.375326488527564
CIV,Cote d'Ivoire,2011,Sub-Saharan Africa,Lower middle income,61.415,72.643,4017.43753814324,11.228000000000002,84.54358988477898,8.298399550046684
CIV,Cote d'Ivoire,2012,Sub-Saharan Africa,Lower middle income,62.427,71.923,4234.21187719492,9.496000000000002,86.79699122672858,8.350952492293237
CIV,Cote d'Ivoire,2013,Sub-Saharan Africa,Lower middle income,61.354,72.695,4597.22035890241,11.340999999999994,84.39920214595227,8.433207130028784
CIV,Cote d'Ivoire,2000,Sub-Saharan Africa,Lower middle income,50.363,80.327,4838.37602767698,29.964,62.69747407471959,8.4843344119357
CIV,Cote d'Ivoire,2001,Sub-Saharan Africa,Lower middle income,51.366,79.662,4609.17878891553,28.296000000000006,64.4799276945093,8.435804983227754
CIV,Cote d'Ivoire,2002,Sub-Saharan Africa,Lower middle income,52.371,78.989,4368.96040639474,26.618000000000002,66.30163693678867,8.382280366515028
CIV,Cote d'Ivoire,1990,Sub-Saharan Africa,Lower middle income,47.767,82.735,5255.54850266487,34.967999999999996,57.73493684655829,8.567039655155247
CIV,Cote d'Ivoire,1991,Sub-Saharan Africa,Lower middle income,47.844,82.628,5052.88904768462,34.784,57.90289006148037,8.5277154473395
CIV,Cote d'Ivoire,1992,Sub-Saharan Africa,Lower middle income,47.926,82.496,4843.32931958155,34.56999999999999,58.0949379363848,8.485357639179059
CIV,Cote d'Ivoire,2020,Sub-Saharan Africa,Lower middle income,56.484,72.886,5787.85814696561,16.401999999999994,77.49636418516587,8.663517579324855
CIV,Cote d'Ivoire,2021,Sub-Saharan Africa,Lower middle income,57.846,74.219,6045.20480490881,16.372999999999998,77.93961115078349,8.707020642526063
CIV,Cote d'Ivoire,2023,Sub-Saharan Africa,Lower middle income,59.258,74.649,6520.89886459765,15.390999999999998,79.3821752468218,8.782767508086865
CIV,Cote d'Ivoire,2024,Sub-Saharan Africa,Lower middle income,59.465,74.421,6747.0379677706,14.956000000000003,79.90352185539028,8.816858867967543
CIV,Cote d'Ivoire,2016,Sub-Saharan Africa,Lower middle income,58.173,75.036,5320.88582199186,16.863,77.52678714217176,8.579395076367996
CIV,Cote d'Ivoire,2014,Sub-Saharan Africa,Lower middle income,60.285,73.469,4907.61080546543,13.183999999999997,82.05501640147546,8.498542504696621
CIV,Cote d'Ivoire,2015,Sub-Saharan Africa,Lower middle income,59.228,74.253,5110.90021438908,15.024999999999999,79.7651273349225,8.53913083488156
CIV,Cote d'Ivoire,1993,Sub-Saharan Africa,Lower middle income,48.007,82.357,4645.50187236924,34.35,58.29134135531891,8.443654691131385
HRV,Croatia,2012,Europe & Central Asia,High income,44.466,58.885,28259.1638073948,14.418999999999997,75.513288613399,10.249173066536587
HRV,Croatia,1991,Europe & Central Asia,High income,46.616,69.271,18812.8657379331,22.655,67.29511628242699,9.84229626252129
HRV,Croatia,2020,Europe & Central Asia,High income,44.447,58.144,32493.4017010055,13.696999999999996,76.442969179967,10.388792323121102
HRV,Croatia,2021,Europe & Central Asia,High income,45.869,58.822,36930.076102199,12.953000000000003,77.97932746251402,10.516781568559324
HRV,Croatia,2022,Europe & Central Asia,High income,46.975,58.584,39863.9109377649,11.609000000000002,80.18400928581183,10.593226705806751
HRV,Croatia,1990,Europe & Central Asia,High income,47.312,69.301,23399.6397169629,21.989000000000004,68.27029912988269,10.060475904516275
HRV,Croatia,1998,Europe & Central Asia,High income,44.657,63.232,20576.0127669018,18.575000000000003,70.62405111336032,9.931881247512552
HRV,Croatia,1999,Europe & Central Asia,High income,44.508,62.467,20489.3540108242,17.958999999999996,71.25042022187715,9.927660713689798
HRV,Croatia,2000,Europe & Central Asia,High income,44.411,61.744,21302.4117206381,17.333,71.9276366934439,9.966575571608939
HRV,Croatia,2001,Europe & Central Asia,High income,44.305,61.01,22826.7217624371,16.705,72.61924274709064,10.03568713580277
HRV,Croatia,2002,Europe & Central Asia,High income,44.136,60.215,24136.7810227804,16.079,73.29735115834924,10.091492139562133
HRV,Croatia,2003,Europe & Central Asia,High income,44.088,60.297,25473.5672036391,16.208999999999996,73.11806557540177,10.145396613276207
HRV,Croatia,2004,Europe & Central Asia,High income,45.204,61.464,26528.5369054362,16.259999999999998,73.54549004295198,10.185976296927898
HRV,Croatia,2005,Europe & Central Asia,High income,45.394,60.702,27641.1374713864,15.308,74.78172053639089,10.227060430124075
HRV,Croatia,2006,Europe & Central Asia,High income,45.42,59.503,29035.6749841445,14.082999999999998,76.33228576710418,10.27628052479423
HRV,Croatia,2007,Europe & Central Asia,High income,45.055,61.501,30508.3061279124,16.445999999999998,73.25897139883905,10.32575425758256
HRV,Croatia,2008,Europe & Central Asia,High income,45.65,61.279,31113.555007687,15.629000000000005,74.49534098141287,10.345398855548488
HRV,Croatia,2009,Europe & Central Asia,High income,46.582,60.184,29024.6640551953,13.601999999999997,77.39930878638842,10.275901232173366
HRV,Croatia,2010,Europe & Central Asia,High income,46.029,59.704,28701.8754573033,13.674999999999997,77.09533699584618,10.264717746557059
HRV,Croatia,2023,Europe & Central Asia,High income,47.139,57.87,41320.257995772,10.730999999999995,81.45671332296529,10.62910816706142
HRV,Croatia,2011,Europe & Central Asia,High income,44.475,59.784,28769.0229490882,15.308999999999997,74.39281413087114,10.267054495214246
HRV,Croatia,2016,Europe & Central Asia,High income,45.148,57.772,30820.8050421355,12.623999999999995,78.14858408917816,10.335945229303098
HRV,Croatia,2013,Europe & Central Asia,High income,44.453,57.702,28397.9820661555,13.248999999999995,77.03892412741327,10.254073367616233
HRV,Croatia,2014,Europe & Central Asia,High income,46.252,58.716,28456.3353756076,12.463999999999999,78.77239593977792,10.256126099319578
HRV,Croatia,2015,Europe & Central Asia,High income,46.662,59.11,29466.4506365792,12.448,78.9409575367958,10.29100762859294
HRV,Croatia,1993,Europe & Central Asia,High income,45.999,67.582,15570.3388433749,21.58299999999999,68.06398153354445,9.65312302717152
HRV,Croatia,2017,Europe & Central Asia,High income,45.236,58.157,32348.5888556174,12.921,77.78255412074213,10.38432567782205
HRV,Croatia,2018,Europe & Central Asia,High income,45.012,57.454,33729.5455811943,12.442,78.34441466216452,10.426129455720483
HRV,Croatia,2019,Europe & Central Asia,High income,44.78,57.567,35122.7966231008,12.786999999999999,77.7876213803047,10.466605675077028
HRV,Croatia,2024,Europe & Central Asia,High income,47.541,57.634,42828.7997273569,10.093000000000004,82.48776763715861,10.664966046106459
HRV,Croatia,1994,Europe & Central Asia,High income,45.693,66.691,16301.6858484798,20.998000000000005,68.51449221034322,9.699023807733829
HRV,Croatia,1995,Europe & Central Asia,High income,45.389,65.773,17522.5142510064,20.383999999999993,69.00855974335974,9.771241861671704
HRV,Croatia,1996,Europe & Central Asia,High income,45.115,64.886,18850.1633100668,19.770999999999994,69.52963659340999,9.844276856502649
HRV,Croatia,1992,Europe & Central Asia,High income,46.311,68.449,17020.1669100237,22.137999999999998,67.65767213545851,9.742154208778675
HRV,Croatia,1997,Europe & Central Asia,High income,44.87,64.045,20110.2026198343,19.175000000000004,70.06011398235616,9.908982558291987
CYP,Cyprus,2003,Europe & Central Asia,High income,53.747,72.235,38617.8125,18.488,74.40575898110335,10.56146891274185
CYP,Cyprus,1993,Europe & Central Asia,High income,44.607,76.015,28439.21484375,31.408,58.68183911070184,10.255524276073004
CYP,Cyprus,1990,Europe & Central Asia,High income,42.671,77.519,27666.53515625,34.848000000000006,55.04585972471264,10.227978844710774
CYP,Cyprus,1991,Europe & Central Asia,High income,43.443,77.535,27158.92578125,34.092,56.03017991874637,10.209461029390082
CYP,Cyprus,1992,Europe & Central Asia,High income,43.862,76.427,28931.814453125,32.565000000000005,57.39071270624255,10.272697114742641
CYP,Cyprus,2000,Europe & Central Asia,High income,49.302,71.163,36121.6640625,21.860999999999997,69.28038446945745,10.494648076860079
CYP,Cyprus,1994,Europe & Central Asia,High income,45.371,75.593,29500.623046875,30.222,60.020107681928224,10.292166662337934
CYP,Cyprus,1998,Europe & Central Asia,High income,48.114,72.837,33181.98828125,24.723000000000006,66.05708637093784,10.409762486037366
CYP,Cyprus,1999,Europe & Central Asia,High income,48.712,71.982,34452.72265625,23.269999999999996,67.67247367397405,10.447343305430689
CYP,Cyprus,2002,Europe & Central Asia,High income,52.342,71.131,38090.77734375,18.789,73.58535659557717,10.547727467343956
CYP,Cyprus,2016,Europe & Central Asia,High income,58.281,69.181,39500.8515625,10.899999999999999,84.24422890678076,10.584077509201135
CYP,Cyprus,2004,Europe & Central Asia,High income,53.674,72.734,40019.92578125,19.059999999999995,73.79492396953282,10.597132753594526
CYP,Cyprus,2005,Europe & Central Asia,High income,53.507,72.93,41362.09375,19.42300000000001,73.36761277937748,10.630120130483236
CYP,Cyprus,2006,Europe & Central Asia,High income,54.296,72.159,42595.203125,17.863000000000007,75.24494519048213,10.659496923217771
CYP,Cyprus,2007,Europe & Central Asia,High income,55.717,71.797,43823.76171875,16.08,77.6035210384835,10.687931454256196
CYP,Cyprus,2008,Europe & Central Asia,High income,56.119,71.112,44295.62890625,14.992999999999995,78.91635729553381,10.698641280877183
CYP,Cyprus,1995,Europe & Central Asia,High income,46.116,75.067,31393.24609375,28.950999999999993,61.43311974635992,10.354348056204891
CYP,Cyprus,1996,Europe & Central Asia,High income,46.826,74.422,31282.609375,27.595999999999997,62.91956679476499,10.350817611096879
CYP,Cyprus,1997,Europe & Central Asia,High income,47.491,73.668,31656.830078125,26.177000000000007,64.46625400445241,10.36270920454751
CYP,Cyprus,2010,Europe & Central Asia,High income,57.839,70.436,42102.28125,12.597000000000008,82.11567948208301,10.647857204663246
CYP,Cyprus,2011,Europe & Central Asia,High income,57.516,70.04,41212.6875,12.524000000000008,82.11878926327812,10.626501436960174
CYP,Cyprus,2001,Europe & Central Asia,High income,51.87,71.729,37146.84375,19.859,72.31384795549917,10.522634086913483
CYP,Cyprus,2015,Europe & Central Asia,High income,59.097,69.161,37258.5,10.064,85.44844637873946,10.525635385696265
CYP,Cyprus,2014,Europe & Central Asia,High income,58.944,70.249,36104.90234375,11.304999999999993,83.90724423123461,10.494183934096968
CYP,Cyprus,2017,Europe & Central Asia,High income,58.922,69.774,41417.98828125,10.852000000000004,84.44692865537306,10.631470564992913
CYP,Cyprus,2018,Europe & Central Asia,High income,59.627,71.076,43510.03125,11.448999999999991,83.89189037087063,10.680746793940163
CYP,Cyprus,2019,Europe & Central Asia,High income,60.096,72.073,45454.17578125,11.976999999999997,83.38212645512189,10.724459971760387
CYP,Cyprus,2020,Europe & Central Asia,High income,59.05,72.362,43402.359375,13.311999999999998,81.6036041016003,10.678269082090118
CYP,Cyprus,2021,Europe & Central Asia,High income,59.534,73.367,47632.5703125,13.833000000000006,81.14547412324342,10.77127205648964
CYP,Cyprus,2022,Europe & Central Asia,High income,61.219,73.985,50840.9140625,12.765999999999998,82.74515104413057,10.836456704341217
CYP,Cyprus,2023,Europe & Central Asia,High income,62.495,73.359,51674.90234375,10.863999999999997,85.19063782221677,10.852727494732024
CYP,Cyprus,2024,Europe & Central Asia,High income,61.408,72.933,52861.8359375,11.525000000000006,84.1978254013958,10.87543691963043
CYP,Cyprus,2009,Europe & Central Asia,High income,56.692,70.595,42253.38671875,13.902999999999999,80.30597067781005,10.651439788596425
CYP,Cyprus,2012,Europe & Central Asia,High income,57.202,70.767,39190.22265625,13.564999999999998,80.83146099170517,10.576182572633266
CYP,Cyprus,2013,Europe & Central Asia,High income,57.37,70.609,36650.5703125,13.238999999999997,81.25026554688496,10.509184268244203
CZE,Czechia,2002,Europe & Central Asia,High income,50.954,69.306,30919.549661870202,18.351999999999997,73.52033013014747,10.339143937972725
CZE,Czechia,2001,Europe & Central Asia,High income,51.274,69.394,30399.8730764283,18.120000000000005,73.8882324120241,10.322193712268106
CZE,Czechia,2005,Europe & Central Asia,High income,50.657,68.751,35535.7479961511,18.09400000000001,73.68183735509301,10.478294454600483
CZE,Czechia,1993,Europe & Central Asia,High income,52.36,71.268,24573.9914877529,18.908,73.4691586686872,10.109443906035047
CZE,Czechia,1994,Europe & Central Asia,High income,52.618,71.506,25279.7917961729,18.887999999999998,73.58543339020503,10.137760612315997
CZE,Czechia,2004,Europe & Central Asia,High income,50.554,68.484,33452.3408000614,17.929999999999993,73.81870217861108,10.417877042183033
CZE,Czechia,1996,Europe & Central Asia,High income,51.865,71.501,28021.6704584336,19.636000000000003,72.53744702871289,10.240733434760449
CZE,Czechia,1997,Europe & Central Asia,High income,51.856,71.201,27884.7397585343,19.34499999999999,72.83043777475037,10.23583485611144
CZE,Czechia,1998,Europe & Central Asia,High income,51.963,70.874,27801.4387801408,18.910999999999994,73.3174365775884,10.232843053020824
CZE,Czechia,1995,Europe & Central Asia,High income,52.401,71.463,26869.0197149398,19.06199999999999,73.32605684060283,10.198729218433419
CZE,Czechia,1990,Europe & Central Asia,High income,52.738,71.24,27918.1375190566,18.501999999999995,74.02863559797866,10.237031846881067
CZE,Czechia,1991,Europe & Central Asia,High income,52.288,71.278,24734.7702062546,18.99000000000001,73.35783832318526,10.11596523339244
CZE,Czechia,1992,Europe & Central Asia,High income,52.322,71.287,24584.3299626051,18.965000000000003,73.39627140993449,10.109864525563932
CZE,Czechia,2003,Europe & Central Asia,High income,50.83,68.766,31949.2963145034,17.936000000000007,73.91734287293139,10.371905434977952
CZE,Czechia,2017,Europe & Central Asia,High income,52.114,68.404,45177.5226053634,16.29,76.18560318110053,10.71835495463993
CZE,Czechia,2019,Europe & Central Asia,High income,52.3,68.284,47763.6165520254,15.984000000000009,76.59188096772303,10.774019468650726
CZE,Czechia,2007,Europe & Central Asia,High income,49.75,68.341,39629.0061324728,18.590999999999994,72.79671061295562,10.587316607204167
CZE,Czechia,2008,Europe & Central Asia,High income,49.224,68.126,40328.3426630095,18.902000000000008,72.25435222969203,10.604809792627021
CZE,Czechia,2009,Europe & Central Asia,High income,49.436,68.182,38175.1422773334,18.746000000000002,72.50593998416004,10.549939857056533
CZE,Czechia,2010,Europe & Central Asia,High income,49.231,67.95,39097.3886218756,18.719,72.45180279617365,10.573810956578788
CZE,Czechia,2011,Europe & Central Asia,High income,49.472,67.524,39708.1626280195,18.052,73.26580178899354,10.589312053299581
CZE,Czechia,2012,Europe & Central Asia,High income,50.041,67.689,39347.0492956846,17.647999999999996,73.92781692741805,10.580176264901409
CZE,Czechia,1999,Europe & Central Asia,High income,52.153,70.633,28213.4555005997,18.479999999999997,73.83659196126456,10.247554288539867
CZE,Czechia,2000,Europe & Central Asia,High income,51.637,69.858,29427.4070011514,18.221000000000004,73.9170889518738,10.289681730011534
CZE,Czechia,2014,Europe & Central Asia,High income,50.803,68.16,40158.0164275735,17.357,74.5349178403756,10.600577361402111
CZE,Czechia,2015,Europe & Central Asia,High income,51.187,67.957,42066.5759800801,16.769999999999996,75.32263048692556,10.64700878463625
CZE,Czechia,2016,Europe & Central Asia,High income,51.735,68.293,43069.4659744727,16.558000000000007,75.75446971139061,10.67056957895742
CZE,Czechia,2022,Europe & Central Asia,High income,52.191,67.869,48390.661678675,15.677999999999997,76.89961543561861,10.787062133566062
CZE,Czechia,2018,Europe & Central Asia,High income,52.559,68.543,46301.082036029,15.984000000000009,76.68033205433085,10.742920609909866
CZE,Czechia,2020,Europe & Central Asia,High income,51.463,67.807,45119.9387309139,16.344,75.8962938929609,10.717079528256876
CZE,Czechia,2021,Europe & Central Asia,High income,51.555,67.69,47796.0337408466,16.134999999999998,76.16339193381593,10.774697938903921
CZE,Czechia,2006,Europe & Central Asia,High income,50.53,68.56,37786.8781740905,18.03,73.70186697782964,10.539717183089675
CZE,Czechia,2023,Europe & Central Asia,High income,53.241,67.932,47558.4106763314,14.691000000000003,78.37396219749161,10.76971393301194
CZE,Czechia,2024,Europe & Central Asia,High income,53.656,67.887,47972.53171792,14.231000000000002,79.03722362160649,10.778383870212473
CZE,Czechia,2013,Europe & Central Asia,High income,50.888,68.049,39317.5535692377,17.16100000000001,74.78140751517289,10.57942635384218
DNK,Denmark,1993,Europe & Central Asia,High income,60.996,72.117,47082.4674371864,11.121000000000002,84.57922542535047,10.75965596945684
DNK,Denmark,2002,Europe & Central Asia,High income,60.309,71.885,58003.8882572641,11.576000000000008,83.89650135633302,10.968265326199894
DNK,Denmark,2009,Europe & Central Asia,High income,59.768,69.4,59185.967750553304,9.632000000000005,86.12103746397693,10.9884397615351
DNK,Denmark,2010,Europe & Central Asia,High income,58.97,68.388,59856.3490860003,9.418000000000006,86.22857811311924,10.999702788667959
DNK,Denmark,1994,Europe & Central Asia,High income,57.918,71.378,49408.2038213767,13.46,81.14264899548881,10.807871758646678
DNK,Denmark,2001,Europe & Central Asia,High income,59.874,71.192,57925.0542954115,11.31799999999999,84.102146308574,10.96690528664
DNK,Denmark,2012,Europe & Central Asia,High income,58.281,66.683,60161.7010660256,8.402000000000008,87.40008697869021,11.004791233922536
DNK,Denmark,2013,Europe & Central Asia,High income,57.679,65.415,60745.7784800252,7.736000000000004,88.17396621569976,11.014452868747513
DNK,Denmark,2000,Europe & Central Asia,High income,60.03,71.718,57585.8965553524,11.688000000000002,83.70283610809001,10.961032965233391
DNK,Denmark,2014,Europe & Central Asia,High income,57.097,65.693,61210.9490922919,8.595999999999997,86.91489199762532,11.022081359235312
DNK,Denmark,2003,Europe & Central Asia,High income,59.949,71.815,58101.4809549972,11.866,83.476989486876,10.969946432274131
DNK,Denmark,2004,Europe & Central Asia,High income,60.627,71.858,59560.4599503941,11.231000000000002,84.37056416822065,10.994747209239485
DNK,Denmark,2005,Europe & Central Asia,High income,60.62,71.447,60798.1351548444,10.827000000000005,84.84610970369644,11.015314395688547
DNK,Denmark,2006,Europe & Central Asia,High income,61.296,71.573,62911.3931382937,10.276999999999994,85.6412334260126,11.04948255726076
DNK,Denmark,1995,Europe & Central Asia,High income,57.908,72.905,50644.7074582221,14.997,79.4293944173925,10.832590011783198
DNK,Denmark,1996,Europe & Central Asia,High income,58.316,72.77,51817.1735416988,14.453999999999994,80.13741926618113,10.855476908855838
DNK,Denmark,1997,Europe & Central Asia,High income,58.604,73.079,53237.2951913962,14.474999999999994,80.19266820837724,10.882514467150036
DNK,Denmark,1998,Europe & Central Asia,High income,59.36,71.517,54278.2791190857,12.156999999999996,83.00124445935931,10.901879409671096
DNK,Denmark,1999,Europe & Central Asia,High income,60.155,72.27,55704.2583988925,12.114999999999995,83.23647433236475,10.927811875396854
DNK,Denmark,2023,Europe & Central Asia,High income,59.812,67.788,68993.9031100362,7.975999999999999,88.23390570602466,11.141773418951244
DNK,Denmark,2024,Europe & Central Asia,High income,60.902,69.289,71034.5789667138,8.387,87.89562556827202,11.170922065164149
DNK,Denmark,2017,Europe & Central Asia,High income,57.739,66.007,64989.4459872347,8.268000000000008,87.4740557819625,11.081980166267273
DNK,Denmark,2018,Europe & Central Asia,High income,57.649,66.258,65870.8302554341,8.608999999999995,87.00685200277704,11.095450986010048
DNK,Denmark,2015,Europe & Central Asia,High income,56.837,66.106,62059.1285991721,9.268999999999991,85.97857985659397,11.035842896640048
DNK,Denmark,2016,Europe & Central Asia,High income,57.677,65.906,63468.9888246814,8.229000000000006,87.51403514095833,11.058306700626126
DNK,Denmark,2020,Europe & Central Asia,High income,57.886,66.499,65379.3066120995,8.612999999999992,87.04792553271479,11.087961074717214
DNK,Denmark,2021,Europe & Central Asia,High income,58.161,67.275,69327.998216527,9.114000000000004,86.45261984392418,11.146604118254544
DNK,Denmark,2007,Europe & Central Asia,High income,60.849,71.1,63251.3169416725,10.250999999999998,85.58227848101266,11.054871227585222
DNK,Denmark,2008,Europe & Central Asia,High income,60.052,70.536,62618.4499382451,10.484000000000002,85.13666780083928,11.044815241112593
DNK,Denmark,1992,Europe & Central Asia,High income,61.591,72.801,47276.8936589666,11.21,84.6018598645623,10.763776948969095
DNK,Denmark,2019,Europe & Central Asia,High income,58.06,66.928,66758.6323346131,8.867999999999995,86.74994023428162,11.108838891265941
DNK,Denmark,2011,Europe & Central Asia,High income,58.71,67.766,60391.7799332206,9.056000000000004,86.6363663193932,11.00860828084045
DNK,Denmark,1991,Europe & Central Asia,High income,61.443,73.235,46493.0175958032,11.792000000000002,83.89840923055915,10.747057421070384
DNK,Denmark,1990,Europe & Central Asia,High income,61.106,73.778,45943.8875401847,12.672000000000004,82.82414812003577,10.735176094782663
DNK,Denmark,2022,Europe & Central Asia,High income,59.551,67.549,69089.4692492289,7.998000000000005,88.15970628728775,11.143157599433199
DJI,Djibouti,2015,"Middle East, North Africa, Afghanistan & Pakistan",Lower middle income,17.785,47.855,4961.8681860592,30.069999999999997,37.164350642566085,8.509537599219174
DJI,Djibouti,2014,"Middle East, North Africa, Afghanistan & Pakistan",Lower middle income,17.627,48.298,4705.04926772184,30.671000000000003,36.4963352519773,8.456391523318926
DJI,Djibouti,2016,"Middle East, North Africa, Afghanistan & Pakistan",Lower middle income,17.959,47.372,5226.50026106607,29.413,37.91058008950435,8.56149716692322
DJI,Djibouti,2018,"Middle East, North Africa, Afghanistan & Pakistan",Lower middle income,18.34,46.333,5590.50426604853,27.993,39.5830185828675,8.628824770676038
DJI,Djibouti,2019,"Middle East, North Africa, Afghanistan & Pakistan",Lower middle income,18.531,45.821,5809.30455041341,27.29,40.44215534361973,8.667216143957466
DJI,Djibouti,2020,"Middle East, North Africa, Afghanistan & Pakistan",Lower middle income,18.264,45.307,5791.47767679877,27.043000000000003,40.31165162116229,8.664142749888372
DJI,Djibouti,2017,"Middle East, North Africa, Afghanistan & Pakistan",Lower middle income,18.146,46.859,5421.95649149613,28.713,38.724684692375,8.598212005588223
DJI,Djibouti,2022,"Middle East, North Africa, Afghanistan & Pakistan",Lower middle income,18.678,45.346,6180.67998594606,26.667999999999996,41.18996162836855,8.72918357448723
DJI,Djibouti,2021,"Middle East, North Africa, Afghanistan & Pakistan",Lower middle income,18.537,45.479,5960.10807396825,26.942,40.75947140438444,8.69284389311114
DJI,Djibouti,2024,"Middle East, North Africa, Afghanistan & Pakistan",Lower middle income,19.235,44.745,6871.12440453129,25.509999999999998,42.98804335679964,8.835083040605967
DJI,Djibouti,2013,"Middle East, North Africa, Afghanistan & Pakistan",Lower middle income,17.485,48.699,4469.07409933135,31.214,35.904228012895544,8.404936529536952
DJI,Djibouti,2023,"Middle East, North Africa, Afghanistan & Pakistan",Lower middle income,18.936,45.055,6510.67859061619,26.119,42.0286316724004,8.781198967960083
DOM,Dominican Republic,2019,Latin America & Caribbean,Upper middle income,52.542,78.167,21451.286441995,25.625,67.2176238054422,9.973539896543576
DOM,Dominican Republic,2016,Latin America & Caribbean,Upper middle income,48.821,76.423,18968.9752386179,27.602000000000004,63.88260078772097,9.850560041365435
DOM,Dominican Republic,1993,Latin America & Caribbean,Upper middle income,36.7,78.481,8318.49178576126,41.78099999999999,46.76291076821142,9.02623624163297
DOM,Dominican Republic,1994,Latin America & Caribbean,Upper middle income,36.863,78.381,8372.07169739279,41.518,47.030530358122505,9.032656647479625
DOM,Dominican Republic,1991,Latin America & Caribbean,Upper middle income,35.41,78.689,7246.24670144222,43.278999999999996,44.99993645871723,8.8882389174449
DOM,Dominican Republic,2011,Latin America & Caribbean,Upper middle income,43.662,72.965,15258.0858148503,29.303000000000004,59.83964914685123,9.63286485888723
DOM,Dominican Republic,2012,Latin America & Caribbean,Upper middle income,45.206,73.977,15487.2776356321,28.771,61.108182272868596,9.64777416816731
DOM,Dominican Republic,2013,Latin America & Caribbean,Upper middle income,45.088,73.78,16054.7677297656,28.692,61.11141230685823,9.683761139260172
DOM,Dominican Republic,1992,Latin America & Caribbean,Upper middle income,36.188,78.586,7900.76809265865,42.397999999999996,46.04891456493523,8.974715260647699
DOM,Dominican Republic,2018,Latin America & Caribbean,Upper middle income,50.285,77.607,20662.848586153,27.322000000000003,64.79441287512724,9.936092612460198
DOM,Dominican Republic,2002,Latin America & Caribbean,Upper middle income,40.04,75.398,11313.0690271273,35.358,53.104856892755784,9.333713887483677
DOM,Dominican Republic,1990,Latin America & Caribbean,Upper middle income,35.382,78.788,7327.72670133751,43.406,44.90785398791694,8.89942061053533
DOM,Dominican Republic,2017,Latin America & Caribbean,Upper middle income,49.009,76.066,19501.8743054078,27.057000000000002,64.42957431704046,9.878265858158818
DOM,Dominican Republic,2005,Latin America & Caribbean,Upper middle income,39.791,73.774,12022.5080544053,33.983000000000004,53.93634613820587,9.39453584309589
DOM,Dominican Republic,2006,Latin America & Caribbean,Upper middle income,40.6,74.331,12961.9183632133,33.731,54.620548627086954,9.46977098080499
DOM,Dominican Republic,2007,Latin America & Caribbean,Upper middle income,40.275,74.476,13754.9212674095,34.201,54.07782372844944,9.52915194941714
DOM,Dominican Republic,2004,Latin America & Caribbean,Upper middle income,39.168,74.866,11131.2709216332,35.698,52.31747388667753,9.317513626576527
DOM,Dominican Republic,2010,Latin America & Caribbean,Upper middle income,41.672,72.053,14975.0010126958,30.381,57.83520464102813,9.61413749060941
DOM,Dominican Republic,1996,Latin America & Caribbean,Upper middle income,37.7,78.152,9036.88352149896,40.452,48.23932848807452,9.109069650751607
DOM,Dominican Republic,1997,Latin America & Caribbean,Upper middle income,38.364,78.016,9671.14817881707,39.65200000000001,49.17452830188678,9.176902317574257
DOM,Dominican Republic,1998,Latin America & Caribbean,Upper middle income,38.89,77.871,10150.4460178993,38.980999999999995,49.941570032489636,9.22527292615466
DOM,Dominican Republic,2014,Latin America & Caribbean,Upper middle income,45.368,74.031,16993.587444403,28.663000000000004,61.282435736380705,9.74059134272432
DOM,Dominican Republic,2015,Latin America & Caribbean,Upper middle income,48.157,76.197,17973.1870256815,28.040000000000006,63.20065094426289,9.796636316622418
DOM,Dominican Republic,2001,Latin America & Caribbean,Upper middle income,38.363,76.5,10991.1363420488,38.137,50.14771241830065,9.304844439873118
DOM,Dominican Republic,2003,Latin America & Caribbean,Upper middle income,39.184,74.395,11000.8684059352,35.211,52.67020633107064,9.305729494658546
DOM,Dominican Republic,2023,Latin America & Caribbean,Upper middle income,52.482,76.433,23282.4895071054,23.951000000000008,68.66405871809297,10.055456833718395
DOM,Dominican Republic,2020,Latin America & Caribbean,Upper middle income,47.412,73.67,19545.4099552943,26.258000000000003,64.35726890185964,9.880495752951791
DOM,Dominican Republic,2021,Latin America & Caribbean,Upper middle income,51.06,75.633,22053.4589869955,24.572999999999993,67.51021379556543,10.00122473873068
DOM,Dominican Republic,2022,Latin America & Caribbean,Upper middle income,50.478,76.342,22986.95808105,25.863999999999997,66.12087710565613,10.042682294128984
DOM,Dominican Republic,2024,Latin America & Caribbean,Upper middle income,53.266,76.371,24229.8894872915,23.104999999999997,69.74636969530319,10.095342252813438
DOM,Dominican Republic,2009,Latin America & Caribbean,Upper middle income,38.945,72.329,13992.4103270189,33.38399999999999,53.84423951665308,9.54627034209884
DOM,Dominican Republic,2008,Latin America & Caribbean,Upper middle income,41.848,73.632,14030.1411084465,31.784000000000006,56.83398522381573,9.54896323066863
DOM,Dominican Republic,1999,Latin America & Caribbean,Upper middle income,39.364,77.724,10582.0775939337,38.36000000000001,50.645875147959444,9.26691705607126
DOM,Dominican Republic,2000,Latin America & Caribbean,Upper middle income,39.73,77.594,10896.3184155964,37.864,51.202412557671984,9.296180251126438
DOM,Dominican Republic,1995,Latin America & Caribbean,Upper middle income,37.267,78.269,8685.01648557062,41.002,47.61399787910923,9.06935457683928
ECU,Ecuador,2002,Latin America & Caribbean,Upper middle income,48.074,81.703,9697.55517665978,33.629000000000005,58.839944677674005,9.179629089079816
ECU,Ecuador,1991,Latin America & Caribbean,Upper middle income,47.264,79.502,9292.61779173762,32.23799999999999,59.450076727629494,9.136975578091887
ECU,Ecuador,1992,Latin America & Caribbean,Upper middle income,47.34,79.429,9291.3710483042,32.089,59.60039783958001,9.136841404159044
ECU,Ecuador,2018,Latin America & Caribbean,Upper middle income,54.481,79.061,14083.5069982304,24.580000000000005,68.91008208851392,9.552759675276477
ECU,Ecuador,2012,Latin America & Caribbean,Upper middle income,48.081,77.129,12961.0267423765,29.048000000000002,62.33842004952741,9.469702190717019
ECU,Ecuador,2013,Latin America & Caribbean,Upper middle income,48.131,76.687,13689.1520460125,28.555999999999997,62.76291939963748,9.524358976701079
ECU,Ecuador,2014,Latin America & Caribbean,Upper middle income,47.689,77.853,14064.7992246727,30.163999999999994,61.25518605577178,9.55143044600321
ECU,Ecuador,1990,Latin America & Caribbean,Upper middle income,46.947,79.379,9104.81599790272,32.432,59.142846344751135,9.11655878305061
ECU,Ecuador,1999,Latin America & Caribbean,Upper middle income,48.8,81.401,9242.96681019585,32.601,59.950123462856716,9.13161819645403
ECU,Ecuador,2001,Latin America & Caribbean,Upper middle income,46.976,81.554,9405.11680690106,34.578,57.60109865855752,9.149009161317876
ECU,Ecuador,2000,Latin America & Caribbean,Upper middle income,45.876,81.397,9183.05155276919,35.52100000000001,56.36079953806651,9.12511484153321
ECU,Ecuador,2017,Latin America & Caribbean,Upper middle income,56.173,80.356,14179.1537503305,24.182999999999993,69.90517198466823,9.559528119203028
ECU,Ecuador,2003,Latin America & Caribbean,Upper middle income,49.17,81.844,9802.81408202125,32.67399999999999,60.07770881188603,9.1904247746653
ECU,Ecuador,2004,Latin America & Caribbean,Upper middle income,52.726,82.523,10290.6634264766,29.796999999999997,63.89249057838421,9.238992299682419
ECU,Ecuador,2005,Latin America & Caribbean,Upper middle income,51.916,82.36,10660.2046228939,30.444000000000003,63.035454103933944,9.27427289292903
ECU,Ecuador,2006,Latin America & Caribbean,Upper middle income,52.7,83.524,10933.4897470283,30.823999999999998,63.0956371821273,9.299585811732431
ECU,Ecuador,2007,Latin America & Caribbean,Upper middle income,51.955,81.897,10952.8226853948,29.942000000000007,63.439442226210964,9.301352481513334
ECU,Ecuador,1994,Latin America & Caribbean,Upper middle income,47.813,79.423,9494.17506194696,31.61,60.2004457147174,9.15843373816045
ECU,Ecuador,1995,Latin America & Caribbean,Upper middle income,47.974,79.335,9525.17701832407,31.360999999999997,60.47015818995399,9.161693784423163
ECU,Ecuador,1996,Latin America & Caribbean,Upper middle income,48.08,79.197,9509.27540633173,31.117000000000004,60.70937030443072,9.160022959821866
ECU,Ecuador,1997,Latin America & Caribbean,Upper middle income,48.535,80.295,9739.26682428016,31.760000000000005,60.445855906345344,9.183921119088735
ECU,Ecuador,1998,Latin America & Caribbean,Upper middle income,51.694,81.377,9876.7507512592,29.682999999999993,63.524091573786215,9.197938865321838
ECU,Ecuador,2015,Latin America & Caribbean,Upper middle income,51.905,79.684,13881.5700738105,27.778999999999996,65.13854726168366,9.53831734537316
ECU,Ecuador,2016,Latin America & Caribbean,Upper middle income,55.406,80.167,13586.5160772568,24.761000000000003,69.11322614043185,9.516833114990112
ECU,Ecuador,2021,Latin America & Caribbean,Upper middle income,53.63,77.993,13507.4445638375,24.362999999999992,68.76258125729234,9.510996261607449
ECU,Ecuador,2022,Latin America & Caribbean,Upper middle income,54.244,77.67,14186.6388544625,23.426000000000002,69.83906270117161,9.560055874898772
ECU,Ecuador,2019,Latin America & Caribbean,Upper middle income,54.402,78.168,13870.4895118068,23.766000000000005,69.59625422167639,9.537518805534463
ECU,Ecuador,2020,Latin America & Caribbean,Upper middle income,48.241,72.05,12440.3263747814,23.808999999999997,66.95489243580846,9.428698601863918
ECU,Ecuador,2010,Latin America & Caribbean,Upper middle income,48.011,77.674,11665.6978598204,29.663000000000004,61.81090197492082,9.364408007768558
ECU,Ecuador,2011,Latin America & Caribbean,Upper middle income,47.065,76.811,12449.0785549218,29.74600000000001,61.27377589147387,9.429401887500989
ECU,Ecuador,2008,Latin America & Caribbean,Upper middle income,52.022,81.39,11474.5257023541,29.368000000000002,63.91694311340459,9.347884700946326
ECU,Ecuador,2009,Latin America & Caribbean,Upper middle income,49.664,78.672,11403.5277978831,29.007999999999996,63.1279235306081,9.341678042465627
ECU,Ecuador,2023,Latin America & Caribbean,Upper middle income,52.521,76.715,14321.1648295611,24.194000000000003,68.46249103825849,9.569493780052932
ECU,Ecuador,2024,Latin America & Caribbean,Upper middle income,52.394,76.948,13922.4222780744,24.553999999999995,68.09013879503041,9.541255932979174
ECU,Ecuador,1993,Latin America & Caribbean,Upper middle income,47.419,79.339,9284.31503431235,31.92,59.767579626665324,9.136081699855275
EGY,"Egypt, Arab Rep.",1995,"Middle East, North Africa, Afghanistan & Pakistan",Lower middle income,21.75,73.879,8423.57817498243,52.129000000000005,29.440030319847317,9.03878997836519
EGY,"Egypt, Arab Rep.",1994,"Middle East, North Africa, Afghanistan & Pakistan",Lower middle income,23.111,74.463,8221.04684774388,51.35199999999999,31.036890804829248,9.014452833681558
EGY,"Egypt, Arab Rep.",2022,"Middle East, North Africa, Afghanistan & Pakistan",Lower middle income,15.233,70.272,16360.390775011,55.039,21.67719717668488,9.702618495874589
EGY,"Egypt, Arab Rep.",2017,"Middle East, North Africa, Afghanistan & Pakistan",Lower middle income,22.184,67.582,14018.3605934411,45.397999999999996,32.825308514101394,9.548123220330586
EGY,"Egypt, Arab Rep.",2007,"Middle East, North Africa, Afghanistan & Pakistan",Lower middle income,23.326,72.213,11782.0060717026,48.88699999999999,32.30166313544653,9.374328737418676
EGY,"Egypt, Arab Rep.",1998,"Middle East, North Africa, Afghanistan & Pakistan",Lower middle income,19.695,72.029,9245.47890468363,52.333999999999996,27.343153452081804,9.131889943959687
EGY,"Egypt, Arab Rep.",2019,"Middle East, North Africa, Afghanistan & Pakistan",Lower middle income,15.859,68.386,15026.568243683,52.526999999999994,23.190419091626943,9.617575129576153
EGY,"Egypt, Arab Rep.",1996,"Middle East, North Africa, Afghanistan & Pakistan",Lower middle income,21.05,73.279,8662.33147868251,52.229,28.725828682159964,9.06673918918858
EGY,"Egypt, Arab Rep.",1997,"Middle East, North Africa, Afghanistan & Pakistan",Lower middle income,20.367,72.669,8950.6541069311,52.30199999999999,28.027081699211497,9.099481893171662
EGY,"Egypt, Arab Rep.",2002,"Middle East, North Africa, Afghanistan & Pakistan",Lower middle income,18.191,67.845,10143.5063456555,49.653999999999996,26.812587515660695,9.224589010829545
EGY,"Egypt, Arab Rep.",1999,"Middle East, North Africa, Afghanistan & Pakistan",Lower middle income,20.512,74.203,9588.8593851379,53.691,27.64308720671671,9.168357222861982
EGY,"Egypt, Arab Rep.",2000,"Middle East, North Africa, Afghanistan & Pakistan",Lower middle income,20.406,71.704,9981.62775081593,51.297999999999995,28.45866339395292,9.208501457290103
EGY,"Egypt, Arab Rep.",2005,"Middle East, North Africa, Afghanistan & Pakistan",Lower middle income,20.457,71.211,10700.6090372525,50.754,28.727303366052997,9.278055938199545
EGY,"Egypt, Arab Rep.",2006,"Middle East, North Africa, Afghanistan & Pakistan",Lower middle income,21.259,72.318,11211.8320228671,51.059,29.396554108244143,9.324724930266196
EGY,"Egypt, Arab Rep.",2018,"Middle East, North Africa, Afghanistan & Pakistan",Lower middle income,18.415,68.037,14488.2094340261,49.62200000000001,27.066155180269558,9.581090455148034
EGY,"Egypt, Arab Rep.",1993,"Middle East, North Africa, Afghanistan & Pakistan",Lower middle income,22.286,73.335,8079.05480679221,51.04899999999999,30.389309333878778,8.997030165315122
EGY,"Egypt, Arab Rep.",2020,"Middle East, North Africa, Afghanistan & Pakistan",Lower middle income,14.609,68.47,15309.2359881835,53.861,21.336351686870163,9.636211584609907
EGY,"Egypt, Arab Rep.",2008,"Middle East, North Africa, Afghanistan & Pakistan",Lower middle income,21.895,72.907,12391.5847624938,51.012,30.031409878338156,9.424772873021224
EGY,"Egypt, Arab Rep.",2009,"Middle East, North Africa, Afghanistan & Pakistan",Lower middle income,22.915,72.632,12728.0814587564,49.717000000000006,31.549454785769353,9.45156596996229
EGY,"Egypt, Arab Rep.",2010,"Middle East, North Africa, Afghanistan & Pakistan",Lower middle income,23.19,75.316,13128.9878334831,52.126000000000005,30.790270327686013,9.482577876243385
EGY,"Egypt, Arab Rep.",2011,"Middle East, North Africa, Afghanistan & Pakistan",Lower middle income,22.537,74.82,13082.4263680239,52.282999999999994,30.121625233894683,9.479025109950294
EGY,"Egypt, Arab Rep.",2012,"Middle East, North Africa, Afghanistan & Pakistan",Lower middle income,22.511,74.259,13076.8052394876,51.748000000000005,30.314170672915065,9.478595347432254
EGY,"Egypt, Arab Rep.",2013,"Middle East, North Africa, Afghanistan & Pakistan",Lower middle income,23.012,73.643,13058.0748238237,50.631,31.248048015425773,9.477161981843786
EGY,"Egypt, Arab Rep.",2003,"Middle East, North Africa, Afghanistan & Pakistan",Lower middle income,18.925,68.979,10250.376550149,50.054,27.435886284231437,9.235069720491685
EGY,"Egypt, Arab Rep.",2004,"Middle East, North Africa, Afghanistan & Pakistan",Lower middle income,19.68,70.1,10451.8217511529,50.419999999999995,28.074179743223972,9.25453157245307
EGY,"Egypt, Arab Rep.",2016,"Middle East, North Africa, Afghanistan & Pakistan",Lower middle income,23.072,70.045,13727.3201600816,46.973,32.938825041045035,9.527143298362903
EGY,"Egypt, Arab Rep.",1991,"Middle East, North Africa, Afghanistan & Pakistan",Lower middle income,22.16,71.236,7876.55257552889,49.07600000000001,31.10786680891684,8.971645596709957
EGY,"Egypt, Arab Rep.",1992,"Middle East, North Africa, Afghanistan & Pakistan",Lower middle income,22.971,71.31,8034.56230124583,48.339,32.21287336979386,8.991507802667417
EGY,"Egypt, Arab Rep.",2024,"Middle East, North Africa, Afghanistan & Pakistan",Lower middle income,18.468,70.559,16798.151577838,52.090999999999994,26.173840332204257,9.729024134209451
EGY,"Egypt, Arab Rep.",2015,"Middle East, North Africa, Afghanistan & Pakistan",Lower middle income,22.813,70.97,13425.9119599492,48.157,32.14456812737777,9.504941847047522
EGY,"Egypt, Arab Rep.",2021,"Middle East, North Africa, Afghanistan & Pakistan",Lower middle income,15.59,70.223,15579.0160861551,54.632999999999996,22.200703473221026,9.65368016506566
EGY,"Egypt, Arab Rep.",2023,"Middle East, North Africa, Afghanistan & Pakistan",Lower middle income,18.478,70.7,16691.3873991962,52.222,26.135785007072137,9.722648140774146
EGY,"Egypt, Arab Rep.",2014,"Middle East, North Africa, Afghanistan & Pakistan",Lower middle income,23.166,72.86,13136.3656298099,49.694,31.79522371671699,9.483139665486476
EGY,"Egypt, Arab Rep.",1990,"Middle East, North Africa, Afghanistan & Pakistan",Lower middle income,22.188,71.261,8006.62143740129,49.07299999999999,31.136245632253267,8.988024157999197
EGY,"Egypt, Arab Rep.",2001,"Middle East, North Africa, Afghanistan & Pakistan",Lower middle income,20.337,69.191,10117.3331821542,48.854,29.392551054327875,9.2220053885641
SLV,El Salvador,1999,Latin America & Caribbean,Upper middle income,45.685,80.71,7498.46741097206,35.02499999999999,56.60389047206047,8.92245393343935
SLV,El Salvador,2016,Latin America & Caribbean,Upper middle income,45.811,74.997,9863.76121214453,29.186,61.08377668440072,9.196622836536617
SLV,El Salvador,1990,Latin America & Caribbean,Upper middle income,40.971,84.013,5976.01762522026,43.04200000000001,48.76745265613655,8.69550967614235
SLV,El Salvador,1991,Latin America & Caribbean,Upper middle income,41.018,84.07,5960.05892897788,43.05199999999999,48.7902938027834,8.69283564742291
SLV,El Salvador,2023,Latin America & Caribbean,Upper middle income,48.521,76.751,11404.3342262685,28.230000000000004,63.21872027726023,9.341748757413383
SLV,El Salvador,2014,Latin America & Caribbean,Upper middle income,46.055,75.029,9451.744607867,28.973999999999997,61.38293193298592,9.153954618037712
SLV,El Salvador,2015,Latin America & Caribbean,Upper middle income,45.09,74.606,9646.15432339854,29.51599999999999,60.437498324531546,9.174314599194547
SLV,El Salvador,1998,Latin America & Caribbean,Upper middle income,45.566,81.809,7381.114604175,36.242999999999995,55.698028334290854,8.906679936566595
SLV,El Salvador,2000,Latin America & Caribbean,Upper middle income,45.422,79.856,7545.44796218991,34.434,56.879883790823484,8.928699741499129
SLV,El Salvador,2001,Latin America & Caribbean,Upper middle income,45.176,78.981,7580.32338410159,33.80499999999999,57.198566743900436,8.933311140536622
SLV,El Salvador,2002,Latin America & Caribbean,Upper middle income,44.943,78.075,7675.67106195114,33.132000000000005,57.563880883765606,8.945811003415107
SLV,El Salvador,2003,Latin America & Caribbean,Upper middle income,46.281,79.689,7780.27177685599,33.407999999999994,58.077024432481274,8.959346549320141
SLV,El Salvador,2004,Latin America & Caribbean,Upper middle income,44.499,78.574,7841.53237886842,34.074999999999996,56.63323745768321,8.967189550733641
SLV,El Salvador,1992,Latin America & Caribbean,Upper middle income,41.557,83.806,6275.18767116905,42.248999999999995,49.58714173209556,8.744358671308781
SLV,El Salvador,2008,Latin America & Caribbean,Upper middle income,46.076,78.458,8704.80584632591,32.382,58.72696219633434,9.071630548257511
SLV,El Salvador,2009,Latin America & Caribbean,Upper middle income,46.029,77.404,8494.49847423621,31.374999999999993,59.46591907394967,9.047173994604108
SLV,El Salvador,2010,Latin America & Caribbean,Upper middle income,45.966,76.299,8648.92982717672,30.333000000000006,60.24456414894035,9.065190872870513
SLV,El Salvador,2011,Latin America & Caribbean,Upper middle income,45.533,76.11,8945.93132970006,30.576999999999998,59.82525292340034,9.098954107873466
SLV,El Salvador,2012,Latin America & Caribbean,Upper middle income,46.449,76.352,9162.56212613508,29.903000000000006,60.83534157585917,9.12288112665051
SLV,El Salvador,2013,Latin America & Caribbean,Upper middle income,47.404,75.916,9329.46202222861,28.511999999999993,62.442699826123615,9.140932631110182
SLV,El Salvador,2020,Latin America & Caribbean,Upper middle income,43.207,72.083,9692.44931605799,28.875999999999998,59.94062400288557,9.17910244033956
SLV,El Salvador,2017,Latin America & Caribbean,Upper middle income,45.154,75.208,10064.7934942601,30.053999999999995,60.03882565684502,9.2167988206513
SLV,El Salvador,2018,Latin America & Caribbean,Upper middle income,44.928,74.87,10297.203612692,29.942000000000007,60.00801389074395,9.239627643443185
SLV,El Salvador,2019,Latin America & Caribbean,Upper middle income,45.983,76.147,10543.9383291317,30.16400000000001,60.38714591513782,9.263306407818858
SLV,El Salvador,2024,Latin America & Caribbean,Upper middle income,48.957,76.995,11647.0234480127,28.038000000000004,63.584648353789206,9.362805928324004
SLV,El Salvador,2021,Latin America & Caribbean,Upper middle income,45.217,75.477,10809.713399518,30.260000000000005,59.90831644077003,9.288200397748765
SLV,El Salvador,2022,Latin America & Caribbean,Upper middle income,46.028,76.477,11085.6166169553,30.449000000000005,60.18541522287746,9.31340374675099
SLV,El Salvador,1996,Latin America & Caribbean,Upper middle income,41.878,81.878,7062.30007824136,40,51.14682820782139,8.862526067548384
SLV,El Salvador,2005,Latin America & Caribbean,Upper middle income,45.218,78.615,8050.5345128919,33.39699999999999,57.51828531450742,8.993493767325292
SLV,El Salvador,1993,Latin America & Caribbean,Upper middle income,43.444,83.578,6553.07234073841,40.134,51.98018617339491,8.787689278309925
SLV,El Salvador,1994,Latin America & Caribbean,Upper middle income,44.902,83.794,6795.50608897192,38.891999999999996,53.5861756211662,8.824016803425009
SLV,El Salvador,1995,Latin America & Caribbean,Upper middle income,43.131,83.676,7057.92025248354,40.545,51.545245948659115,8.861905705288347
SLV,El Salvador,1997,Latin America & Caribbean,Upper middle income,41.852,81.368,7234.94456228435,39.516,51.43545374102841,8.886677976601446
SLV,El Salvador,2006,Latin America & Caribbean,Upper middle income,45.915,78.597,8404.24674903143,32.681999999999995,58.41826023894042,9.03649242243718
SLV,El Salvador,2007,Latin America & Caribbean,Upper middle income,46.1,79.448,8548.83476118605,33.34799999999999,58.02537508810796,9.05355026740173
GNQ,Equatorial Guinea,2017,Sub-Saharan Africa,Upper middle income,53.85,67.554,22250.4389230263,13.704,79.71400657251976,10.0101170142774
GNQ,Equatorial Guinea,2020,Sub-Saharan Africa,Upper middle income,50.146,62.725,17089.153726379,12.579,79.94579513750499,9.746199256239839
GNQ,Equatorial Guinea,2014,Sub-Saharan Africa,Upper middle income,53.404,66.987,31765.8997056851,13.582999999999991,79.72293131503129,10.366148657105128
GNQ,Equatorial Guinea,2018,Sub-Saharan Africa,Upper middle income,53.911,67.482,20165.4795550607,13.570999999999998,79.88945200201536,9.911727488579896
GNQ,Equatorial Guinea,2019,Sub-Saharan Africa,Upper middle income,53.931,67.252,18446.5916579681,13.320999999999998,80.19241063462796,9.82263489841778
GNQ,Equatorial Guinea,2005,Sub-Saharan Africa,Upper middle income,52.306,65.417,31302.957953874,13.111000000000004,79.95780913218276,10.351467875381745
GNQ,Equatorial Guinea,2013,Sub-Saharan Africa,Upper middle income,53.176,66.587,32894.3693189101,13.411000000000001,79.8594320212654,10.40105677678455
GNQ,Equatorial Guinea,1991,Sub-Saharan Africa,Upper middle income,52.451,69.193,1070.82764283041,16.741999999999997,75.80391080022547,6.9761871264329125
GNQ,Equatorial Guinea,1992,Sub-Saharan Africa,Upper middle income,52.511,69.745,1390.47918482013,17.234,75.28998494515736,7.237403703997163
GNQ,Equatorial Guinea,2010,Sub-Saharan Africa,Upper middle income,52.485,65.286,33668.8740654852,12.801000000000002,80.39242716662072,10.42432907130745
GNQ,Equatorial Guinea,1993,Sub-Saharan Africa,Upper middle income,52.559,70.236,1487.81202528588,17.677000000000007,74.83199498832506,7.305061880320276
GNQ,Equatorial Guinea,1994,Sub-Saharan Africa,Upper middle income,52.597,70.639,1672.34547535897,18.041999999999994,74.45886833052565,7.421982396319367
GNQ,Equatorial Guinea,1995,Sub-Saharan Africa,Upper middle income,52.625,70.93,1892.11653062527,18.305000000000007,74.19286620611871,7.545451338954733
GNQ,Equatorial Guinea,2004,Sub-Saharan Africa,Upper middle income,52.398,66.168,28225.985816122,13.770000000000003,79.18933623503807,10.247998315462738
GNQ,Equatorial Guinea,2015,Sub-Saharan Africa,Upper middle income,53.596,67.293,27797.7942803179,13.69700000000001,79.64572838185249,10.232711954096343
GNQ,Equatorial Guinea,1990,Sub-Saharan Africa,Upper middle income,52.379,68.585,1122.81767364664,16.205999999999996,76.37092658744623,7.023596585053762
GNQ,Equatorial Guinea,2003,Sub-Saharan Africa,Upper middle income,52.496,67.322,21709.5751241959,14.826,77.97748135824841,9.98550869216936
GNQ,Equatorial Guinea,2008,Sub-Saharan Africa,Upper middle income,52.239,64.939,39994.6159790647,12.699999999999996,80.44318514298034,10.596500123513227
GNQ,Equatorial Guinea,1996,Sub-Saharan Africa,Upper middle income,52.644,71.121,3033.84031220306,18.476999999999997,74.02033154764416,8.017584525762304
GNQ,Equatorial Guinea,2006,Sub-Saharan Africa,Upper middle income,52.248,65.089,32251.7680082519,12.841000000000001,80.27162807847716,10.381328142682548
GNQ,Equatorial Guinea,2007,Sub-Saharan Africa,Upper middle income,52.222,64.942,35540.4477563657,12.719999999999992,80.41329186042931,10.47842670028898
GNQ,Equatorial Guinea,2009,Sub-Saharan Africa,Upper middle income,52.324,65.058,38706.6052512135,12.734000000000009,80.4266961787943,10.563765542779915
GNQ,Equatorial Guinea,1999,Sub-Saharan Africa,Upper middle income,52.675,71.207,10492.4649475554,18.531999999999996,73.97446880222451,9.258412654487884
GNQ,Equatorial Guinea,2011,Sub-Saharan Africa,Upper middle income,52.696,65.665,34341.9342607505,12.969000000000008,80.24975253179014,10.444122459619702
GNQ,Equatorial Guinea,2012,Sub-Saharan Africa,Upper middle income,52.931,66.138,35711.4919273537,13.207000000000008,80.0311469956757,10.483227818695157
GNQ,Equatorial Guinea,2002,Sub-Saharan Africa,Upper middle income,52.563,68.538,20242.4309684399,15.974999999999994,76.69176223408913,9.915536223325477
GNQ,Equatorial Guinea,2021,Sub-Saharan Africa,Upper middle income,50.951,63.32,16821.4486470413,12.369,80.46588755527479,9.730410056277323
GNQ,Equatorial Guinea,2022,Sub-Saharan Africa,Upper middle income,53.526,67.535,16932.7706827155,14.008999999999993,79.25668172058933,9.73700611694773
GNQ,Equatorial Guinea,2016,Sub-Saharan Africa,Upper middle income,53.745,67.482,24435.0645564801,13.737000000000002,79.64346047834978,10.10377445166844
GNQ,Equatorial Guinea,2024,Sub-Saharan Africa,Upper middle income,53.044,67.585,14997.7564392976,14.540999999999997,78.48487090330694,9.61565589818404
GNQ,Equatorial Guinea,1998,Sub-Saharan Africa,Upper middle income,52.671,71.286,8684.6573083064,18.615000000000002,73.88687820890497,9.069313220016054
GNQ,Equatorial Guinea,2023,Sub-Saharan Africa,Upper middle income,53.265,67.805,15302.1517835147,14.540000000000006,78.55615367598259,9.635748736937133
GNQ,Equatorial Guinea,2001,Sub-Saharan Africa,Upper middle income,52.614,69.693,18031.964975074,17.079,75.49395204683397,9.799901293901561
GNQ,Equatorial Guinea,1997,Sub-Saharan Africa,Upper middle income,52.66,71.234,7296.10009809843,18.573999999999998,73.92537271527641,8.895095251245914
GNQ,Equatorial Guinea,2000,Sub-Saharan Africa,Upper middle income,52.655,70.674,11767.4708814313,18.019000000000005,74.50406089934063,9.373094298781588
EST,Estonia,2004,Europe & Central Asia,High income,53.198,65.767,27381.5350626694,12.568999999999996,80.88859154287104,10.217624162379302
EST,Estonia,2003,Europe & Central Asia,High income,52.274,66.485,25485.1613028986,14.210999999999999,78.62525381665037,10.145851652081111
EST,Estonia,1993,Europe & Central Asia,High income,54.714,73.332,13757.0155625665,18.617999999999995,74.61135657011945,9.529304195707466
EST,Estonia,1994,Europe & Central Asia,High income,54.667,73.192,13823.5566022429,18.52499999999999,74.68985681495246,9.534129416038908
EST,Estonia,1991,Europe & Central Asia,High income,58.231,76.958,17717.3052283857,18.726999999999997,75.66594765976247,9.78229713744694
EST,Estonia,1992,Europe & Central Asia,High income,55.771,75.337,14223.9075668693,19.566000000000003,74.02869771825264,9.562679459340368
EST,Estonia,1998,Europe & Central Asia,High income,52.708,69.289,18871.6196795957,16.581000000000003,76.06979462829597,9.845414468255983
EST,Estonia,1999,Europe & Central Asia,High income,51.917,67.46,18736.15453395,15.542999999999992,76.95967981025794,9.838210333772635
EST,Estonia,2012,Europe & Central Asia,High income,55.38,68.216,33765.4302075072,12.835999999999991,81.18330010554709,10.427192783154108
EST,Estonia,2000,Europe & Central Asia,High income,52.575,66.482,20526.6606380865,13.906999999999996,79.08155590987035,9.9294798391153
EST,Estonia,2001,Europe & Central Asia,High income,51.986,65.171,21872.6593953112,13.18500000000001,79.76860873701492,9.992992706429519
EST,Estonia,1990,Europe & Central Asia,High income,59.68,77.877,19161.4451588782,18.196999999999996,76.63366590906173,9.860655474509183
EST,Estonia,2017,Europe & Central Asia,High income,57.006,70.518,39529.785973279,13.512,80.83893474006636,10.58480974199019
EST,Estonia,2005,Europe & Central Asia,High income,53.512,64.686,30161.1996133966,11.174000000000007,82.72578301332591,10.314311596310882
EST,Estonia,2006,Europe & Central Asia,High income,54.656,67.46,33301.4945486206,12.803999999999995,81.01986362288764,10.413357556301357
EST,Estonia,2007,Europe & Central Asia,High income,54.019,68.257,35986.5161332684,14.238000000000007,79.14060096400368,10.490899595422526
EST,Estonia,2008,Europe & Central Asia,High income,54.784,68.75,34233.7643806167,13.966000000000001,79.68581818181818,10.440967698618637
EST,Estonia,1995,Europe & Central Asia,High income,53.705,71.671,14709.5998060844,17.966000000000008,74.93267848920762,9.596255607656703
EST,Estonia,1996,Europe & Central Asia,High income,53.511,70.519,15666.1330451502,17.008000000000003,75.88167727846395,9.659256530496139
EST,Estonia,1997,Europe & Central Asia,High income,54.27,70.21,17913.7869992626,15.93999999999999,77.29668138441819,9.7933259187815
EST,Estonia,2011,Europe & Central Asia,High income,55.617,67.942,32453.1008476709,12.324999999999996,81.85952724382562,10.387551275276316
EST,Estonia,2016,Europe & Central Asia,High income,56.295,70.071,37466.5561839318,13.775999999999996,80.33994091706982,10.531203978941827
EST,Estonia,2013,Europe & Central Asia,High income,55.341,68.285,34481.0148921506,12.943999999999996,81.04415318151864,10.448164158571556
EST,Estonia,2014,Europe & Central Asia,High income,54.54,68.792,35720.3025335234,14.252000000000002,79.2824747063612,10.48347450453809
EST,Estonia,2002,Europe & Central Asia,High income,51.03,64.044,23537.7156816601,13.013999999999996,79.67959527824621,10.066359336244087
EST,Estonia,2021,Europe & Central Asia,High income,57.777,69.372,44247.4198971873,11.594999999999999,83.28576370870093,10.697552341327937
EST,Estonia,2018,Europe & Central Asia,High income,57.281,70.702,40849.8473475564,13.421,81.0175101128681,10.617658363379242
EST,Estonia,2019,Europe & Central Asia,High income,57.34,69.865,42215.0343835811,12.524999999999991,82.07256852501253,10.650531701590563
EST,Estonia,2020,Europe & Central Asia,High income,57.133,69.809,40916.7194113327,12.675999999999995,81.8418828517813,10.619294046063168
EST,Estonia,2015,Europe & Central Asia,High income,55.747,68.954,36353.0580520449,13.206999999999994,80.84665139078227,10.501033607402332
EST,Estonia,2022,Europe & Central Asia,High income,60.138,70.79,43124.6196563775,10.652000000000008,84.95267693177001,10.671849334732508
EST,Estonia,2024,Europe & Central Asia,High income,61.258,70.208,41185.8348356109,8.949999999999996,87.25216499544212,10.625849661550165
EST,Estonia,2010,Europe & Central Asia,High income,55.069,66.967,30067.501040775,11.897999999999996,82.23304015410577,10.311200167799388
EST,Estonia,2023,Europe & Central Asia,High income,61.049,70.789,41284.7746875532,9.740000000000002,86.2408001243131,10.628249059347311
EST,Estonia,2009,Europe & Central Asia,High income,54.714,67.949,29281.6798284656,13.235,80.52215632312469,10.284717337620348
SWZ,Eswatini,2007,Sub-Saharan Africa,Lower middle income,45.632,60.019,7866.73073455273,14.387,76.02925740182276,8.970397846535233
SWZ,Eswatini,1996,Sub-Saharan Africa,Lower middle income,43.401,66.233,5796.65255094723,22.832,65.52775806622077,8.665035883533015
SWZ,Eswatini,1995,Sub-Saharan Africa,Lower middle income,43.259,66.79,5693.82195475567,23.531000000000006,64.76867794580026,8.647136998426667
SWZ,Eswatini,1999,Sub-Saharan Africa,Lower middle income,44.153,63.871,6062.34805932084,19.718000000000004,69.1283994301013,8.709852472551605
SWZ,Eswatini,2023,Sub-Saharan Africa,Lower middle income,48.24,54.389,10181.5040730397,6.149000000000001,88.69440511868208,9.228328027033676
SWZ,Eswatini,1997,Sub-Saharan Africa,Lower middle income,43.605,65.553,5876.80341710822,21.948,66.51869479657681,8.678768256522527
SWZ,Eswatini,2006,Sub-Saharan Africa,Lower middle income,45.494,60.396,7584.72030617794,14.902000000000001,75.32618054175772,8.933891016505244
SWZ,Eswatini,2001,Sub-Saharan Africa,Lower middle income,44.669,62.402,6135.45299954297,17.733000000000004,71.58264158200058,8.721839192975391
SWZ,Eswatini,2002,Sub-Saharan Africa,Lower middle income,44.888,61.833,6335.81351839193,16.945,72.59553959859622,8.753973500989149
SWZ,Eswatini,2011,Sub-Saharan Africa,Lower middle income,46.29,57.816,8350.89190932865,11.526000000000003,80.0643420506434,9.030123627628994
SWZ,Eswatini,2000,Sub-Saharan Africa,Lower middle income,44.424,63.08,6106.07478740465,18.656,70.42485732403297,8.717039421402692
SWZ,Eswatini,1991,Sub-Saharan Africa,Lower middle income,43.39,66.548,5325.35246393254,23.158,65.2010578830318,8.580234178797005
SWZ,Eswatini,1992,Sub-Saharan Africa,Lower middle income,43.512,66.036,5291.89628992752,22.524,65.89133200072688,8.573931927523448
SWZ,Eswatini,1993,Sub-Saharan Africa,Lower middle income,43.571,65.764,5299.53230191625,22.192999999999998,66.25357338361414,8.575373850724938
SWZ,Eswatini,1994,Sub-Saharan Africa,Lower middle income,43.383,66.387,5427.35001977251,23.003999999999998,65.34863753445705,8.599206267980037
SWZ,Eswatini,2009,Sub-Saharan Africa,Lower middle income,45.98,58.861,7988.59750005303,12.881,78.11623995514857,8.985770491444535
SWZ,Eswatini,1998,Sub-Saharan Africa,Lower middle income,43.871,64.732,5952.85423199252,20.860999999999997,67.77328060310202,8.691626086374928
SWZ,Eswatini,2022,Sub-Saharan Africa,Lower middle income,47.227,53.836,9927.60567008139,6.609000000000002,87.72382792183669,9.20307460712719
SWZ,Eswatini,2024,Sub-Saharan Africa,Lower middle income,48.422,54.154,10386.2145717572,5.732000000000006,89.4153709790597,9.248234683901735
SWZ,Eswatini,2012,Sub-Saharan Africa,Lower middle income,46.414,57.394,8645.84478287802,10.979999999999997,80.86908039167858,9.064834112588754
SWZ,Eswatini,2013,Sub-Saharan Africa,Lower middle income,46.531,57.002,8951.05749805891,10.471000000000004,81.63046910634714,9.099526960496705
SWZ,Eswatini,2014,Sub-Saharan Africa,Lower middle income,46.666,56.563,9084.49405780635,9.897000000000006,82.50269610876367,9.114324289439837
SWZ,Eswatini,2003,Sub-Saharan Africa,Lower middle income,45.077,61.37,6578.30152863605,16.293,73.45119765357666,8.791531864651919
SWZ,Eswatini,1990,Sub-Saharan Africa,Lower middle income,43.27,67.079,5447.73900233346,23.80899999999999,64.50603020319326,8.602955939621097
SWZ,Eswatini,2005,Sub-Saharan Africa,Lower middle income,45.375,60.668,7142.1921864324,15.293,74.79231225687347,8.873775037122
SWZ,Eswatini,2017,Sub-Saharan Africa,Lower middle income,47.016,54.945,9660.55161538086,7.929000000000002,85.56920556920556,9.175806028617744
SWZ,Eswatini,2018,Sub-Saharan Africa,Lower middle income,47.083,54.226,9578.10061089805,7.143000000000001,86.82735219267511,9.16723458522179
SWZ,Eswatini,2008,Sub-Saharan Africa,Lower middle income,45.803,59.46,7926.37961138221,13.657000000000004,77.03161789438278,8.977951667049883
SWZ,Eswatini,2020,Sub-Saharan Africa,Lower middle income,46.452,52.723,9695.82498058755,6.271000000000001,88.10576029436868,9.179450657464203
SWZ,Eswatini,2010,Sub-Saharan Africa,Lower middle income,46.144,58.308,8245.64153332215,12.164000000000001,79.1383686629622,9.017440040738391
SWZ,Eswatini,2021,Sub-Saharan Africa,Lower middle income,46.901,52.639,9990.43491951205,5.7379999999999995,89.09933699348393,9.209383406181649
SWZ,Eswatini,2004,Sub-Saharan Africa,Lower middle income,45.238,60.988,6775.2217412302,15.75,74.17524758968977,8.82102737454518
SWZ,Eswatini,2016,Sub-Saharan Africa,Lower middle income,46.965,55.645,9402.50834103681,8.68,84.40111420612814,9.148731777452506
SWZ,Eswatini,2019,Sub-Saharan Africa,Lower middle income,47.158,53.494,10099.5863118406,6.3359999999999985,88.1556810109545,9.220249742766796
SWZ,Eswatini,2015,Sub-Saharan Africa,Lower middle income,46.819,56.087,9186.65344720515,9.268,83.47567172428548,9.125506997474975
ETH,Ethiopia,2003,Sub-Saharan Africa,Low income,74.548,89.802,795.772138298998,15.254000000000005,83.01374134206365,6.679312886446277
ETH,Ethiopia,2002,Sub-Saharan Africa,Low income,74.546,89.856,838.298046952135,15.309999999999988,82.96162749287751,6.731373701869101
ETH,Ethiopia,1993,Sub-Saharan Africa,Low income,74.847,89.245,743.708485784759,14.39800000000001,83.86688329878423,6.6116491378697315
ETH,Ethiopia,1992,Sub-Saharan Africa,Low income,74.884,89.175,680.834766968487,14.290999999999997,83.97420801794226,6.523319643770299
ETH,Ethiopia,2012,Sub-Saharan Africa,Low income,74.286,88.5,1576.76875733933,14.213999999999999,83.93898305084745,7.363132941676794
ETH,Ethiopia,1990,Sub-Saharan Africa,Low income,74.913,89.225,874.346936177412,14.311999999999998,83.95965256374335,6.773477249038943
ETH,Ethiopia,1991,Sub-Saharan Africa,Low income,74.902,89.19,777.523566111367,14.287999999999997,83.98026684605898,6.65611395370513
ETH,Ethiopia,2011,Sub-Saharan Africa,Low income,74.322,88.667,1492.53396469943,14.344999999999999,83.82148939289702,7.308230601925364
ETH,Ethiopia,2015,Sub-Saharan Africa,Low income,70.185,85.901,1957.41454184551,15.715999999999994,81.70452031990315,7.57937977012807
ETH,Ethiopia,2001,Sub-Saharan Africa,Low income,74.554,89.878,851.313428411291,15.323999999999998,82.95022141124636,6.746780366771583
ETH,Ethiopia,1999,Sub-Saharan Africa,Low income,74.606,89.792,787.679577475987,15.186000000000007,83.08758018531717,6.669091379593927
ETH,Ethiopia,2004,Sub-Saharan Africa,Low income,74.557,89.73,877.114494958363,15.173000000000002,83.09038225788477,6.776637536825073
ETH,Ethiopia,2005,Sub-Saharan Africa,Low income,74.571,89.643,952.115666282409,15.072000000000003,83.1866403400154,6.858686525606865
ETH,Ethiopia,2006,Sub-Saharan Africa,Low income,74.525,89.482,1024.72911937532,14.956999999999994,83.28490646163475,6.932183582865864
ETH,Ethiopia,2016,Sub-Saharan Africa,Low income,68.148,84.713,2084.84055616471,16.564999999999998,80.44574032320895,7.642447659445331
ETH,Ethiopia,1994,Sub-Saharan Africa,Low income,74.811,89.316,741.176623590106,14.504999999999995,83.75990863898966,6.608238955314428
ETH,Ethiopia,1995,Sub-Saharan Africa,Low income,74.774,89.389,760.264345010486,14.614999999999995,83.65011354864693,6.6336661951864135
ETH,Ethiopia,1996,Sub-Saharan Africa,Low income,74.735,89.475,826.991658768996,14.739999999999995,83.52612461581448,6.717794608841019
ETH,Ethiopia,1997,Sub-Saharan Africa,Low income,74.691,89.58,826.005218027215,14.888999999999996,83.37910247823174,6.716601090725256
ETH,Ethiopia,1998,Sub-Saharan Africa,Low income,74.645,89.693,772.786646386223,15.048000000000002,83.22277100777094,6.650003003228083
ETH,Ethiopia,2013,Sub-Saharan Africa,Low income,74.251,88.332,1696.86515588665,14.080999999999989,84.05900466422136,7.436537801786371
ETH,Ethiopia,2000,Sub-Saharan Africa,Low income,74.575,89.857,810.270749115591,15.281999999999996,82.99297773128416,6.697368449982065
ETH,Ethiopia,2024,Sub-Saharan Africa,Low income,58.391,78.722,2892.22220162795,20.330999999999996,74.17367444932802,7.969780413531821
ETH,Ethiopia,2007,Sub-Saharan Africa,Low income,74.481,89.32,1109.14330259683,14.838999999999999,83.38669950738917,7.011343196853524
ETH,Ethiopia,2017,Sub-Saharan Africa,Low income,66.108,83.542,2222.82824478259,17.433999999999997,79.13145483708793,7.7065356481734195
ETH,Ethiopia,2018,Sub-Saharan Africa,Low income,64.059,82.404,2311.16511656359,18.345,77.73773117809814,7.74550705582403
ETH,Ethiopia,2019,Sub-Saharan Africa,Low income,62.001,81.299,2437.97046047967,19.29800000000001,76.26293066335379,7.7989211936756355
ETH,Ethiopia,2020,Sub-Saharan Africa,Low income,59.297,79.652,2516.54907638899,20.355000000000004,74.44508612464219,7.830643827869686
ETH,Ethiopia,2008,Sub-Saharan Africa,Low income,74.439,89.159,1193.74728331296,14.720000000000013,83.49016924819703,7.084852616033573
ETH,Ethiopia,2009,Sub-Saharan Africa,Low income,74.399,88.996,1262.46398000981,14.596999999999994,83.59813924221314,7.140820630057208
ETH,Ethiopia,2010,Sub-Saharan Africa,Low income,74.36,88.832,1381.19044650715,14.471999999999994,83.7085734870317,7.230701048685624
ETH,Ethiopia,2023,Sub-Saharan Africa,Low income,58.141,78.961,2757.95923626099,20.82,73.63255277922012,7.922246278063088
ETH,Ethiopia,2021,Sub-Saharan Africa,Low income,57.555,79.132,2588.41310213778,21.577000000000005,72.73290198655411,7.858800265037778
ETH,Ethiopia,2022,Sub-Saharan Africa,Low income,58.001,79.124,2655.59276743639,21.122999999999998,73.30392801172843,7.884423173327359
ETH,Ethiopia,2014,Sub-Saharan Africa,Low income,72.219,87.108,1821.39161772403,14.88900000000001,82.90742526518802,7.507356113017073
FJI,Fiji,1999,East Asia & Pacific,Upper middle income,38.253,79.66,9328.60659779024,41.407,48.02033642982676,9.140840936256186
FJI,Fiji,2008,East Asia & Pacific,Upper middle income,40.268,79.42,9711.96604105756,39.152,50.702593805086885,9.181114016696952
FJI,Fiji,2000,East Asia & Pacific,Upper middle income,37.841,79.744,9070.99318456826,41.903,47.45309991974318,9.11283703927173
FJI,Fiji,1994,East Asia & Pacific,Upper middle income,39.571,79.622,8432.29830147964,40.051,49.69857577051569,9.039824647465585
FJI,Fiji,1995,East Asia & Pacific,Upper middle income,39.543,79.55,8600.09282044394,40.007,49.70835952231301,9.05952827525823
FJI,Fiji,1998,East Asia & Pacific,Upper middle income,38.666,79.577,8673.87811776484,40.911,48.58941653995501,9.068071272851448
FJI,Fiji,1996,East Asia & Pacific,Upper middle income,39.491,79.403,8956.35014836853,39.912000000000006,49.734896666372805,9.100118073467184
FJI,Fiji,1997,East Asia & Pacific,Upper middle income,39.08,79.492,8669.25170884148,40.412000000000006,49.162179841996675,9.067537757957728
FJI,Fiji,2011,East Asia & Pacific,Upper middle income,45.74,80.342,10020.6957548052,34.602,56.93161733588907,9.212407808835552
FJI,Fiji,2001,East Asia & Pacific,Upper middle income,37.429,79.828,9157.80844623624,42.399,46.88705717292178,9.12236217644841
FJI,Fiji,2002,East Asia & Pacific,Upper middle income,37.017,79.91,9357.75382838604,42.892999999999994,46.323363784257296,9.143960565073105
FJI,Fiji,2003,East Asia & Pacific,Upper middle income,36.605,79.99,9361.4641667422,43.385,45.76197024628079,9.144356985308791
FJI,Fiji,2004,East Asia & Pacific,Upper middle income,36.192,80.065,9766.52774786586,43.873,45.20327234122276,9.18671628246789
FJI,Fiji,1990,East Asia & Pacific,Upper middle income,39.676,79.868,7820.71719014994,40.19199999999999,49.67696699554265,8.96453154162943
FJI,Fiji,1991,East Asia & Pacific,Upper middle income,39.73,79.98,7547.67822517236,40.25000000000001,49.67491872968242,8.928995275104427
FJI,Fiji,1992,East Asia & Pacific,Upper middle income,39.653,79.818,7950.06641250914,40.165,49.67927034002355,8.98093556138822
FJI,Fiji,1993,East Asia & Pacific,Upper middle income,39.632,79.771,8067.80452251613,40.139,49.682215341414796,8.995636670039397
FJI,Fiji,2018,East Asia & Pacific,Upper middle income,38.505,76.586,13100.095939444,38.080999999999996,50.276812994542084,9.480374832784104
FJI,Fiji,2019,East Asia & Pacific,Upper middle income,38.526,76.641,13056.3310937089,38.115,50.26813324460798,9.477028436388231
FJI,Fiji,2009,East Asia & Pacific,Upper middle income,42.086,79.758,9536.81722352305,37.672,52.76712053963239,9.162915084408688
FJI,Fiji,2010,East Asia & Pacific,Upper middle income,43.912,80.065,9784.30360030575,36.153,54.845438081558726,9.188534707170303
FJI,Fiji,2022,East Asia & Pacific,Upper middle income,38.205,76.618,12118.3182710082,38.413,49.864261661750504,9.402473493478254
FJI,Fiji,2012,East Asia & Pacific,Upper middle income,44.326,79.064,10140.693585539,34.73799999999999,56.063442274612974,9.224311675746666
FJI,Fiji,2013,East Asia & Pacific,Upper middle income,42.925,77.736,10604.1559055372,34.81100000000001,55.21894617680353,9.269001269822262
FJI,Fiji,2014,East Asia & Pacific,Upper middle income,41.54,76.36,11183.3135250834,34.82,54.400209533787326,9.322178082500647
FJI,Fiji,2015,East Asia & Pacific,Upper middle income,40.016,76.65,11674.0633676202,36.63400000000001,52.2061317677756,9.365124853847359
FJI,Fiji,2005,East Asia & Pacific,Upper middle income,34.969,78.323,9745.58143908405,43.35399999999999,44.64716622192715,9.184569275537234
FJI,Fiji,2006,East Asia & Pacific,Upper middle income,36.711,78.716,9837.08586688962,42.004999999999995,46.637278316987654,9.193914794445853
FJI,Fiji,2007,East Asia & Pacific,Upper middle income,38.475,79.073,9672.29020465987,40.59799999999999,48.65756958759628,9.177020396461938
FJI,Fiji,2017,East Asia & Pacific,Upper middle income,38.501,76.721,12597.327485488,38.220000000000006,50.183131085361246,9.441239966115916
FJI,Fiji,2021,East Asia & Pacific,Upper middle income,36.55,72.891,10322.4279638854,36.34100000000001,50.143364750106315,9.242074279182773
FJI,Fiji,2023,East Asia & Pacific,Upper middle income,38.419,76.598,13194.8047570404,38.179,50.15666205383952,9.487578452089824
FJI,Fiji,2024,East Asia & Pacific,Upper middle income,38.501,76.578,13592.4635937435,38.077000000000005,50.27684191282091,9.517270770608802
FJI,Fiji,2016,East Asia & Pacific,Upper middle income,38.51,76.914,11951.9196738327,38.404,50.068908131159475,9.388647186619819
FJI,Fiji,2020,East Asia & Pacific,Upper middle income,36.179,72.282,10812.0355014178,36.102999999999994,50.05257187128193,9.288415190910907
FIN,Finland,2001,Europe & Central Asia,High income,57.281,66.875,48099.3014282794,9.594000000000001,85.65383177570092,10.781022932667794
FIN,Finland,2000,Europe & Central Asia,High income,56.566,66.586,46968.841714507,10.019999999999996,84.95179166791819,10.757239718604286
FIN,Finland,1991,Europe & Central Asia,High income,57.385,69.956,36326.0828945358,12.571000000000005,82.03013322659956,10.50029129926835
FIN,Finland,1992,Europe & Central Asia,High income,56.172,68.469,34926.3833591341,12.296999999999997,82.04004732068528,10.460997792764756
FIN,Finland,2003,Europe & Central Asia,High income,57.631,66.931,49655.5451564067,9.299999999999997,86.1050933050455,10.812865348159614
FIN,Finland,1995,Europe & Central Asia,High income,54.633,65.194,37069.62898136,10.561,83.8006565021321,10.520553287499062
FIN,Finland,1996,Europe & Central Asia,High income,54.555,64.271,38301.5126175582,9.716000000000001,84.88276205442578,10.553244668319897
FIN,Finland,1994,Europe & Central Asia,High income,54.717,66.77,35699.7203086225,12.052999999999997,81.94847985622286,10.482898133244674
FIN,Finland,2012,Europe & Central Asia,High income,55.865,63.504,53957.6680986279,7.638999999999996,87.97083648274125,10.895955094017753
FIN,Finland,2013,Europe & Central Asia,High income,55.568,62.834,53183.4286685126,7.266000000000005,88.43619696342743,10.881502135612905
FIN,Finland,1993,Europe & Central Asia,High income,55.444,67.587,34486.7522555352,12.143,82.03352715758948,10.448330536682233
FIN,Finland,2011,Europe & Central Asia,High income,55.743,64.115,55053.3906850323,8.371999999999993,86.94221321063715,10.916058733079357
FIN,Finland,1990,Europe & Central Asia,High income,58.63,71.393,38807.1185244347,12.762999999999998,82.122897202807,10.566358975907935
FIN,Finland,2017,Europe & Central Asia,High income,55.027,62.461,55637.2262781223,7.4339999999999975,88.09817326011431,10.926607793574822
FIN,Finland,2004,Europe & Central Asia,High income,57.573,66.385,51494.705860401,8.812000000000005,86.72591699932212,10.8492342825405
FIN,Finland,2005,Europe & Central Asia,High income,58.157,66.514,52744.048034135,8.357,87.43572781670025,10.873206211496024
FIN,Finland,2006,Europe & Central Asia,High income,58.337,66.455,54653.981203281,8.117999999999995,87.78421488225115,10.908777340050696
FIN,Finland,2007,Europe & Central Asia,High income,57.33,65.14,57313.2916474478,7.810000000000002,88.01043905434447,10.95628784172694
FIN,Finland,2008,Europe & Central Asia,High income,57.374,65.711,57494.585352886,8.336999999999996,87.31262650089026,10.959446054575483
FIN,Finland,1997,Europe & Central Asia,High income,54.859,65.748,40630.921767316,10.889000000000003,83.43827949139137,10.612284675589208
FIN,Finland,1998,Europe & Central Asia,High income,55.058,65.648,42733.4455712897,10.589999999999996,83.86851084572264,10.662737161270385
FIN,Finland,1999,Europe & Central Asia,High income,56.323,66.151,44505.7114770222,9.827999999999996,85.14308173723754,10.70337280771671
FIN,Finland,2021,Europe & Central Asia,High income,55.927,63.748,56790.3766177692,7.820999999999998,87.73137980799397,10.94712216461158
FIN,Finland,2018,Europe & Central Asia,High income,55.688,63.08,56226.337241343,7.391999999999996,88.28154724159798,10.937140560294674
FIN,Finland,2014,Europe & Central Asia,High income,55.297,62.349,52710.7334867778,7.052,88.68947376862499,10.872574385267095
FIN,Finland,2002,Europe & Central Asia,High income,57.75,66.824,48792.4864789775,9.073999999999998,86.42104633065965,10.795331614392596
FIN,Finland,2024,Europe & Central Asia,High income,56.668,63.151,55901.3202296588,6.483000000000004,89.73412930911624,10.93134327656839
FIN,Finland,2022,Europe & Central Asia,High income,57.267,63.689,57068.3056478074,6.421999999999997,89.91662610497889,10.95200417407316
FIN,Finland,2019,Europe & Central Asia,High income,55.677,62.828,56922.4873163103,7.151000000000003,88.61813204303813,10.949445749708461
FIN,Finland,2020,Europe & Central Asia,High income,55.175,62.661,55424.8574989208,7.486000000000004,88.05317502114552,10.922783463419787
FIN,Finland,2015,Europe & Central Asia,High income,55.407,62.277,52782.4873926277,6.8700000000000045,88.96864010790499,10.873934736507053
FIN,Finland,2009,Europe & Central Asia,High income,56.861,64.105,52599.1487066911,7.244000000000007,88.69978940800249,10.870455214311395
FIN,Finland,2010,Europe & Central Asia,High income,55.871,63.767,54017.9458623339,7.896000000000001,87.61741966848055,10.897071601120729
FIN,Finland,2023,Europe & Central Asia,High income,57.489,63.16,56051.7701129501,5.670999999999999,91.02121595946801,10.934031008964173
FIN,Finland,2016,Europe & Central Asia,High income,54.982,62.27,53984.6316254715,7.288000000000004,88.29612975750763,10.896454685511975
FRA,France,2010,Europe & Central Asia,High income,51.083,61.833,49130.422942344,10.75,82.61446153348535,10.802233733762806
FRA,France,2021,Europe & Central Asia,High income,51.605,59.858,52517.3354905855,8.253,86.21236927394834,10.868898593896429
FRA,France,2011,Europe & Central Asia,High income,50.995,61.517,50085.6829779109,10.522000000000006,82.8957849049856,10.821490477329268
FRA,France,2009,Europe & Central Asia,High income,51.065,62.049,48404.965782636304,10.984000000000002,82.29786136762881,10.787357686256625
FRA,France,1995,Europe & Central Asia,High income,47.775,62.973,40570.7169560557,15.198,75.8658472678767,10.610801828118676
FRA,France,2022,Europe & Central Asia,High income,51.862,60.167,53673.8137406422,8.305,86.19675237256304,10.890680521722919
FRA,France,1997,Europe & Central Asia,High income,47.736,62.824,41876.9330265158,15.088000000000001,75.98370049662549,10.642490429889186
FRA,France,2013,Europe & Central Asia,High income,51.318,61.686,50066.5304324783,10.368000000000002,83.19229646921505,10.821108008584666
FRA,France,1999,Europe & Central Asia,High income,48.449,62.857,44400.1357889191,14.408000000000001,77.07812972302209,10.700997806724628
FRA,France,2000,Europe & Central Asia,High income,48.535,62.668,45922.4789363701,14.133000000000003,77.44782025914341,10.734710013342344
FRA,France,2002,Europe & Central Asia,High income,48.535,62.887,46610.7820717214,14.352000000000004,77.17811312353903,10.74958716828033
FRA,France,1998,Europe & Central Asia,High income,48.064,62.628,43162.5423856938,14.564,76.74522577760746,10.672728323700518
FRA,France,2020,Europe & Central Asia,High income,50.05,58.88,49311.333409639,8.830000000000005,85.00339673913042,10.805909220216158
FRA,France,2005,Europe & Central Asia,High income,50.137,62.391,48257.4650937971,12.253999999999998,80.35934670064593,10.784305811769585
FRA,France,2006,Europe & Central Asia,High income,50.229,62.14,49223.247197008,11.911000000000001,80.83199227550692,10.804121294889761
FRA,France,2007,Europe & Central Asia,High income,50.62,62.02,50157.7837477634,11.400000000000006,81.61883263463397,10.822928990673645
FRA,France,2008,Europe & Central Asia,High income,50.74,62.032,50068.2969141379,11.291999999999994,81.7964921330926,10.821143290647992
FRA,France,2012,Europe & Central Asia,High income,51.196,61.73,49935.6269081617,10.533999999999999,82.9353636805443,10.818489993082492
FRA,France,1996,Europe & Central Asia,High income,48.146,63.195,40990.7395148125,15.049,76.1864071524646,10.621101454682615
FRA,France,2017,Europe & Central Asia,High income,50.625,60.322,51895.5662985838,9.697000000000003,83.92460462186267,10.856988637731869
FRA,France,2014,Europe & Central Asia,High income,51.012,60.961,50326.567863089,9.948999999999998,83.6797296632273,10.826288404778559
FRA,France,2015,Europe & Central Asia,High income,50.957,60.726,50682.8953586333,9.768999999999998,83.91298620030959,10.833343763005127
FRA,France,2016,Europe & Central Asia,High income,50.83,60.399,50984.075297832,9.569000000000003,84.1570224672594,10.839268613884457
FRA,France,1991,Europe & Central Asia,High income,46.459,64.313,38937.9522513749,17.854,72.23889415825727,10.569724690264923
FRA,France,2003,Europe & Central Asia,High income,49.736,62.816,46730.975806379,13.080000000000005,79.1772796739684,10.752162517273561
FRA,France,2004,Europe & Central Asia,High income,49.582,62.698,47720.4413351103,13.116,79.08067242974258,10.773115124599729
FRA,France,1990,Europe & Central Asia,High income,46.421,65.56,38655.8856842914,19.139000000000003,70.80689444783404,10.56245432403358
FRA,France,1994,Europe & Central Asia,High income,47.467,63.329,39801.3888979817,15.862000000000002,74.95302310158063,10.59165708759786
FRA,France,1992,Europe & Central Asia,High income,46.851,64.185,39331.9041920718,17.334000000000003,72.99369011451273,10.579791280019723
FRA,France,2023,Europe & Central Asia,High income,52.108,60.11,54296.7230897731,8.002000000000002,86.68773914490102,10.902219155846359
FRA,France,2024,Europe & Central Asia,High income,51.773,59.896,54799.3482689389,8.122999999999998,86.43815947642581,10.91143357996281
FRA,France,2018,Europe & Central Asia,High income,50.813,60.205,52560.9536243841,9.391999999999996,84.39996678016777,10.86972879653241
FRA,France,2019,Europe & Central Asia,High income,50.615,59.663,53448.5548849943,9.047999999999995,84.83482225164676,10.886474879324254
FRA,France,1993,Europe & Central Asia,High income,47.306,63.749,39020.6141584284,16.443000000000005,74.206654222027,10.571845353633666
FRA,France,2001,Europe & Central Asia,High income,48.324,62.529,46454.8706927365,14.205000000000005,77.28254090102192,10.746236597576468
GAB,Gabon,2020,Sub-Saharan Africa,Upper middle income,39.063,56.244,18681.4840738546,17.180999999999997,69.45274162577341,9.835288155835562
GAB,Gabon,1992,Sub-Saharan Africa,Upper middle income,37.363,60.501,23268.9974720576,23.137999999999998,61.7560040329912,10.054877172947016
GAB,Gabon,1994,Sub-Saharan Africa,Upper middle income,37.377,60.227,23794.3149295166,22.849999999999994,62.060205555647805,10.077201962618235
GAB,Gabon,1995,Sub-Saharan Africa,Upper middle income,37.42,59.971,24344.1857400285,22.550999999999995,62.396825132147214,10.100048321354983
GAB,Gabon,1991,Sub-Saharan Africa,Upper middle income,37.386,60.376,24665.6792294333,22.989999999999995,61.921955744004244,10.113168051477736
GAB,Gabon,1998,Sub-Saharan Africa,Upper middle income,37.664,58.981,25585.5077964038,21.317,63.857852528780455,10.14978136846861
GAB,Gabon,1999,Sub-Saharan Africa,Upper middle income,37.754,58.967,22713.714440326,21.213,64.02564146047789,10.030724181404878
GAB,Gabon,1996,Sub-Saharan Africa,Upper middle income,37.484,59.684,24595.9719624869,22.199999999999996,62.804101601769325,10.110337967151052
GAB,Gabon,1997,Sub-Saharan Africa,Upper middle income,37.569,59.312,25359.6596581065,21.742999999999995,63.34131373077961,10.14091498803944
GAB,Gabon,1990,Sub-Saharan Africa,Upper middle income,37.413,60.437,23884.810699751,23.024,61.90413157502854,10.080998000305991
GAB,Gabon,2015,Sub-Saharan Africa,Upper middle income,41.453,58.985,20147.7116201795,17.531999999999996,70.27718911587692,9.910845993688833
GAB,Gabon,2016,Sub-Saharan Africa,Upper middle income,41.649,59.346,19988.1755963186,17.696999999999996,70.17996158123547,9.902896157512489
GAB,Gabon,2017,Sub-Saharan Africa,Upper middle income,41.796,59.758,19555.707882916,17.962000000000003,69.94209980253689,9.881022486121028
GAB,Gabon,1993,Sub-Saharan Africa,Upper middle income,37.36,60.389,23551.681253301,23.029000000000003,61.86557154448658,10.066952487694707
GAB,Gabon,2006,Sub-Saharan Africa,Upper middle income,38.932,57.687,19224.1268658387,18.754999999999995,67.48834226082133,9.863921376741112
GAB,Gabon,2007,Sub-Saharan Africa,Upper middle income,39.192,57.539,19751.876221581,18.347,68.11380107405411,9.891003764378254
GAB,Gabon,2008,Sub-Saharan Africa,Upper middle income,39.455,57.69,18493.0921102783,18.235,68.39140232275957,9.825152541891068
GAB,Gabon,2009,Sub-Saharan Africa,Upper middle income,39.732,57.834,17911.1458491118,18.102000000000004,68.70007262164124,9.793178471183104
GAB,Gabon,2010,Sub-Saharan Africa,Upper middle income,40.025,57.894,18530.5760935497,17.869,69.13497080871939,9.827177408572151
GAB,Gabon,2011,Sub-Saharan Africa,Upper middle income,40.322,58.025,19153.0878200945,17.702999999999996,69.49073675140026,9.860219225479561
GAB,Gabon,2012,Sub-Saharan Africa,Upper middle income,40.622,58.234,19450.402706679,17.612000000000002,69.75649963938592,9.875623053545826
GAB,Gabon,2013,Sub-Saharan Africa,Upper middle income,40.925,58.442,19836.455485141,17.517000000000003,70.02669313165188,9.895276709895349
GAB,Gabon,2014,Sub-Saharan Africa,Upper middle income,41.208,58.698,20008.9899778716,17.490000000000002,70.20341408565879,9.9039369504353445
GAB,Gabon,2000,Sub-Saharan Africa,Upper middle income,37.865,58.772,21717.2240796789,20.906999999999996,64.42693799768597,9.985860961077146
GAB,Gabon,2001,Sub-Saharan Africa,Upper middle income,37.995,58.49,21604.7804441769,20.495000000000005,64.95982219182766,9.980669886045334
GAB,Gabon,2002,Sub-Saharan Africa,Upper middle income,38.139,58.277,20981.4798584466,20.137999999999998,65.4443433944781,9.951395416090277
GAB,Gabon,2018,Sub-Saharan Africa,Upper middle income,41.909,60.127,19225.5982574678,18.218000000000004,69.70079997338965,9.86399791261361
GAB,Gabon,2004,Sub-Saharan Africa,Upper middle income,38.499,57.848,20438.9307066593,19.348999999999997,66.5519983404785,9.925196729185005
GAB,Gabon,2019,Sub-Saharan Africa,Upper middle income,41.994,60.338,19491.4067631396,18.344,69.59793165169545,9.87772896861104
GAB,Gabon,2024,Sub-Saharan Africa,Upper middle income,41.808,60.438,18923.6616609778,18.630000000000003,69.17502233694033,9.848168357758924
GAB,Gabon,2021,Sub-Saharan Africa,Upper middle income,39.763,56.845,18523.5798032135,17.082,69.94986366435042,9.826799783431326
GAB,Gabon,2022,Sub-Saharan Africa,Upper middle income,41.904,60.808,18662.0497970472,18.903999999999996,68.9119852650967,9.834247318156455
GAB,Gabon,2023,Sub-Saharan Africa,Upper middle income,41.876,60.709,18701.4227766323,18.833000000000006,68.9782404585811,9.8363548842603
GAB,Gabon,2005,Sub-Saharan Africa,Upper middle income,38.708,57.67,20385.2899909124,18.962000000000003,67.11981966360325,9.922568840853048
GAB,Gabon,2003,Sub-Saharan Africa,Upper middle income,38.309,58.023,20875.4549325844,19.714000000000006,66.02381814108197,9.946329342659284
GMB,"Gambia, The",1990,Sub-Saharan Africa,Low income,45.277,51.353,2653.78291392125,6.0760000000000005,88.16816933772125,7.883741415737066
GMB,"Gambia, The",1993,Sub-Saharan Africa,Low income,45.12,51.54,2586.13041645703,6.420000000000002,87.54365541327124,7.857917989791423
GMB,"Gambia, The",2000,Sub-Saharan Africa,Low income,45.454,51.515,2658.61770579464,6.061,88.23449480733767,7.885561607230264
GMB,"Gambia, The",1995,Sub-Saharan Africa,Low income,44.814,51.921,2456.00078113606,7.106999999999999,86.31189692032126,7.806289607319124
GMB,"Gambia, The",1991,Sub-Saharan Africa,Low income,45.198,51.426,2623.64161607507,6.2280000000000015,87.88939446972348,7.8723185614965026
GMB,"Gambia, The",1996,Sub-Saharan Africa,Low income,44.795,51.995,2439.04551648512,7.199999999999996,86.15251466487163,7.799362059987307
GMB,"Gambia, The",1994,Sub-Saharan Africa,Low income,44.928,51.756,2508.1039153389,6.828000000000003,86.80732668676096,7.827282334442671
GMB,"Gambia, The",2013,Sub-Saharan Africa,Low income,44.75,51.218,2572.44728941685,6.4680000000000035,87.37162716232574,7.852612977475677
GMB,"Gambia, The",2001,Sub-Saharan Africa,Low income,45.657,51.325,2737.69610805906,5.668000000000006,88.95664880662444,7.914872009206047
GMB,"Gambia, The",2002,Sub-Saharan Africa,Low income,45.184,51.65,2578.557145742,6.466000000000001,87.48112294288481,7.8549852756429495
GMB,"Gambia, The",2003,Sub-Saharan Africa,Low income,45.45,51.387,2682.47993310133,5.936999999999998,88.44649424951837,7.894496993806353
GMB,"Gambia, The",2004,Sub-Saharan Africa,Low income,45.723,51.11,2794.19352609118,5.3870000000000005,89.45998826061437,7.9352988023040965
GMB,"Gambia, The",2005,Sub-Saharan Africa,Low income,45.295,51.372,2653.64239155191,6.076999999999998,88.17059876975785,7.883688462615247
GMB,"Gambia, The",2006,Sub-Saharan Africa,Low income,44.999,51.526,2564.68653970519,6.527000000000001,87.33260878003338,7.849591543394402
GMB,"Gambia, The",1992,Sub-Saharan Africa,Low income,45.152,51.478,2604.26903326754,6.3260000000000005,87.71125529352345,7.864907313378713
GMB,"Gambia, The",2022,Sub-Saharan Africa,Low income,45.13,50.137,2863.18049829859,5.006999999999998,90.01336338432695,7.959688348272777
GMB,"Gambia, The",2023,Sub-Saharan Africa,Low income,45.242,49.922,2963.59873467436,4.68,90.62537558591403,7.994159597586803
GMB,"Gambia, The",2024,Sub-Saharan Africa,Low income,45.428,49.643,3057.6841778633,4.215000000000003,91.50937695143323,8.025413103805404
GMB,"Gambia, The",2010,Sub-Saharan Africa,Low income,45.546,50.773,2824.21259222517,5.227000000000004,89.7051582534024,7.9459848763126875
GMB,"Gambia, The",1997,Sub-Saharan Africa,Low income,44.959,51.905,2486.93798396527,6.945999999999998,86.61785955110298,7.8188075074109795
GMB,"Gambia, The",2012,Sub-Saharan Africa,Low income,44.784,51.241,2574.93509664061,6.457000000000001,87.39876270954899,7.853579607592068
GMB,"Gambia, The",2014,Sub-Saharan Africa,Low income,44.404,51.432,2465.10971144823,7.027999999999999,86.33535542074972,7.809991593173262
GMB,"Gambia, The",2015,Sub-Saharan Africa,Low income,44.465,51.327,2495.95741601525,6.861999999999995,86.63081808794593,7.822427668452454
GMB,"Gambia, The",2016,Sub-Saharan Africa,Low income,44.377,51.329,2478.46055756999,6.951999999999998,86.45599953242807,7.815392903503052
GMB,"Gambia, The",2017,Sub-Saharan Africa,Low income,44.498,51.16,2533.18683710276,6.661999999999999,86.97810789679437,7.837233408474804
GMB,"Gambia, The",2018,Sub-Saharan Africa,Low income,44.792,50.847,2651.43281455826,6.055,88.09172615886877,7.882855457601907
GMB,"Gambia, The",2020,Sub-Saharan Africa,Low income,44.823,50.616,2702.31919474482,5.792999999999999,88.55500237079184,7.901865644313122
GMB,"Gambia, The",2021,Sub-Saharan Africa,Low income,44.967,50.387,2777.79620978324,5.420000000000002,89.2432571893544,7.92941316201407
GMB,"Gambia, The",2007,Sub-Saharan Africa,Low income,44.963,51.475,2567.15728802982,6.5120000000000005,87.34919864011657,7.850554452087056
GMB,"Gambia, The",2008,Sub-Saharan Africa,Low income,45.154,51.243,2649.61119865306,6.088999999999999,88.117401401167,7.882168190726793
GMB,"Gambia, The",2009,Sub-Saharan Africa,Low income,45.375,50.986,2745.32540574768,5.610999999999997,88.99501824030126,7.917654891816713
GMB,"Gambia, The",1999,Sub-Saharan Africa,Low income,45.269,51.679,2589.97773860396,6.410000000000004,87.59650922037964,7.859404559523039
GMB,"Gambia, The",2011,Sub-Saharan Africa,Low income,44.653,51.398,2519.83983255672,6.7450000000000045,86.8769212809837,7.831950619976303
GMB,"Gambia, The",1998,Sub-Saharan Africa,Low income,45.015,51.878,2502.76477124298,6.8629999999999995,86.77088553914955,7.825151308287163
GMB,"Gambia, The",2019,Sub-Saharan Africa,Low income,45.017,50.576,2750.82132179634,5.5589999999999975,89.00862068965519,7.919654808541256
GEO,Georgia,1994,Europe & Central Asia,Upper middle income,75.882,84.938,3532.3200811072,9.055999999999997,89.33810544161625,8.16971018080785
GEO,Georgia,1992,Europe & Central Asia,Upper middle income,72.806,83.485,5533.21082317728,10.679000000000002,87.20848056537103,8.618523545041775
GEO,Georgia,1996,Europe & Central Asia,Upper middle income,72.437,83.338,4339.0046688347,10.900999999999996,86.91953250617965,8.375400261814066
GEO,Georgia,1997,Europe & Central Asia,Upper middle income,70.325,82.324,4951.81291757472,11.998999999999995,85.42466352461008,8.507509034485741
GEO,Georgia,1998,Europe & Central Asia,Upper middle income,69.478,81.91,5233.28837672816,12.432000000000002,84.822366011476,8.562795112197282
GEO,Georgia,1995,Europe & Central Asia,Upper middle income,74.811,84.448,3762.81153750309,9.636999999999986,88.58824365289884,8.232921706294619
GEO,Georgia,2001,Europe & Central Asia,Upper middle income,67.319,80.829,6074.08643017282,13.509999999999991,83.28570191391704,8.711786875035706
GEO,Georgia,2002,Europe & Central Asia,Upper middle income,66.464,80.381,6464.32539672648,13.917000000000002,82.68620693945087,8.774053938774035
GEO,Georgia,2003,Europe & Central Asia,Upper middle income,65.003,79.579,7227.73705960701,14.575999999999993,81.68360999761244,8.88568127302151
GEO,Georgia,1990,Europe & Central Asia,Upper middle income,70.318,82.27,12917.0944269361,11.951999999999998,85.47222559863863,9.466306862489116
GEO,Georgia,1991,Europe & Central Asia,Upper middle income,71.498,82.852,10120.1628881435,11.354,86.29604596147348,9.222285038378276
GEO,Georgia,1993,Europe & Central Asia,Upper middle income,74.262,84.179,3882.02029747648,9.917000000000002,88.21915204504687,8.264110992328495
GEO,Georgia,2017,Europe & Central Asia,Upper middle income,58.382,74.817,16237.6242230275,16.434999999999995,78.03306735100311,9.695086311328497
GEO,Georgia,2018,Europe & Central Asia,Upper middle income,55.742,73.827,17228.6790847503,18.085,75.50354206455633,9.754330662900651
GEO,Georgia,2006,Europe & Central Asia,Upper middle income,62.089,77.81,9337.98906420101,15.721000000000004,79.79565608533608,9.141846204423
GEO,Georgia,2007,Europe & Central Asia,Upper middle income,60.953,77.045,10567.2747164758,16.092,79.11350509442534,9.265517213687636
GEO,Georgia,2008,Europe & Central Asia,Upper middle income,60.721,76.876,10856.1031328003,16.15500000000001,78.98563921119724,9.2924827015433
GEO,Georgia,2009,Europe & Central Asia,Upper middle income,60.943,77.026,10553.0896395853,16.083,79.12003738997223,9.26417395286275
GEO,Georgia,1999,Europe & Central Asia,Upper middle income,68.75,81.551,5495.24505052866,12.801000000000002,84.30307414991846,8.611638461026036
GEO,Georgia,2000,Europe & Central Asia,Upper middle income,68.205,81.281,5706.27236527837,13.076000000000008,83.91259950049826,8.649321263771018
GEO,Georgia,2024,Europe & Central Asia,Upper middle income,56.673,73.604,24146.6234108645,16.930999999999997,76.99717406662681,10.091899831949855
GEO,Georgia,2012,Europe & Central Asia,Upper middle income,59.313,75.754,13193.9596974054,16.441000000000003,78.29685561158487,9.487514405162825
GEO,Georgia,2013,Europe & Central Asia,Upper middle income,59.008,75.475,13913.0018245661,16.46699999999999,78.1821795296456,9.540579064982966
GEO,Georgia,2004,Europe & Central Asia,Upper middle income,64.224,79.124,7693.91525392067,14.899999999999991,81.1687983418432,8.948185068684472
GEO,Georgia,2005,Europe & Central Asia,Upper middle income,63.093,78.445,8485.58670534953,15.35199999999999,80.429600356938,9.046124321459281
GEO,Georgia,2016,Europe & Central Asia,Upper middle income,58.551,75.016,15442.9564358054,16.465000000000003,78.05134904553694,9.644908284251944
GEO,Georgia,2022,Europe & Central Asia,Upper middle income,55.755,73.278,20966.5280391134,17.523000000000003,76.08695652173913,9.950682542191572
GEO,Georgia,2019,Europe & Central Asia,Upper middle income,54.716,72.856,18186.8816465807,18.139999999999993,75.10157022070935,9.808455824522444
GEO,Georgia,2020,Europe & Central Asia,Upper middle income,55.206,73.314,17031.144028342602,18.10799999999999,75.30076110974713,9.742798948637239
GEO,Georgia,2021,Europe & Central Asia,Upper middle income,53.055,70.63,18915.6534005263,17.574999999999996,75.11680588984852,9.847745080511011
GEO,Georgia,2010,Europe & Central Asia,Upper middle income,60.384,76.618,11294.3685917112,16.233999999999995,78.81176746978518,9.332059525764626
GEO,Georgia,2023,Europe & Central Asia,Upper middle income,56.251,73.457,22590.5293649146,17.205999999999996,76.57677280585922,10.025286042782644
GEO,Georgia,2011,Europe & Central Asia,Upper middle income,59.769,76.139,12288.6828861156,16.369999999999997,78.49984896045392,9.416434027257663
GEO,Georgia,2014,Europe & Central Asia,Upper middle income,58.811,75.284,14475.3135356035,16.473000000000006,78.11885659635513,9.580199962697353
GEO,Georgia,2015,Europe & Central Asia,Upper middle income,58.678,75.151,14936.8434116647,16.473,78.08013200090484,9.611586152003332
DEU,Germany,1997,Europe & Central Asia,High income,48.358,68.888,46670.7053500672,20.53000000000001,70.19800255487166,10.750871952394409
DEU,Germany,2007,Europe & Central Asia,High income,52.21,66.382,54920.6589299724,14.172000000000004,78.6508390828839,10.913644857806515
DEU,Germany,2008,Europe & Central Asia,High income,51.998,66.649,55513.7558858315,14.651000000000003,78.0176746837912,10.924386122822613
DEU,Germany,1996,Europe & Central Asia,High income,47.854,68.941,45888.1269604813,21.087000000000003,69.4129763130793,10.733961690702355
DEU,Germany,1995,Europe & Central Asia,High income,47.834,69.482,45548.4181139802,21.647999999999996,68.84372931118851,10.7265311735226
DEU,Germany,2011,Europe & Central Asia,High income,53.71,66.411,57950.9589729677,12.701,80.8751562241195,10.967352396913421
DEU,Germany,1998,Europe & Central Asia,High income,48.537,68.566,47641.5271845024,20.029000000000003,70.788729107721025,10.771460079725001
DEU,Germany,1999,Europe & Central Asia,High income,49.054,68.312,48624.6484373602,19.257999999999996,71.80875980794005,10.791885850814614
DEU,Germany,2000,Europe & Central Asia,High income,49.001,67.653,49955.6461286496,18.652000000000008,72.42989963490162,10.818890813297257
DEU,Germany,2001,Europe & Central Asia,High income,49.347,67.092,50687.6500447924,17.744999999999997,73.55124306921839,10.833437571046579
DEU,Germany,2002,Europe & Central Asia,High income,49.58,66.609,50486.998248551,17.028999999999996,74.43438574366827,10.829471121690094
DEU,Germany,2006,Europe & Central Asia,High income,51.758,66.762,53307.1623767517,15.003999999999998,77.52613762319884,10.883825979676637
DEU,Germany,1990,Europe & Central Asia,High income,45.168,72.432,42355.2860956177,27.264000000000003,62.35917826375083,10.653848511549903
DEU,Germany,1991,Europe & Central Asia,High income,47.908,72.362,44195.7164731544,24.453999999999994,66.20601973411459,10.69638315099741
DEU,Germany,1992,Europe & Central Asia,High income,47.816,71.296,44744.1399691155,23.480000000000004,67.06687612208259,10.708715764717422
DEU,Germany,1993,Europe & Central Asia,High income,47.472,70.517,44018.4380932542,23.044999999999995,67.3199370364593,10.692363872698444
DEU,Germany,1994,Europe & Central Asia,High income,47.98,70.235,45005.1589836478,22.255000000000003,68.31351890083292,10.71453240626239
DEU,Germany,2010,Europe & Central Asia,High income,52.528,66.569,54826.255453315,14.041000000000004,78.90759963346302,10.911924472309176
DEU,Germany,2024,Europe & Central Asia,High income,55.622,66.422,62654.602264023,10.799999999999997,83.74032700009033,11.045392417546726
DEU,Germany,2012,Europe & Central Asia,High income,53.68,66.626,58110.3768512245,12.946000000000005,80.56914717977965,10.970099530183633
DEU,Germany,2013,Europe & Central Asia,High income,54.194,66.705,58182.0766176953,12.510999999999996,81.24428453639158,10.971332624394257
DEU,Germany,2014,Europe & Central Asia,High income,54.468,66.598,59203.2340879963,12.129999999999995,81.78623982702183,10.988731449244742
DEU,Germany,2015,Europe & Central Asia,High income,54.441,66.259,59668.9890355282,11.817999999999998,82.16393244691288,10.996567717780481
DEU,Germany,2016,Europe & Central Asia,High income,54.808,66.235,60504.5857417161,11.427,82.747791952895,11.010474438530194
DEU,Germany,2003,Europe & Central Asia,High income,49.985,66.292,50191.7219389611,16.307000000000002,75.4012550534001,10.823605390467733
DEU,Germany,2004,Europe & Central Asia,High income,49.742,65.747,50786.0176463275,16.005000000000003,75.65668395516145,10.835376352497686
DEU,Germany,2005,Europe & Central Asia,High income,50.694,66.549,51264.8193748941,15.855000000000004,76.17544966866518,10.844760013736902
DEU,Germany,2018,Europe & Central Asia,High income,55.211,66.724,62481.1183971045,11.513000000000005,82.74533900845272,11.042619684435062
DEU,Germany,2019,Europe & Central Asia,High income,55.709,67.119,62949.8932511855,11.409999999999997,83.00034267495047,11.050094343699579
DEU,Germany,2009,Europe & Central Asia,High income,52.624,66.248,52568.797424995,13.624000000000002,79.43485086342228,10.86987801786219
DEU,Germany,2023,Europe & Central Asia,High income,55.821,66.479,63140.1949099669,10.658000000000001,83.96786955279111,11.05311284905633
DEU,Germany,2022,Europe & Central Asia,High income,55.538,66.337,63777.9291029299,10.799000000000007,83.72100034671449,11.063162470656692
DEU,Germany,2020,Europe & Central Asia,High income,55.113,66.049,60299.5767710809,10.936000000000007,83.44259564868506,11.007080363968935
DEU,Germany,2017,Europe & Central Asia,High income,55.138,66.395,61965.4342904965,11.256999999999998,83.04541004593719,11.034331997116333
DEU,Germany,2021,Europe & Central Asia,High income,55.018,65.98,62630.7748127737,10.962000000000003,83.3858745074265,11.045012046715069
GHA,Ghana,1990,Sub-Saharan Africa,Lower middle income,70.054,76.207,2785.67114332501,6.152999999999992,91.92593856207436,7.932244108365065
GHA,Ghana,1991,Sub-Saharan Africa,Lower middle income,70.074,76.144,2859.82702166411,6.070000000000007,92.02826223996638,7.9585164200491665
GHA,Ghana,1994,Sub-Saharan Africa,Lower middle income,69.681,76.159,2989.34731012131,6.478000000000009,91.49411100460877,8.002810351626472
GHA,Ghana,1995,Sub-Saharan Africa,Lower middle income,69.553,76.167,3039.68873031674,6.614000000000004,91.31644938096551,8.019510397814738
GHA,Ghana,1992,Sub-Saharan Africa,Lower middle income,69.943,76.149,2897.83543196858,6.206000000000003,91.85018844633547,7.971719334507874
GHA,Ghana,2009,Sub-Saharan Africa,Lower middle income,67.675,76.227,4269.16005861557,8.552000000000007,88.78087816652891,8.35917237928902
GHA,Ghana,2010,Sub-Saharan Africa,Lower middle income,67.539,76.232,4495.68916584106,8.692999999999998,88.59665232448316,8.410874253472036
GHA,Ghana,1996,Sub-Saharan Africa,Lower middle income,69.424,76.175,3106.18555480388,6.750999999999991,91.13751230718741,8.041150742685293
GHA,Ghana,1993,Sub-Saharan Africa,Lower middle income,69.811,76.153,2964.26600943658,6.341999999999999,91.67202867910655,7.9943847291624515
GHA,Ghana,2012,Sub-Saharan Africa,Lower middle income,67.268,76.242,5339.71321903045,8.974000000000004,88.22958474331732,8.5829272262107
GHA,Ghana,2013,Sub-Saharan Africa,Lower middle income,67.132,76.247,5593.77481886917,9.114999999999995,88.04543129565754,8.629409618906134
GHA,Ghana,2001,Sub-Saharan Africa,Lower middle income,68.76,76.199,3369.50702508212,7.438999999999993,90.23740469035027,8.122521729287532
GHA,Ghana,2002,Sub-Saharan Africa,Lower middle income,68.625,76.202,3425.61820934278,7.576999999999998,90.0566914254219,8.13903723348651
GHA,Ghana,2003,Sub-Saharan Africa,Lower middle income,68.489,76.205,3507.75105744843,7.715999999999994,89.8746801390985,8.162730386734662
GHA,Ghana,2004,Sub-Saharan Africa,Lower middle income,68.354,76.208,3607.36522285021,7.853999999999999,89.69399538106235,8.190732929686831
GHA,Ghana,2005,Sub-Saharan Africa,Lower middle income,68.218,76.212,3721.30785741996,7.994,89.51083818821182,8.22183046005459
GHA,Ghana,2006,Sub-Saharan Africa,Lower middle income,68.083,76.215,3857.86154847605,8.132000000000005,89.33018434691333,8.257868305957041
GHA,Ghana,1997,Sub-Saharan Africa,Lower middle income,69.293,76.182,3160.44504053249,6.888999999999996,90.95718148644038,8.058468132276102
GHA,Ghana,1998,Sub-Saharan Africa,Lower middle income,69.161,76.186,3229.48228272631,7.025000000000006,90.77914577481427,8.080077119384189
GHA,Ghana,1999,Sub-Saharan Africa,Lower middle income,69.028,76.191,3290.26865235748,7.162999999999997,90.59862713443846,8.098724497677159
GHA,Ghana,2000,Sub-Saharan Africa,Lower middle income,68.895,76.196,3327.35199291767,7.301000000000002,90.41813218541655,8.109932069315366
GHA,Ghana,2011,Sub-Saharan Africa,Lower middle income,67.404,76.237,5005.36732498187,8.832999999999998,88.41376234636725,8.518266080661059
GHA,Ghana,2017,Sub-Saharan Africa,Lower middle income,62.967,70.806,5993.63085211077,7.838999999999999,88.9289043301415,8.698452659745659
GHA,Ghana,2018,Sub-Saharan Africa,Lower middle income,61.516,69.11,6234.51208201488,7.594000000000001,89.01172044566633,8.737855600363206
GHA,Ghana,2015,Sub-Saharan Africa,Lower middle income,65.049,73.527,5607.36635657413,8.477999999999994,88.46954180097107,8.631836433132044
GHA,Ghana,2016,Sub-Saharan Africa,Lower middle income,64.013,72.185,5666.07795334591,8.171999999999997,88.67908845327977,8.642252438387226
GHA,Ghana,2007,Sub-Saharan Africa,Lower middle income,67.947,76.219,3923.12567803728,8.271999999999991,89.14706306826383,8.274643981902695
GHA,Ghana,2008,Sub-Saharan Africa,Lower middle income,67.811,76.223,4174.78124103364,8.411999999999992,88.96396100914423,8.336817238554955
GHA,Ghana,2019,Sub-Saharan Africa,Lower middle income,60.063,67.418,6508.24652305901,7.355000000000004,89.09045062149575,8.78082534762442
GHA,Ghana,2020,Sub-Saharan Africa,Lower middle income,57.957,65.331,6412.68541762469,7.374000000000002,88.71286219405795,8.7660334040901855
GHA,Ghana,2024,Sub-Saharan Africa,Lower middle income,55.733,62.438,7072.79879594445,6.705000000000005,89.26134725647842,8.864011549854114
GHA,Ghana,2022,Sub-Saharan Africa,Lower middle income,55.507,62.754,6728.45413832472,7.247,88.45173216049973,8.814100699125778
GHA,Ghana,2023,Sub-Saharan Africa,Lower middle income,55.53,62.665,6808.53775003964,7.134999999999998,88.6140588845448,8.825932655094995
GHA,Ghana,2014,Sub-Saharan Africa,Lower middle income,66.096,74.91,5619.07233511591,8.813999999999993,88.23388065678816,8.633921864337028
GHA,Ghana,2021,Sub-Saharan Africa,Lower middle income,56.85,63.986,6607.50297378321,7.135999999999996,88.84756040383834,8.795961096540124
GRC,Greece,2013,Europe & Central Asia,High income,43.172,60.622,30762.4432227813,17.450000000000003,71.2150704364752,10.334049849034262
GRC,Greece,2014,Europe & Central Asia,High income,43.517,59.608,31213.3765120298,16.090999999999994,73.00530130183868,10.348602016277187
GRC,Greece,1990,Europe & Central Asia,High income,35.539,66.414,26916.3125225704,30.875,53.511307856777194,10.20048779527403
GRC,Greece,2023,Europe & Central Asia,High income,44.646,59.56,36700.5134631055,14.914000000000001,74.9597044996642,10.510546024765103
GRC,Greece,2012,Europe & Central Asia,High income,43.383,61.005,31250.2268565956,17.622,71.1138431276125,10.349781914549258
GRC,Greece,2010,Europe & Central Asia,High income,43.229,63.122,37566.7483686263,19.893,68.48483888343209,10.533874586209912
GRC,Greece,2022,Europe & Central Asia,High income,44.413,59.87,35828.1756641776,15.457,74.1823951895774,10.486489892568931
GRC,Greece,1999,Europe & Central Asia,High income,39.519,64.178,30263.0543705003,24.659,61.577175979307555,10.317682919806336
GRC,Greece,2000,Europe & Central Asia,High income,39.478,63.914,31386.639783624,24.436,61.767374910035365,10.354137596754127
GRC,Greece,2009,Europe & Central Asia,High income,42.576,63.442,39886.2135496664,20.866,67.11011632672363,10.593786018099395
GRC,Greece,1998,Europe & Central Asia,High income,39.031,65.066,29592.525483114,26.035000000000004,59.98678265146159,10.295277090961884
GRC,Greece,2003,Europe & Central Asia,High income,39.859,63.416,35970.7016808475,23.556999999999995,62.8532231613473,10.490460043890215
GRC,Greece,1991,Europe & Central Asia,High income,33.326,65.549,27419.6029332234,32.223000000000006,50.84135532197287,10.219013472093271
GRC,Greece,2001,Europe & Central Asia,High income,38.729,63.201,32675.9292327768,24.472,61.27909368522649,10.394393976734627
GRC,Greece,2002,Europe & Central Asia,High income,39.27,63.228,34081.0289759343,23.958,62.10855949895616,10.436496173443272
GRC,Greece,2005,Europe & Central Asia,High income,41.255,63.527,38146.962971083,22.272,64.94089127457616,10.549201425970567
GRC,Greece,2006,Europe & Central Asia,High income,41.607,63.726,40483.1569225337,22.119,65.29046229168628,10.608641288137244
GRC,Greece,2007,Europe & Central Asia,High income,41.488,63.567,41796.2336918303,22.079,65.26656913178222,10.640561511387062
GRC,Greece,2008,Europe & Central Asia,High income,41.532,63.668,41709.3877420312,22.136000000000003,65.23214173525162,10.638481508158085
GRC,Greece,1997,Europe & Central Asia,High income,37.21,64.748,28768.2401472217,27.538000000000004,57.4689565700871,10.267027284956947
GRC,Greece,2024,Europe & Central Asia,High income,45.027,60.253,37474.2798239947,15.225999999999999,74.72988896818416,10.531410105280996
GRC,Greece,2011,Europe & Central Asia,High income,43.077,61.809,33906.4917435676,18.732,69.69373392224433,10.431361771895759
GRC,Greece,2018,Europe & Central Asia,High income,43.387,58.887,32722.3310444029,15.5,73.67840100531527,10.395813030367432
GRC,Greece,2015,Europe & Central Asia,High income,44.028,59.032,31347.976574604,15.003999999999998,74.58327686678412,10.35290500090324
GRC,Greece,2016,Europe & Central Asia,High income,44.091,58.863,31468.6198471099,14.771999999999998,74.90443912134957,10.356746132951523
GRC,Greece,2017,Europe & Central Asia,High income,43.828,58.879,31995.4108838386,15.050999999999995,74.43740552658844,10.373347761617639
GRC,Greece,1995,Europe & Central Asia,High income,35.998,65.432,27646.1476383588,29.434000000000005,55.01589436361412,10.227241671325416
GRC,Greece,2019,Europe & Central Asia,High income,43.513,58.837,33502.7506488997,15.324000000000005,73.95516426738277,10.419382823364783
GRC,Greece,2020,Europe & Central Asia,High income,42.721,58.006,30487.1129331045,15.285000000000004,73.64927766093162,10.32505934652245
GRC,Greece,2021,Europe & Central Asia,High income,43.261,57.998,33528.2271202515,14.736999999999995,74.59050312079728,10.420142963629074
GRC,Greece,1994,Europe & Central Asia,High income,35.403,65.523,27204.3958682198,30.119999999999997,54.03140881827755,10.211133852028345
GRC,Greece,1996,Europe & Central Asia,High income,37.22,65.266,27905.1065690594,28.046000000000006,57.028161676830194,10.236564982210382
GRC,Greece,1992,Europe & Central Asia,High income,34.554,65.528,27401.424003405,30.974000000000004,52.73165669637406,10.21835026195291
GRC,Greece,1993,Europe & Central Asia,High income,34.755,65.166,26804.8537616148,30.410999999999994,53.33302642482277,10.196338260608435
GRC,Greece,2004,Europe & Central Asia,High income,41.048,63.467,37811.4913664483,22.418999999999997,64.67613090267383,10.540368339811097
GTM,Guatemala,2006,Latin America & Caribbean,Upper middle income,41.858,83.412,9386.00549814138,41.55400000000001,50.1822279767899,9.146975082135288
GTM,Guatemala,1996,Latin America & Caribbean,Upper middle income,45.279,88.751,8222.06920351134,43.472,51.0180166984034,9.014577184293156
GTM,Guatemala,1994,Latin America & Caribbean,Upper middle income,44.993,88.779,8018.28330821547,43.785999999999994,50.67977787539847,8.989479626603597
GTM,Guatemala,2009,Latin America & Caribbean,Upper middle income,41.648,80.92,9740.71387674159,39.272,51.46811665842807,9.184069687250716
GTM,Guatemala,1993,Latin America & Caribbean,Upper middle income,44.835,88.791,7915.41059815185,43.955999999999996,50.4949825995878,8.976566846920562
GTM,Guatemala,1995,Latin America & Caribbean,Upper middle income,45.209,88.767,8195.34970997959,43.55799999999999,50.92996271136797,9.011322163846401
GTM,Guatemala,1999,Latin America & Caribbean,Upper middle income,45.913,88.575,8668.43099775145,42.662000000000006,51.83516793677674,9.067443084280221
GTM,Guatemala,2000,Latin America & Caribbean,Upper middle income,46.075,88.51,8770.40815272307,42.435,52.0562648288329,9.079138623932446
GTM,Guatemala,1997,Latin America & Caribbean,Upper middle income,45.476,88.709,8364.1651916099,43.233000000000004,51.264246017878676,9.031711810665529
GTM,Guatemala,1998,Latin America & Caribbean,Upper middle income,45.736,88.645,8559.99025739148,42.909,51.59456258108184,9.05485433097994
GTM,Guatemala,2005,Latin America & Caribbean,Upper middle income,41.947,84.214,9099.7275067528,42.266999999999996,49.81000783717672,9.115999747743723
GTM,Guatemala,1990,Latin America & Caribbean,Upper middle income,44.286,88.842,7594.73215267529,44.556,49.84804484365503,8.93521014813747
GTM,Guatemala,1991,Latin America & Caribbean,Upper middle income,44.425,88.832,7662.17099856969,44.407,50.01013148414985,8.944050642757537
GTM,Guatemala,1992,Latin America & Caribbean,Upper middle income,44.666,88.812,7822.2634402435,44.146,50.292753231545284,8.964729234145343
GTM,Guatemala,2007,Latin America & Caribbean,Upper middle income,41.778,82.596,9772.80992048501,40.818000000000005,50.581141943919796,9.187359310695586
GTM,Guatemala,2008,Latin America & Caribbean,Upper middle income,41.708,81.765,9889.57668418909,40.057,51.00960068488962,9.199236621293135
GTM,Guatemala,2021,Latin America & Caribbean,Upper middle income,42.496,84.163,11825.141273764,41.666999999999994,50.492496702826664,9.377983160330121
GTM,Guatemala,2010,Latin America & Caribbean,Upper middle income,41.598,80.06,9825.022234198,38.462,51.95853110167374,9.192687699757599
GTM,Guatemala,2011,Latin America & Caribbean,Upper middle income,40.096,83.538,10032.0932829709,43.442,47.99731858555388,9.213544561371227
GTM,Guatemala,2012,Latin America & Caribbean,Upper middle income,44.986,86.032,10126.8330566224,41.046,52.28984563883207,9.222943918217874
GTM,Guatemala,2013,Latin America & Caribbean,Upper middle income,39.687,81.543,10297.8392994827,41.85600000000001,48.67002685699569,9.239689375462255
GTM,Guatemala,2001,Latin America & Caribbean,Upper middle income,46.14,88.448,8771.15927218783,42.30799999999999,52.1662445730825,9.079224262740771
GTM,Guatemala,2004,Latin America & Caribbean,Upper middle income,42.045,85.001,9003.86136388797,42.956,49.464123951482925,9.105408804738824
GTM,Guatemala,2003,Latin America & Caribbean,Upper middle income,47.982,88.341,8926.15771786373,40.358999999999995,54.31453119163243,9.096741314522662
GTM,Guatemala,2014,Latin America & Caribbean,Upper middle income,39.978,82.28,10553.563988977,42.302,48.58774914924648,9.264218900716648
GTM,Guatemala,2015,Latin America & Caribbean,Upper middle income,38.437,83.596,10785.9583125957,45.159000000000006,45.979472702043154,9.286000410934735
GTM,Guatemala,2016,Latin America & Caribbean,Upper middle income,39.525,82.653,10872.5938902469,43.12800000000001,47.82040579289317,9.294000580005617
GTM,Guatemala,2017,Latin America & Caribbean,Upper middle income,38.656,84.065,11005.4592851719,45.409,45.983465175756855,9.306146727317056
GTM,Guatemala,2020,Latin America & Caribbean,Upper middle income,38.299,79.985,11097.1503902986,41.686,47.88272801150216,9.314443632747075
GTM,Guatemala,2019,Latin America & Caribbean,Upper middle income,37.107,82.045,11466.3764932197,44.938,45.227618989578886,9.347174248549319
GTM,Guatemala,2022,Latin America & Caribbean,Upper middle income,40.502,80.746,12144.4800461597,40.24399999999999,50.159760235801166,9.40463002834687
GTM,Guatemala,2023,Latin America & Caribbean,Upper middle income,38.14,81.859,12380.3715121996,43.718999999999994,46.592311169205594,9.423867554851297
GTM,Guatemala,2024,Latin America & Caribbean,Upper middle income,38.42,81.799,12643.9841235004,43.379000000000005,46.96878934950305,9.444936817679896
GTM,Guatemala,2018,Latin America & Caribbean,Upper middle income,38.408,83.42,11192.3719192725,45.012,46.04171661472069,9.322987746607383
GTM,Guatemala,2002,Latin America & Caribbean,Upper middle income,46.346,88.357,8901.54046462168,42.011,52.45311633486877,9.093979626655141
GIN,Guinea,2008,Sub-Saharan Africa,Lower middle income,55.7,65.716,2629.5397474637,10.015999999999991,84.75865846977906,7.874564108892982
GIN,Guinea,2007,Sub-Saharan Africa,Lower middle income,56.894,65.816,2587.0048887648,8.922000000000004,86.44402576881001,7.858256071927112
GIN,Guinea,1992,Sub-Saharan Africa,Lower middle income,63.419,64.211,2076.55062690695,0.7920000000000016,98.76656647614894,7.638463443658237
GIN,Guinea,1995,Sub-Saharan Africa,Lower middle income,63.295,64.547,2171.72552153265,1.2519999999999953,98.06032813298837,7.683277301766574
GIN,Guinea,1996,Sub-Saharan Africa,Lower middle income,63.262,64.633,2205.32363416973,1.3709999999999951,97.87879256726441,7.698629549976954
GIN,Guinea,1997,Sub-Saharan Africa,Lower middle income,63.145,64.964,2272.41100463955,1.8189999999999955,97.19998768548736,7.728596663410002
GIN,Guinea,2000,Sub-Saharan Africa,Lower middle income,62.907,65.662,2358.28765608495,2.7550000000000097,95.80427035423837,7.765691065211214
GIN,Guinea,2015,Sub-Saharan Africa,Lower middle income,47.185,64.91,2869.85157178732,17.724999999999994,72.6929594823602,7.962015590269014
GIN,Guinea,2016,Sub-Saharan Africa,Lower middle income,45.954,64.766,3099.78874189372,18.812000000000005,70.95389556248648,8.039089240374853
GIN,Guinea,2017,Sub-Saharan Africa,Lower middle income,44.725,64.614,3332.76576150531,19.889000000000003,69.21874516358683,8.11155779726182
GIN,Guinea,2006,Sub-Saharan Africa,Lower middle income,58.078,65.912,2478.61319510726,7.834000000000003,88.11445563782013,7.815454487229635
GIN,Guinea,2005,Sub-Saharan Africa,Lower middle income,59.249,66.002,2501.22160456279,6.752999999999993,89.76849186388293,7.824534533334869
GIN,Guinea,2019,Sub-Saharan Africa,Lower middle income,42.271,64.279,3557.46233883145,22.007999999999996,65.76175733909987,8.176802743493761
GIN,Guinea,1993,Sub-Saharan Africa,Lower middle income,63.378,64.323,2115.8664959394,0.9449999999999932,98.53085210577865,7.657219698331526
GIN,Guinea,1994,Sub-Saharan Africa,Lower middle income,63.333,64.444,2134.89769355787,1.1110000000000042,98.27602259325926,7.6661740058063295
GIN,Guinea,2009,Sub-Saharan Africa,Lower middle income,54.499,65.614,2537.30645758746,11.115000000000002,83.06001767915384,7.838858347569182
GIN,Guinea,2010,Sub-Saharan Africa,Lower middle income,53.291,65.509,2594.83050344245,12.218000000000004,81.34912760078767,7.861276476874263
GIN,Guinea,2011,Sub-Saharan Africa,Lower middle income,52.077,65.399,2673.40873029955,13.322000000000003,79.62965794584015,7.8911096151486895
GIN,Guinea,2012,Sub-Saharan Africa,Lower middle income,50.859,65.286,2762.90350938513,14.427,77.90184725668597,7.924037401905048
GIN,Guinea,2013,Sub-Saharan Africa,Lower middle income,49.638,65.169,2802.56007024474,15.530999999999999,76.16811674262303,7.9382885892374695
GIN,Guinea,2001,Sub-Saharan Africa,Lower middle income,62.781,66.062,2412.75161959628,3.280999999999999,95.03345342254246,7.788523126052705
GIN,Guinea,2002,Sub-Saharan Africa,Lower middle income,62.713,66.29,2498.13177495102,3.5770000000000053,94.6040126715945,7.82329844147633
GIN,Guinea,2003,Sub-Saharan Africa,Lower middle income,61.566,66.19,2473.23418295471,4.623999999999995,93.01405046079468,7.813281958935621
GIN,Guinea,2004,Sub-Saharan Africa,Lower middle income,60.41,66.094,2477.50282602363,5.6839999999999975,91.40012709171786,7.815006406879024
GIN,Guinea,2018,Sub-Saharan Africa,Lower middle income,43.497,64.453,3455.64512638662,20.956000000000003,67.48638542814143,8.147764441314447
GIN,Guinea,1991,Sub-Saharan Africa,Lower middle income,63.46,64.1,2075.99194302675,0.6399999999999935,99.0015600624025,7.638194363269939
GIN,Guinea,2021,Sub-Saharan Africa,Lower middle income,41.989,63.972,3738.8051255133,21.983000000000004,65.63652848121052,8.22652135420545
GIN,Guinea,2022,Sub-Saharan Africa,Lower middle income,42.529,63.763,3792.01068836277,21.233999999999995,66.69855558866428,8.240651682032007
GIN,Guinea,2023,Sub-Saharan Africa,Lower middle income,42.739,63.487,3904.82395527998,20.748000000000005,67.31929371367366,8.269967979383043
GIN,Guinea,2020,Sub-Saharan Africa,Lower middle income,41.854,63.644,3630.99330577677,21.79,65.76267990698258,8.197261527781892
GIN,Guinea,2024,Sub-Saharan Africa,Lower middle income,42.882,63.261,4016.34191385979,20.379000000000005,67.78583961682553,8.298126795660833
GIN,Guinea,2014,Sub-Saharan Africa,Lower middle income,48.414,65.045,2834.96634347846,16.631,74.43154739026826,7.949785344302479
GIN,Guinea,1999,Sub-Saharan Africa,Lower middle income,62.977,65.45,2346.2701835771,2.473000000000006,96.22154316271963,7.760582190347297
GIN,Guinea,1990,Sub-Saharan Africa,Lower middle income,63.491,64.014,2105.74729496232,0.5229999999999961,99.18299122067047,7.652425692598813
GIN,Guinea,1998,Sub-Saharan Africa,Lower middle income,63.028,65.305,2311.327353403,2.277000000000008,96.51328382206567,7.745577250352428
GNB,Guinea-Bissau,1991,Sub-Saharan Africa,Low income,55.277,73.916,2024.85376829909,18.638999999999996,74.7835380702419,7.613252763747507
GNB,Guinea-Bissau,1993,Sub-Saharan Africa,Low income,55.312,73.826,1963.5622486004,18.513999999999996,74.92211416032293,7.5825155763932575
GNB,Guinea-Bissau,1990,Sub-Saharan Africa,Low income,55.237,74.017,1968.09061079555,18.779999999999994,74.62745045057217,7.584819118623205
GNB,Guinea-Bissau,2008,Sub-Saharan Africa,Low income,55.774,71.957,2105.67394178792,16.182999999999993,77.5101796906486,7.652390857245005
GNB,Guinea-Bissau,2009,Sub-Saharan Africa,Low income,55.812,71.803,2103.05813454823,15.991,77.72934278512041,7.651147818947931
GNB,Guinea-Bissau,1998,Sub-Saharan Africa,Low income,55.424,73.378,1738.64946632342,17.954,75.53217585652375,7.4608639220539885
GNB,Guinea-Bissau,2007,Sub-Saharan Africa,Low income,55.743,72.092,2065.98983875944,16.348999999999997,77.32203295788715,7.633364731351632
GNB,Guinea-Bissau,1999,Sub-Saharan Africa,Low income,55.465,73.252,1992.852546394,17.786999999999992,75.71806913121827,7.5973223317225775
GNB,Guinea-Bissau,2014,Sub-Saharan Africa,Low income,56.042,70.953,2156.33643676255,14.911000000000001,78.98467999943625,7.676165966590739
GNB,Guinea-Bissau,2000,Sub-Saharan Africa,Low income,55.507,73.098,1974.74466342453,17.591,75.93504610249255,7.588194384635271
GNB,Guinea-Bissau,2001,Sub-Saharan Africa,Low income,55.548,72.93,2025.72675469878,17.382000000000005,76.16618675442204,7.613683806363868
GNB,Guinea-Bissau,2002,Sub-Saharan Africa,Low income,55.587,72.77,2054.08977413547,17.182999999999993,76.3872474920984,7.627588096512675
GNB,Guinea-Bissau,2003,Sub-Saharan Africa,Low income,55.623,72.62,2002.40206880451,16.997000000000007,76.59460203800606,7.602102773279491
GNB,Guinea-Bissau,2004,Sub-Saharan Africa,Low income,55.66,72.466,1979.69782670273,16.805999999999997,76.80843430022357,7.590699499265667
GNB,Guinea-Bissau,2005,Sub-Saharan Africa,Low income,55.693,72.327,2060.66663299612,16.634,77.00167295754005,7.630784817684314
GNB,Guinea-Bissau,1994,Sub-Saharan Africa,Low income,55.314,73.81,1964.63002250373,18.496000000000002,74.9410648963555,7.5830592228626434
GNB,Guinea-Bissau,1995,Sub-Saharan Africa,Low income,55.327,73.75,1999.94473972689,18.423000000000002,75.01966101694914,7.600874829023808
GNB,Guinea-Bissau,1996,Sub-Saharan Africa,Low income,55.353,73.644,2185.90344879946,18.291000000000004,75.16294606485253,7.6897844997827605
GNB,Guinea-Bissau,1997,Sub-Saharan Africa,Low income,55.386,73.508,2284.02576620745,18.121999999999993,75.34690101757633,7.73369485188891
GNB,Guinea-Bissau,2010,Sub-Saharan Africa,Low income,55.854,71.639,2164.26823755351,15.784999999999997,77.96591242200478,7.679837586791814
GNB,Guinea-Bissau,2011,Sub-Saharan Africa,Low income,55.896,71.479,2278.54751544448,15.582999999999998,78.19919137089215,7.73129346431335
GNB,Guinea-Bissau,2018,Sub-Saharan Africa,Low income,56.399,69.842,2373.64935653455,13.442999999999998,80.75226940809256,7.772183862716669
GNB,Guinea-Bissau,2015,Sub-Saharan Africa,Low income,56.11,70.731,2230.52993109779,14.620999999999995,79.32872432172599,7.709994473486486
GNB,Guinea-Bissau,2016,Sub-Saharan Africa,Low income,56.189,70.479,2293.37861360238,14.29,79.72445693043319,7.737781386367727
GNB,Guinea-Bissau,2017,Sub-Saharan Africa,Low income,56.285,70.182,2342.56110535416,13.897000000000006,80.19862642842894,7.759000099302414
GNB,Guinea-Bissau,2021,Sub-Saharan Africa,Low income,58.375,69.485,2522.12869240841,11.11,84.01093761243435,7.832858543140674
GNB,Guinea-Bissau,2019,Sub-Saharan Africa,Low income,56.063,68.668,2442.25868377476,12.605000000000004,81.6435603192171,7.8006785801720415
GNB,Guinea-Bissau,2020,Sub-Saharan Africa,Low income,56.768,68.596,2456.01139053324,11.828000000000003,82.75701207067468,7.806293927095545
GNB,Guinea-Bissau,2006,Sub-Saharan Africa,Low income,55.717,72.211,2065.2122797791,16.494,77.15860464472172,7.63298829903619
GNB,Guinea-Bissau,2022,Sub-Saharan Africa,Low income,59.972,69.991,2600.802474483,10.018999999999998,85.68530239602235,7.8635753204207255
GNB,Guinea-Bissau,2023,Sub-Saharan Africa,Low income,60.084,69.776,2660.81444655656,9.691999999999993,86.1098371933043,7.886387537827321
GNB,Guinea-Bissau,2024,Sub-Saharan Africa,Low income,60.17,69.584,2717.54206972499,9.414000000000001,86.47102782248793,7.90748309991509
GNB,Guinea-Bissau,2012,Sub-Saharan Africa,Low income,55.939,71.317,2180.74338832775,15.377999999999993,78.43711877953365,7.687421101474615
GNB,Guinea-Bissau,2013,Sub-Saharan Africa,Low income,55.987,71.145,2192.5927863603,15.157999999999994,78.69421603766955,7.692840043241549
GNB,Guinea-Bissau,1992,Sub-Saharan Africa,Low income,55.302,73.853,1987.7391360013,18.550999999999995,74.88118289033622,7.594753159291271
GUY,Guyana,2010,Latin America & Caribbean,High income,39.268,74.062,10374.3947557656,34.794,53.02044233210014,9.247096006603565
GUY,Guyana,1997,Latin America & Caribbean,High income,37.101,80.494,8064.56715164725,43.393,46.09163415906776,8.995235319143482
GUY,Guyana,2021,Latin America & Caribbean,High income,40.752,62.52,22865.9270968882,21.768,65.18234165067179,10.037403181821148
GUY,Guyana,2022,Latin America & Caribbean,High income,45.133,63.689,37068.1993827588,18.555999999999997,70.86467050825104,10.520514721529896
GUY,Guyana,2009,Latin America & Caribbean,High income,38.675,74.777,9924.52660770631,36.102000000000004,51.72044880110194,9.202764407461313
GUY,Guyana,1995,Latin America & Caribbean,High income,38.19,81.067,7071.21280005947,42.876999999999995,47.109181294484806,8.86378728591303
GUY,Guyana,1996,Latin America & Caribbean,High income,37.649,80.784,7612.30424290021,43.135000000000005,46.60452564864329,8.937521196469147
GUY,Guyana,2007,Latin America & Caribbean,High income,37.454,76.101,9354.08017716534,38.647,49.21617324345278,9.143567909680073
GUY,Guyana,1999,Latin America & Caribbean,High income,35.975,79.859,8139.97018415742,43.88399999999999,45.04814735972151,9.004541796109955
GUY,Guyana,2000,Latin America & Caribbean,High income,35.401,79.505,8025.29326490962,44.10399999999999,44.526759323313,8.990353491244475
GUY,Guyana,2004,Latin America & Caribbean,High income,35.543,77.793,8404.2001629708,42.25000000000001,45.68920082783798,9.036486879264645
GUY,Guyana,1998,Latin America & Caribbean,High income,36.542,80.188,7915.22956203951,43.646,45.57040953758667,8.976543975310758
GUY,Guyana,2020,Latin America & Caribbean,High income,40.299,62.049,19234.1301977637,21.75,64.94705797031378,9.864441594396013
GUY,Guyana,2003,Latin America & Caribbean,High income,34.892,78.269,8267.42910545363,43.377,44.5795908980567,9.020078869730416
GUY,Guyana,2008,Latin America & Caribbean,High income,38.07,75.457,9546.70875949436,37.38699999999999,50.452575639105724,9.163951741561664
GUY,Guyana,2005,Latin America & Caribbean,High income,36.189,77.275,8256.52519071138,41.086000000000006,46.831446133937234,9.018759098914119
GUY,Guyana,2006,Latin America & Caribbean,High income,36.827,76.709,8702.33133494001,39.882000000000005,48.00870823501805,9.071346238278586
GUY,Guyana,2023,Latin America & Caribbean,High income,46.479,63.657,49312.3603225444,17.177999999999997,73.0147509307696,10.805930045088287
GUY,Guyana,2013,Latin America & Caribbean,High income,41.049,71.761,11896.9069854942,30.711999999999996,57.20238012290799,9.384033728129934
GUY,Guyana,2014,Latin America & Caribbean,High income,41.657,70.972,12030.0529344045,29.314999999999998,58.69497830130192,9.39516320915892
GUY,Guyana,2011,Latin America & Caribbean,High income,39.85,73.316,10958.8598838438,33.466,54.35375634240821,9.301903529894277
GUY,Guyana,2012,Latin America & Caribbean,High income,40.442,72.547,11534.9985588659,32.105,55.7459302245441,9.353141045672077
GUY,Guyana,2017,Latin America & Caribbean,High income,43.543,68.714,12801.6408529346,25.171,63.36845475448962,9.457328633327378
GUY,Guyana,2018,Latin America & Caribbean,High income,44.263,68.152,12980.3576003177,23.889000000000003,64.94747036037093,9.471192539980102
GUY,Guyana,2015,Latin America & Caribbean,High income,42.273,70.196,12040.08253302,27.922999999999995,60.22138013562027,9.39599657374131
GUY,Guyana,2002,Latin America & Caribbean,High income,34.228,78.688,8314.0272750321,44.46,43.49837332248882,9.02569940042208
GUY,Guyana,1994,Latin America & Caribbean,High income,38.728,81.351,6755.3286689231,42.623,47.606052783616676,8.81808690486174
GUY,Guyana,2024,Latin America & Caribbean,High income,47.381,63.597,70516.7027944836,16.216,74.50194191549916,11.163604879810158
GUY,Guyana,2019,Latin America & Caribbean,High income,41.347,63.507,13402.4219472757,22.159999999999997,65.10620876438819,9.503190711941082
GUY,Guyana,1993,Latin America & Caribbean,High income,39.269,81.634,6247.86624866594,42.365,48.103731288433735,8.739995284226678
GUY,Guyana,2016,Latin America & Caribbean,High income,42.902,69.445,12420.4724727603,26.542999999999992,61.77838577291382,9.427101396048966
GUY,Guyana,1990,Latin America & Caribbean,High income,37.53,82.202,5074.43109901682,44.672,45.655823459283226,8.53196969891056
GUY,Guyana,1991,Latin America & Caribbean,High income,38.059,82.066,5396.46342590543,44.007000000000005,46.376087539297636,8.593499096869216
GUY,Guyana,1992,Latin America & Caribbean,High income,38.663,81.861,5799.21836066806,43.19800000000001,47.230060712671474,8.665478422050779
GUY,Guyana,2001,Latin America & Caribbean,High income,34.818,79.117,8212.04321760917,44.29900000000001,44.00824095959149,9.01335704086355
HTI,Haiti,1991,Latin America & Caribbean,Lower middle income,56.745,76.488,3916.43139455701,19.743000000000002,74.18810793850015,8.272936159625147
HTI,Haiti,2003,Latin America & Caribbean,Lower middle income,57.775,69.194,3197.9365263707,11.419000000000004,83.49712402809492,8.070261045282825
HTI,Haiti,2004,Latin America & Caribbean,Lower middle income,58.087,69.3,3102.54173985545,11.212999999999994,83.81962481962482,8.03997697060807
HTI,Haiti,1992,Latin America & Caribbean,Lower middle income,56.814,75.721,3635.13892826929,18.907000000000004,75.03070482428916,8.198402608843676
HTI,Haiti,1990,Latin America & Caribbean,Lower middle income,56.681,77.248,3923.2219575616,20.567000000000007,73.37536246893123,8.274668523136095
HTI,Haiti,1994,Latin America & Caribbean,Lower middle income,56.974,74.161,2911.49975345891,17.187000000000005,76.82474616038078,7.976423606598796
HTI,Haiti,1995,Latin America & Caribbean,Lower middle income,57.063,73.37,3139.26416790518,16.307000000000002,77.77429467084639,8.051743710008584
HTI,Haiti,2013,Latin America & Caribbean,Lower middle income,61.379,70.381,3356.8373216264,9.002000000000002,87.20961623165343,8.118754536355853
HTI,Haiti,1993,Latin America & Caribbean,Lower middle income,56.891,74.945,3370.99533205147,18.053999999999995,75.91033424511309,8.122963330496072
HTI,Haiti,2002,Latin America & Caribbean,Lower middle income,57.462,69.088,3145.03689680869,11.62599999999999,83.17218619731358,8.053580900960378
HTI,Haiti,2001,Latin America & Caribbean,Lower middle income,57.148,68.982,3168.14454014466,11.833999999999996,82.84480009277783,8.060901376939189
HTI,Haiti,2008,Latin America & Caribbean,Lower middle income,59.724,70.236,3270.41272369326,10.512000000000008,85.0333162480779,8.092671471123547
HTI,Haiti,2015,Latin America & Caribbean,Lower middle income,61.695,70.16,3402.0283988016,8.464999999999996,87.93472063854048,8.132127120599272
HTI,Haiti,2006,Latin America & Caribbean,Lower middle income,58.842,69.684,3146.2634386786,10.841999999999999,84.44119166523161,8.053970817772496
HTI,Haiti,2007,Latin America & Caribbean,Lower middle income,59.284,69.961,3239.25745989841,10.677,84.738640099484,8.083099403477144
HTI,Haiti,2012,Latin America & Caribbean,Lower middle income,61.032,70.535,3266.43832519352,9.503,86.52725597221237,8.09145547309644
HTI,Haiti,2005,Latin America & Caribbean,Lower middle income,58.4,69.406,3144.56353969437,11.006000000000007,84.14258133302596,8.05343038039234
HTI,Haiti,2010,Latin America & Caribbean,Lower middle income,60.596,70.779,3176.50949040109,10.183,85.61296429731982,8.063538228393323
HTI,Haiti,2011,Latin America & Caribbean,Lower middle income,61.034,70.607,3300.87444105175,9.573,86.44185420708995,8.1019426944899
HTI,Haiti,2018,Latin America & Caribbean,Lower middle income,62.139,69.847,3465.25480573601,7.707999999999991,88.9644508711899,8.15054144592924
HTI,Haiti,2024,Latin America & Caribbean,Lower middle income,58.321,69.83,2783.79140882788,11.509,83.51854503794931,7.931569093657307
HTI,Haiti,2014,Latin America & Caribbean,Lower middle income,61.602,70.256,3403.57496642947,8.654000000000003,87.68219084491004,8.132581618921169
HTI,Haiti,2000,Latin America & Caribbean,Lower middle income,56.835,68.877,3237.53077898724,12.041999999999994,82.51666013328108,8.082566212985688
HTI,Haiti,2022,Latin America & Caribbean,Lower middle income,59.948,69.82,3029.77866381702,9.871999999999993,85.86078487539388,8.016244847590054
HTI,Haiti,2019,Latin America & Caribbean,Lower middle income,61.952,69.821,3361.75328894114,7.869,88.72975179387291,8.120217929045477
HTI,Haiti,2016,Latin America & Caribbean,Lower middle income,61.827,70.056,3415.58218112308,8.229,88.25368276807126,8.136103235110099
HTI,Haiti,2017,Latin America & Caribbean,Lower middle income,62.02,69.943,3453.97142164659,7.922999999999995,88.67220450938622,8.147279984684724
HTI,Haiti,2009,Latin America & Caribbean,Lower middle income,60.162,70.51,3406.29486715549,10.348000000000006,85.32406750815487,8.133380430333755
HTI,Haiti,2023,Latin America & Caribbean,Lower middle income,59.351,69.813,2939.1237948199,10.462000000000003,85.01425235987567,7.985866786940444
HTI,Haiti,2020,Latin America & Caribbean,Lower middle income,61.366,69.16,3210.53609854862,7.793999999999997,88.73048004626952,8.074193211073279
HTI,Haiti,2021,Latin America & Caribbean,Lower middle income,62.099,69.433,3116.56505397604,7.33400000000001,89.43729926691918,8.044486730080793
HTI,Haiti,1996,Latin America & Caribbean,Lower middle income,57.005,72.491,3207.74580313016,15.485999999999997,78.63734808458982,8.073323727421114
HTI,Haiti,1998,Latin America & Caribbean,Lower middle income,56.908,70.703,3242.45890119666,13.795000000000002,80.48880528407564,8.084087241074544
HTI,Haiti,1999,Latin America & Caribbean,Lower middle income,56.868,69.795,3269.3988227012,12.927,81.47861594670105,8.092361400720756
HTI,Haiti,1997,Latin America & Caribbean,Lower middle income,56.954,71.602,3232.95524865654,14.648000000000003,79.54247088070166,8.081151935580927
HND,Honduras,1991,Latin America & Caribbean,Lower middle income,44.078,87.345,1436.05066143143,43.266999999999996,50.46425095884138,7.26965202853421
HND,Honduras,1990,Latin America & Caribbean,Lower middle income,44.543,87.351,1172.07980628643,42.808,50.99311971242459,7.066535061919709
HND,Honduras,2002,Latin America & Caribbean,Lower middle income,42.581,84.075,4627.02278723456,41.494,50.646446625037164,8.439668913734847
HND,Honduras,1995,Latin America & Caribbean,Lower middle income,44.908,87.084,2555.0262257932,42.176,51.56860043176703,7.845817767083442
HND,Honduras,1992,Latin America & Caribbean,Lower middle income,44.382,87.288,1521.94721667467,42.906,50.84547704151774,7.327745857580225
HND,Honduras,1993,Latin America & Caribbean,Lower middle income,44.725,87.22,1681.08238809432,42.495,51.27837651914698,7.4271931435665035
HND,Honduras,1994,Latin America & Caribbean,Lower middle income,44.575,87.17,2108.27414889925,42.595,51.13571182746358,7.653624952865255
HND,Honduras,2001,Latin America & Caribbean,Lower middle income,42.99,84.749,4578.94787944773,41.75899999999999,50.726262256781794,8.429224530073801
HND,Honduras,2003,Latin America & Caribbean,Lower middle income,42.178,83.387,4714.86701000971,41.209,50.581025819372314,8.458475988945423
HND,Honduras,2004,Latin America & Caribbean,Lower middle income,41.782,82.685,4885.34258343422,40.903000000000006,50.53153534498397,8.49399469168715
HND,Honduras,2012,Latin America & Caribbean,Lower middle income,38.294,78.508,5600.6077605497,40.214,48.77719468079686,8.63063039950402
HND,Honduras,2017,Latin America & Caribbean,Lower middle income,45.758,82.953,6099.60734919414,37.195,55.16135643074994,8.715979679105063
HND,Honduras,2007,Latin America & Caribbean,Lower middle income,37.827,80.108,5461.90151889031,42.281000000000006,47.220002995955454,8.605552271642306
HND,Honduras,1996,Latin America & Caribbean,Lower middle income,44.905,87.009,3054.15773942696,42.104,51.60960360422485,8.024259134551816
HND,Honduras,2005,Latin America & Caribbean,Lower middle income,41.394,81.969,5056.67544412551,40.574999999999996,50.49957910917542,8.528464519492113
HND,Honduras,2006,Latin America & Caribbean,Lower middle income,38.459,81.277,5263.15029099578,42.818,47.31842956802048,8.568485041091943
HND,Honduras,1999,Latin America & Caribbean,Lower middle income,45.107,86.708,4293.827231525,41.601,52.02172809890667,8.364933742772505
HND,Honduras,2000,Latin America & Caribbean,Lower middle income,43.406,85.408,4579.68960840984,42.002,50.8219370550768,8.429386503722112
HND,Honduras,2011,Latin America & Caribbean,Lower middle income,39.675,79.783,5488.43371596332,40.108000000000004,49.72863893310605,8.610398196159723
HND,Honduras,2020,Latin America & Caribbean,Lower middle income,47.039,71.951,5603.26398377777,24.911999999999992,65.37643674167143,8.63110456117571
HND,Honduras,2013,Latin America & Caribbean,Lower middle income,43.408,81.912,5644.13384802045,38.504000000000005,52.9934563922258,8.638372027790806
HND,Honduras,2018,Latin America & Caribbean,Lower middle income,50.022,82.955,6219.27973775059,32.933,60.30016273883431,8.73540938123885
HND,Honduras,2019,Latin America & Caribbean,Lower middle income,44.526,81.822,6264.01884276715,37.296,54.41812715406614,8.742577245770704
HND,Honduras,1997,Latin America & Caribbean,Lower middle income,45.129,86.913,3635.98071357513,41.784,51.924338131234684,8.198634150986033
HND,Honduras,2021,Latin America & Caribbean,Lower middle income,48.071,73.311,6202.98078812037,25.24000000000001,65.571333087804,8.732785227776699
HND,Honduras,2022,Latin America & Caribbean,Lower middle income,43.606,73.68,6352.58710177732,30.074000000000005,59.1829533116178,8.75661742651745
HND,Honduras,2008,Latin America & Caribbean,Lower middle income,39.44,79.728,5566.70639487722,40.288,49.468191852297814,8.62455884651556
HND,Honduras,2015,Latin America & Caribbean,Lower middle income,46.551,81.628,5812.5348879105,35.077,57.02822560885971,8.66777205209876
HND,Honduras,1998,Latin America & Caribbean,Lower middle income,45.292,86.801,3950.83498715855,41.509,52.179122360341466,8.281682224709693
HND,Honduras,2009,Latin America & Caribbean,Lower middle income,40.918,80.707,5313.75573967791,39.788999999999994,50.69944366659646,8.578054159828222
HND,Honduras,2010,Latin America & Caribbean,Lower middle income,42.656,81.18,5396.07227927744,38.52400000000001,52.54496181325449,8.593426612211514
HND,Honduras,2016,Latin America & Caribbean,Lower middle income,45.913,80.726,5926.49025534228,34.813,56.875108391348505,8.6871874542665
HND,Honduras,2024,Latin America & Caribbean,Lower middle income,39.617,73.589,6590.84384301553,33.972,53.83549171751213,8.79343666831499
HND,Honduras,2014,Latin America & Caribbean,Lower middle income,46.005,82.297,5705.16246265484,36.291999999999994,55.901187163566114,8.64912673913082
HND,Honduras,2023,Latin America & Caribbean,Lower middle income,39.364,73.622,6467.8800352783,34.258,53.467713455217194,8.774603673103579
HKG,"Hong Kong SAR, China",1995,East Asia & Pacific,High income,47.384,76.325,37905.6482894504,28.941000000000003,62.0818866688503,10.54285541135036
HKG,"Hong Kong SAR, China",2006,East Asia & Pacific,High income,52.017,70.273,50981.7296233058,18.255999999999993,74.02131686422952,10.839222604841947
HKG,"Hong Kong SAR, China",1996,East Asia & Pacific,High income,47.635,75.619,37804.0797903194,27.984,62.99342757772517,10.540172306744383
HKG,"Hong Kong SAR, China",1999,East Asia & Pacific,High income,48.711,73.938,37339.8931803408,25.227000000000004,65.88087316400227,10.527817556361596
HKG,"Hong Kong SAR, China",2000,East Asia & Pacific,High income,48.986,73.298,39848.5593475546,24.312000000000005,66.8312914404213,10.59284153168418
HKG,"Hong Kong SAR, China",2007,East Asia & Pacific,High income,52.503,69.848,53813.022139769,17.345,75.167506585729015,10.89327076406878
HKG,"Hong Kong SAR, China",1998,East Asia & Pacific,High income,48.418,74.574,36776.3657079191,26.156,64.92611365891598,10.512610681637161
HKG,"Hong Kong SAR, China",1991,East Asia & Pacific,High income,47.948,78.811,33124.6445961019,30.863000000000007,60.839222951110884,10.408032834056684
HKG,"Hong Kong SAR, China",1992,East Asia & Pacific,High income,46.759,78.053,34895.7384690892,31.293999999999997,59.906730042407084,10.460119993831976
HKG,"Hong Kong SAR, China",1993,East Asia & Pacific,High income,46.364,77.771,36428.5238295824,31.407000000000004,59.6160522559823,10.503107368445482
HKG,"Hong Kong SAR, China",1994,East Asia & Pacific,High income,46.9,77.014,37767.182764774,30.113999999999997,60.89801854208326,10.539195823694351
HKG,"Hong Kong SAR, China",2020,East Asia & Pacific,High income,53.728,65.534,61328.5367014193,11.806000000000004,81.98492385631884,11.024000538909648
HKG,"Hong Kong SAR, China",2008,East Asia & Pacific,High income,52.446,68.94,54630.3299120222,16.494,76.07484769364665,10.90834450039811
HKG,"Hong Kong SAR, China",2009,East Asia & Pacific,High income,52.56,68.667,53172.2884268262,16.107,76.54331775088471,10.881292645384615
HKG,"Hong Kong SAR, China",1997,East Asia & Pacific,High income,47.858,75.102,39402.5736869551,27.244000000000007,63.72400202391414,10.581586415156572
HKG,"Hong Kong SAR, China",2012,East Asia & Pacific,High income,52.893,67.964,59015.3179560955,15.070999999999998,77.82502501324231,10.985552315565261
HKG,"Hong Kong SAR, China",2013,East Asia & Pacific,High income,53.869,68.493,60601.6109212886,14.623999999999995,78.64891302760867,11.012076754563635
HKG,"Hong Kong SAR, China",2014,East Asia & Pacific,High income,53.936,68.094,61839.8044187474,14.157999999999994,79.20815343495757,11.032302520558169
HKG,"Hong Kong SAR, China",2001,East Asia & Pacific,High income,50.308,72.528,39777.8262391597,22.220000000000006,69.3635561438341,10.591064906348773
HKG,"Hong Kong SAR, China",2002,East Asia & Pacific,High income,51.449,71.995,40258.1488758671,20.546000000000006,71.46190707688032,10.603067718898432
HKG,"Hong Kong SAR, China",2003,East Asia & Pacific,High income,51.022,71.52,41570.5634425877,20.497999999999998,71.33948545861297,10.635147586222368
HKG,"Hong Kong SAR, China",2004,East Asia & Pacific,High income,51.273,71.197,44836.1768653659,19.924,72.01567481775918,10.710770611850975
HKG,"Hong Kong SAR, China",2005,East Asia & Pacific,High income,51.65,70.642,47938.8533561286,18.991999999999997,73.11514396534639,10.77768158939045
HKG,"Hong Kong SAR, China",2019,East Asia & Pacific,High income,54.51,66.826,65388.3366418212,12.315999999999995,81.57004758626883,11.08809918273096
HKG,"Hong Kong SAR, China",2010,East Asia & Pacific,High income,51.257,67.765,56355.409086809,16.508000000000003,75.63934184313436,10.939433505753886
HKG,"Hong Kong SAR, China",2021,East Asia & Pacific,High income,53.718,65.033,65884.9376260603,11.314999999999998,82.60114095920534,11.095665130269643
HKG,"Hong Kong SAR, China",2022,East Asia & Pacific,High income,52.789,64.187,64035.6484949629,11.397999999999996,82.24251016560986,11.067195215004377
HKG,"Hong Kong SAR, China",2011,East Asia & Pacific,High income,52.325,67.669,58672.8050185719,15.343999999999994,77.32491983035068,10.979731610877122
HKG,"Hong Kong SAR, China",2016,East Asia & Pacific,High income,54.28,67.924,63749.4285013369,13.644000000000005,79.91284376656263,11.062715498295578
HKG,"Hong Kong SAR, China",1990,East Asia & Pacific,High income,47.059,79.14,31598.7264606102,32.081,59.46297700277988,10.360872096883437
HKG,"Hong Kong SAR, China",2017,East Asia & Pacific,High income,54.645,67.66,65662.8543379575,13.014999999999993,80.76411469110258,11.09228866159957
HKG,"Hong Kong SAR, China",2015,East Asia & Pacific,High income,54.211,68.117,62779.7552386246,13.906000000000006,79.58512559273015,11.047387931672585
HKG,"Hong Kong SAR, China",2023,East Asia & Pacific,High income,52.27,63.412,64387.6654066058,11.141999999999996,82.42919321264115,11.072677362794723
HKG,"Hong Kong SAR, China",2024,East Asia & Pacific,High income,52.256,62.585,66186.0448635456,10.329,83.49604537828553,11.10022491703762
HKG,"Hong Kong SAR, China",2018,East Asia & Pacific,High income,54.747,67.966,66993.9592604441,13.218999999999994,80.55056940234823,11.112357734016541
HUN,Hungary,1992,Europe & Central Asia,High income,45.471,57.446,18197.5305521351,11.975000000000001,79.15433624621383,9.809041179910366
HUN,Hungary,2003,Europe & Central Asia,High income,46.403,58.288,25255.8711300567,11.884999999999998,79.60986824046115,10.136813927677165
HUN,Hungary,1991,Europe & Central Asia,High income,45.647,57.501,18765.4162504008,11.854,79.384706352933,9.839770893598654
HUN,Hungary,2004,Europe & Central Asia,High income,46.651,58.474,26568.118861864,11.822999999999993,79.78075725963677,10.187467236919806
HUN,Hungary,2005,Europe & Central Asia,High income,46.814,58.584,27765.7886146197,11.770000000000003,79.90919022258637,10.231559916464121
HUN,Hungary,2015,Europe & Central Asia,High income,49.901,63.315,31485.5675425634,13.413999999999994,78.81386717207613,10.357284546568334
HUN,Hungary,2016,Europe & Central Asia,High income,50.839,64.553,32378.9674983075,13.713999999999999,78.75544126531688,10.38526433970369
HUN,Hungary,2007,Europe & Central Asia,High income,46.789,58.576,29044.0669021254,11.786999999999999,79.87742420103797,10.276569503972398
HUN,Hungary,2008,Europe & Central Asia,High income,46.639,58.463,29384.0070385818,11.823999999999998,79.77524246104373,10.28820582703738
HUN,Hungary,2009,Europe & Central Asia,High income,45.846,58.048,27445.959458479,12.202000000000005,78.97946527012127,10.2199742396908
HUN,Hungary,2010,Europe & Central Asia,High income,46.638,58.057,27801.833816111,11.419000000000004,80.33139845324422,10.23285726211147
HUN,Hungary,2011,Europe & Central Asia,High income,46.838,58.342,28415.1173442897,11.503999999999998,80.28178670597511,10.254676583382723
HUN,Hungary,1997,Europe & Central Asia,High income,45.177,57.224,19635.2949600537,12.046999999999997,78.94764434503007,9.88508398905633
HUN,Hungary,1998,Europe & Central Asia,High income,45.182,57.189,20438.3829550506,12.006999999999998,79.00470370176083,9.925169929400008
HUN,Hungary,1999,Europe & Central Asia,High income,45.282,57.278,21128.8884639402,11.996000000000002,79.0565313034673,9.958396504585645
HUN,Hungary,2000,Europe & Central Asia,High income,45.552,57.51,22117.9204303193,11.957999999999998,79.20709441836202,10.00414343812089
HUN,Hungary,2001,Europe & Central Asia,High income,45.883,57.828,23069.2114730987,11.945,79.34391644186208,10.046254170830677
HUN,Hungary,2002,Europe & Central Asia,High income,46.188,58.098,24229.2953575981,11.909999999999997,79.50015491066819,10.095317731984402
HUN,Hungary,2018,Europe & Central Asia,High income,51.527,65.869,35798.0412754022,14.341999999999999,78.22647983118007,10.48564845791439
HUN,Hungary,1990,Europe & Central Asia,High income,46.119,57.605,21297.0006406829,11.485999999999997,80.06075861470359,9.966321526790741
HUN,Hungary,2019,Europe & Central Asia,High income,51.339,66.422,37662.67681014,15.082999999999998,77.29216223540394,10.536424878021364
HUN,Hungary,2020,Europe & Central Asia,High income,51.34,66.351,36119.5211735652,15.010999999999996,77.3763771457853,10.49458875089724
HUN,Hungary,2021,Europe & Central Asia,High income,52.211,66.787,38887.1909527154,14.576000000000008,78.17539341488612,10.568420193960309
HUN,Hungary,2022,Europe & Central Asia,High income,53.057,67.405,40610.9711368238,14.347999999999999,78.71374527112232,10.611793534130534
HUN,Hungary,2023,Europe & Central Asia,High income,53.995,67.945,40333.2546888118,13.949999999999996,79.46868790933844,10.604931586044698
HUN,Hungary,2012,Europe & Central Asia,High income,47.455,58.987,28179.656464434,11.532000000000004,80.44992964551511,10.246355594620166
HUN,Hungary,2013,Europe & Central Asia,High income,47.736,60.056,28891.0217544976,12.32,79.48581324097509,10.271286159899526
HUN,Hungary,2014,Europe & Central Asia,High income,48.884,61.919,30264.9492302161,13.034999999999997,78.94830342867294,10.31774553081624
HUN,Hungary,2006,Europe & Central Asia,High income,46.929,58.634,28903.0475407078,11.704999999999998,80.037179793294,10.271702319776496
HUN,Hungary,1994,Europe & Central Asia,High income,45.337,57.357,18672.707236547,12.019999999999996,79.04353435500462,9.83481823065923
HUN,Hungary,2017,Europe & Central Asia,High income,51.062,65.429,33828.714942571,14.367000000000004,78.0418468874658,10.429065275317866
HUN,Hungary,1996,Europe & Central Asia,High income,45.202,57.272,19029.1137284914,12.07,78.92512920798994,9.85372538687206
HUN,Hungary,1993,Europe & Central Asia,High income,45.383,57.425,18113.3369069655,12.041999999999994,79.03003918154114,9.804403791605115
HUN,Hungary,1995,Europe & Central Asia,High income,45.271,57.299,18977.2437047366,12.027999999999999,79.00835965723661,9.850995840582318
HUN,Hungary,2024,Europe & Central Asia,High income,54.398,67.595,40747.1986679668,13.196999999999996,80.476366595162375,10.615142371961635
ISL,Iceland,2021,Europe & Central Asia,High income,69.148,77.476,62720.7916832797,8.328000000000003,89.25086478393308,11.046448277445897
ISL,Iceland,1990,Europe & Central Asia,High income,66.204,79.181,43099.5786392572,12.977000000000004,83.61096727750343,10.67126849969271
ISL,Iceland,1991,Europe & Central Asia,High income,66.217,79.305,42507.6461691026,13.088000000000008,83.49662694659857,10.657439248591908
ISL,Iceland,1999,Europe & Central Asia,High income,71.222,81.367,48539.3433136469,10.14500000000001,87.53180036132584,10.790129950422017
ISL,Iceland,2022,Europe & Central Asia,High income,70.57,78.185,66581.2441801002,7.615000000000009,90.26028010487944,11.106178197949012
ISL,Iceland,2011,Europe & Central Asia,High income,70.047,78.329,57837.8604599413,8.281999999999996,89.42664913378188,10.965398865483559
ISL,Iceland,2002,Europe & Central Asia,High income,71.743,81.754,51287.593729948,10.01100000000001,87.75472759742642,10.845204164288582
ISL,Iceland,1992,Europe & Central Asia,High income,67.076,79.474,40560.5700738208,12.39800000000001,84.39992953670381,10.61055169324077
ISL,Iceland,2000,Europe & Central Asia,High income,73.471,82.299,50227.8408745363,8.828000000000003,89.2732596993888,10.82432475104093
ISL,Iceland,2001,Europe & Central Asia,High income,72.559,83.055,51468.3282267824,10.49600000000001,87.36259105412076,10.84872191158272
ISL,Iceland,2006,Europe & Central Asia,High income,71.725,81.94,60434.3837931128,10.215000000000003,87.53356114229925,11.009313490049184
ISL,Iceland,2007,Europe & Central Asia,High income,71.322,82.781,64075.3098188208,11.459000000000003,86.15745158913278,11.067814386473346
ISL,Iceland,2008,Europe & Central Asia,High income,70.66,81.982,63963.7601392225,11.322000000000003,86.18965138688979,11.066071954138316
ISL,Iceland,2009,Europe & Central Asia,High income,70.221,79.361,58441.2719673968,9.14,88.48300802661257,10.97577763098364
ISL,Iceland,2010,Europe & Central Asia,High income,70.49,78.864,57225.1024282006,8.37400000000001,89.38172043010752,10.954747934739665
ISL,Iceland,2023,Europe & Central Asia,High income,70.368,78.93,69268.1221404224,8.562000000000012,89.1524135309768,11.145740081372768
ISL,Iceland,2024,Europe & Central Asia,High income,70.252,79.832,68230.356652817,9.579999999999998,87.99979957911614,11.130644857009893
ISL,Iceland,2012,Europe & Central Asia,High income,70.615,77.951,58203.6379459536,7.3359999999999985,90.58895973111314,10.97170313942844
ISL,Iceland,2013,Europe & Central Asia,High income,71.064,78.74,59729.5439775397,7.676000000000002,90.251460502921,10.997582050966582
ISL,Iceland,2014,Europe & Central Asia,High income,71.89,80.054,60199.1994872756,8.164000000000001,89.80188372848326,11.005414333654938
ISL,Iceland,2015,Europe & Central Asia,High income,72.787,80.561,61820.3618857662,7.774000000000001,90.35016943682427,11.031988069531254
ISL,Iceland,2016,Europe & Central Asia,High income,72.997,81.789,64759.2275423229,8.792000000000002,89.25038819401142,11.0784314797143
ISL,Iceland,2017,Europe & Central Asia,High income,72.592,81.078,65462.5033306299,8.486000000000004,89.53353560768642,11.089232789466182
ISL,Iceland,2018,Europe & Central Asia,High income,71.596,80.18,66703.0219398003,8.584000000000003,89.29408830132203,11.108005537321192
ISL,Iceland,2019,Europe & Central Asia,High income,71.457,79.732,65994.9860038103,8.275000000000006,89.62148196458133,11.097334048483486
ISL,Iceland,2020,Europe & Central Asia,High income,69.309,77.591,60617.143268851,8.281999999999996,89.32608163317911,11.01233302427621
ISL,Iceland,1994,Europe & Central Asia,High income,67.872,78.527,41781.8302657718,10.655000000000001,86.43141849300241,10.640216841373926
ISL,Iceland,1995,Europe & Central Asia,High income,70.126,81.267,41604.2381180421,11.140999999999991,86.290868372156,10.635957318897711
ISL,Iceland,1996,Europe & Central Asia,High income,68.708,80.118,43241.3554367229,11.409999999999997,85.75850620335007,10.674552618087072
ISL,Iceland,1997,Europe & Central Asia,High income,67.634,79.478,44664.5306286878,11.843999999999994,85.0977629029417,10.706934967375647
ISL,Iceland,1998,Europe & Central Asia,High income,69.391,80.681,47286.6358663221,11.289999999999992,86.0066186586681,10.763982994734071
ISL,Iceland,2004,Europe & Central Asia,High income,70.445,82.223,55576.6099806516,11.778000000000006,85.67554090704547,10.925517707925188
ISL,Iceland,2005,Europe & Central Asia,High income,70.907,80.543,58549.1358862183,9.63600000000001,88.03620426356107,10.977621610355355
ISL,Iceland,2003,Europe & Central Asia,High income,72.064,82.45,52095.6402740564,10.38600000000001,87.40327471194662,10.860836544279564
ISL,Iceland,1993,Europe & Central Asia,High income,67.389,78.485,40677.5881237507,11.096000000000004,85.86226667516085,10.613432559411489
IND,India,1995,South Asia,Lower middle income,31.331,83.927,2469.3516292637,52.596000000000004,37.3312521596149,7.811710896889515
IND,India,1996,South Asia,Lower middle income,31.934,84.005,2603.24632974171,52.071,38.014403904529495,7.864514533533552
IND,India,2003,South Asia,Lower middle income,34.66,83.144,3346.8882902915,48.48400000000001,41.68671221014144,8.115786324583674
IND,India,2013,South Asia,Lower middle income,26.669,78.605,5567.49439418718,51.93600000000001,33.92786718402137,8.624700392249503
IND,India,2001,South Asia,Lower middle income,34.483,83.92,3097.16224022342,49.437000000000005,41.09032411820781,8.038241564853406
IND,India,2002,South Asia,Lower middle income,34.57,83.534,3157.26903770593,48.964000000000006,41.38434649364331,8.05746270434607
IND,India,2006,South Asia,Lower middle income,33.499,81.813,4011.08647585805,48.314,40.94581545720118,8.296817425213051
IND,India,2007,South Asia,Lower middle income,32.179,81.266,4253.82139046739,49.087,39.59712548913445,8.355573008622832
IND,India,2008,South Asia,Lower middle income,30.892,80.724,4322.48378983546,49.83200000000001,38.268668549625886,8.371585467367755
IND,India,2009,South Asia,Lower middle income,29.641,80.193,4595.37990753812,50.552,36.96207898445002,8.43280670983525
IND,India,2010,South Asia,Lower middle income,28.425,79.669,4913.87639723705,51.244,35.67887133012841,8.499818399577364
IND,India,1997,South Asia,Lower middle income,32.542,84.084,2655.92939429507,51.542,38.70177441606013,7.884549926769736
IND,India,1998,South Asia,Lower middle income,33.157,84.16,2766.110488608,51.003,39.397576045627375,7.9251974566937236
IND,India,1999,South Asia,Lower middle income,33.775,84.234,2954.0688560393,50.458999999999996,40.09663556283686,7.990938772243937
IND,India,2000,South Asia,Lower middle income,34.397,84.302,3010.42156148397,49.90500000000001,40.802116201276355,8.009835401585484
IND,India,2015,South Asia,Lower middle income,26.582,78.035,6301.67346968236,51.452999999999996,34.06420196065868,8.748570507214504
IND,India,2016,South Asia,Lower middle income,26.575,77.692,6741.14883185347,51.11699999999999,34.20558101220203,8.815985639211323
IND,India,2004,South Asia,Lower middle income,34.753,82.751,3551.04731213773,47.998000000000005,41.997075564041516,8.174997856463941
IND,India,2005,South Asia,Lower middle income,34.852,82.363,3770.39653173829,47.511,42.315117224967516,8.234935455743377
IND,India,2018,South Asia,Lower middle income,26.568,76.974,7492.62576755145,50.406000000000006,34.515550705433,8.921674584842592
IND,India,2019,South Asia,Lower middle income,26.539,76.613,7702.17634811957,50.074,34.64033519115555,8.949258210518808
IND,India,2020,South Asia,Lower middle income,25.998,75.693,7186.86447099679,49.69499999999999,34.34663707344141,8.880010259769668
IND,India,2021,South Asia,Lower middle income,27.724,75.964,7818.65701757504,48.239999999999995,36.496235058712024,8.964268081907903
IND,India,2022,South Asia,Lower middle income,29.348,76.503,8347.38478647086,47.155,38.361894304798504,9.029703569562734
IND,India,2011,South Asia,Lower middle income,27.583,79.231,5098.67458775444,51.647999999999996,34.81339374739685,8.53673590018249
IND,India,2012,South Asia,Lower middle income,26.764,78.797,5303.50197767655,52.033,33.965760117770984,8.576122631845719
IND,India,2024,South Asia,Lower middle income,32.415,77.594,9416.05137044735,45.178999999999995,41.77513725288038,9.150171104580217
IND,India,2014,South Asia,Lower middle income,26.607,78.354,5905.10618204633,51.747,33.957423998774786,8.683572710188054
IND,India,2017,South Asia,Lower middle income,26.578,77.336,7116.03659185396,50.757999999999996,34.36691838212476,8.870106190966709
IND,India,1990,South Asia,Lower middle income,30.257,84.006,2139.82749174123,53.748999999999995,36.01766540485203,7.668480493430755
IND,India,1991,South Asia,Lower middle income,30.361,83.981,2116.06939249228,53.61999999999999,36.152224908014915,7.6573155866239695
IND,India,1992,South Asia,Lower middle income,30.476,83.944,2185.04046180678,53.468,36.305155818164486,7.689389625347608
IND,India,1993,South Asia,Lower middle income,30.595,83.9,2241.28535932488,53.30500000000001,36.46603098927294,7.714804801403875
IND,India,1994,South Asia,Lower middle income,30.736,83.843,2342.15609263829,53.107,36.65899359517193,7.758827191227171
IND,India,2023,South Asia,Lower middle income,30.984,77.115,8870.55027609345,46.13099999999999,40.178953510990084,9.090492111270386
IDN,Indonesia,1995,East Asia & Pacific,Upper middle income,50.673,83.386,6312.93453561158,32.712999999999994,60.769193869474506,8.750355908539042
IDN,Indonesia,2004,East Asia & Pacific,Upper middle income,47.236,84.377,6843.54654972364,37.141,55.982080424760305,8.831061377662767
IDN,Indonesia,2005,East Asia & Pacific,Upper middle income,46.082,82.96,7140.8545640704,36.87799999999999,55.547251687560276,8.873587735016326
IDN,Indonesia,1994,East Asia & Pacific,Upper middle income,50.671,83.334,5931.23473426762,32.663000000000004,60.804713562291504,8.687987688574967
IDN,Indonesia,2016,East Asia & Pacific,Upper middle income,50.949,81.772,11319.6634287738,30.823000000000008,62.306168370591394,9.33429661887468
IDN,Indonesia,2002,East Asia & Pacific,Upper middle income,48.048,84.198,6381.94955179996,36.14999999999999,57.065488491413106,8.761228902043543
IDN,Indonesia,2003,East Asia & Pacific,Upper middle income,47.846,83.771,6599.09193597034,35.925000000000004,57.115230807797445,8.79468733308973
IDN,Indonesia,1992,East Asia & Pacific,Upper middle income,50.38,82.69,5357.3758979759,32.309999999999995,60.92635143306325,8.586229562912552
IDN,Indonesia,1993,East Asia & Pacific,Upper middle income,49.426,82.253,5609.15178814269,32.827,60.09020947564223,8.63215479067591
IDN,Indonesia,2006,East Asia & Pacific,Upper middle income,46.008,82.633,7434.48785352221,36.62499999999999,55.67751382619536,8.91388497333706
IDN,Indonesia,1996,East Asia & Pacific,Upper middle income,50.674,83.438,6695.40975787395,32.764,60.73251995493659,8.809177459818349
IDN,Indonesia,2008,East Asia & Pacific,Upper middle income,50.387,82.532,8165.06155116624,32.144999999999996,61.0514709446033,9.007619543792103
IDN,Indonesia,2009,East Asia & Pacific,Upper middle income,50.3,81.952,8435.4557468629,31.652,61.3773916438891,9.040199023972509
IDN,Indonesia,2010,East Asia & Pacific,Upper middle income,50.973,82.337,8848.22473702066,31.364000000000004,61.90776928962678,9.08797212319324
IDN,Indonesia,2011,East Asia & Pacific,Upper middle income,50.989,82.974,9274.96955181702,31.985000000000007,61.45178007568636,9.135074604647285
IDN,Indonesia,2012,East Asia & Pacific,Upper middle income,51.49,83.469,9708.61182531081,31.978999999999992,61.68757263175551,9.180768587657385
IDN,Indonesia,2000,East Asia & Pacific,Upper middle income,51.67,84.135,6056.38197842165,32.465,61.41320496820586,8.708867867504278
IDN,Indonesia,2001,East Asia & Pacific,Upper middle income,49.986,84.568,6190.51954040991,34.582,59.10746381610065,8.730774294371379
IDN,Indonesia,2015,East Asia & Pacific,Upper middle income,50.772,82.488,10893.6621142169,31.716,61.55077102123945,9.295936441694023
IDN,Indonesia,1991,East Asia & Pacific,Upper middle income,49.54,82.817,5118.46789591815,33.276999999999994,59.81863627033097,8.54061043417412
IDN,Indonesia,2019,East Asia & Pacific,Upper middle income,53.949,82.6,12757.7850854842,28.650999999999996,65.3135593220339,9.453896959189267
IDN,Indonesia,2020,East Asia & Pacific,Upper middle income,53.203,81.673,12388.5449268131,28.47,65.1414788240912,9.424527528405674
IDN,Indonesia,2017,East Asia & Pacific,Upper middle income,51.943,81.529,11772.5743296107,29.586,63.71107213384195,9.373527895931772
IDN,Indonesia,2007,East Asia & Pacific,Upper middle income,49.839,82.805,7802.46406905954,32.96600000000001,60.188394420626764,8.962194869079482
IDN,Indonesia,2023,East Asia & Pacific,Upper middle income,53.487,82.382,13889.9495012858,28.895000000000003,64.92559054162317,9.538920800125208
IDN,Indonesia,2013,East Asia & Pacific,Upper middle income,50.714,82.919,10121.8141535043,32.205,61.16089195479927,9.22244819095582
IDN,Indonesia,2021,East Asia & Pacific,Upper middle income,52.069,79.741,12757.0746440204,27.671999999999997,65.29765114558384,9.453841270741709
IDN,Indonesia,2022,East Asia & Pacific,Upper middle income,52.562,81.549,13334.2653947637,28.98700000000001,64.4544997486174,9.498092346592028
IDN,Indonesia,1997,East Asia & Pacific,Upper middle income,49.829,83.205,6897.00236563331,33.376,59.88702602007091,8.838842156425768
IDN,Indonesia,2018,East Asia & Pacific,Upper middle income,53.131,82.251,12262.2310300771,29.120000000000005,64.5961751224909,9.414279169286644
IDN,Indonesia,2014,East Asia & Pacific,Upper middle income,50.64,82.719,10504.3869411088,32.07899999999999,61.21930874406123,9.259548252804986
IDN,Indonesia,1990,East Asia & Pacific,Upper middle income,50.49,82.706,4873.05380133263,32.216,61.0475660774309,8.491476083482873
IDN,Indonesia,2024,East Asia & Pacific,Upper middle income,53.588,82.336,14470.7179806578,28.747999999999998,65.08453167508745,9.579882436961107
IDN,Indonesia,1998,East Asia & Pacific,Upper middle income,51.093,83.091,5897.68530859207,31.99799999999999,61.49041412427339,8.682315232338343
IDN,Indonesia,1999,East Asia & Pacific,Upper middle income,51.171,83.583,5855.65800744994,32.412,61.221779548472774,8.675163653568625
IRN,"Iran, Islamic Rep.",1996,"Middle East, North Africa, Afghanistan & Pakistan",Upper middle income,10.591,75.725,11010.0094976248,65.134,13.986134037636184,9.306560092352575
IRN,"Iran, Islamic Rep.",2008,"Middle East, North Africa, Afghanistan & Pakistan",Upper middle income,14.763,68.63,15091.2506521463,53.867,21.511001019962116,9.621870427860134
IRN,"Iran, Islamic Rep.",2009,"Middle East, North Africa, Afghanistan & Pakistan",Upper middle income,15.692,69.298,15055.1494647199,53.606,22.6442321567722,9.619475368778868
IRN,"Iran, Islamic Rep.",2021,"Middle East, North Africa, Afghanistan & Pakistan",Upper middle income,13.086,68.214,15884.4276775963,55.128,19.18374527223151,9.673094516945097
IRN,"Iran, Islamic Rep.",2000,"Middle East, North Africa, Afghanistan & Pakistan",Upper middle income,13.691,73.599,11643.1218077696,59.908,18.60215492058316,9.362470881870944
IRN,"Iran, Islamic Rep.",2019,"Middle East, North Africa, Afghanistan & Pakistan",Upper middle income,16.812,70.431,14841.0751514998,53.619,23.870170805469186,9.60515396365901
IRN,"Iran, Islamic Rep.",2020,"Middle East, North Africa, Afghanistan & Pakistan",Upper middle income,13.723,68.192,15381.5845437266,54.468999999999994,20.12406147348663,9.6409262640029
IRN,"Iran, Islamic Rep.",1999,"Middle East, North Africa, Afghanistan & Pakistan",Upper middle income,12.853,74.068,11163.6950736445,61.214999999999996,17.35297294378139,9.320422280922797
IRN,"Iran, Islamic Rep.",2004,"Middle East, North Africa, Afghanistan & Pakistan",Upper middle income,17.555,72.548,13807.1953114023,54.993,24.197772509235264,9.53294513464085
IRN,"Iran, Islamic Rep.",1997,"Middle East, North Africa, Afghanistan & Pakistan",Upper middle income,11.304,75.166,11025.7202371524,63.861999999999995,15.03871431232206,9.307986025814161
IRN,"Iran, Islamic Rep.",2006,"Middle East, North Africa, Afghanistan & Pakistan",Upper middle income,18.042,71.37,14320.6568534545,53.328,25.279529213955442,9.5694583091173
IRN,"Iran, Islamic Rep.",2007,"Middle East, North Africa, Afghanistan & Pakistan",Upper middle income,17.005,70.648,15237.4237850549,53.643,24.070037368361454,9.631509771975862
IRN,"Iran, Islamic Rep.",1992,"Middle East, North Africa, Afghanistan & Pakistan",Upper middle income,9.907,80.723,10727.4183671547,70.816,12.27283426037189,9.280558207156437
IRN,"Iran, Islamic Rep.",1993,"Middle East, North Africa, Afghanistan & Pakistan",Upper middle income,10.048,79.63,10531.9952777275,69.582,12.618359914605048,9.262173072242334
IRN,"Iran, Islamic Rep.",2022,"Middle East, North Africa, Afghanistan & Pakistan",Upper middle income,13.469,66.919,16377.9610645368,53.449999999999996,20.12731810098776,9.703691872524633
IRN,"Iran, Islamic Rep.",1998,"Middle East, North Africa, Afghanistan & Pakistan",Upper middle income,12.058,74.598,11101.507869196,62.54,16.16397222445642,9.314836222146166
IRN,"Iran, Islamic Rep.",2011,"Middle East, North Africa, Afghanistan & Pakistan",Upper middle income,13.595,66.703,15947.766097961,53.108000000000004,20.381392141283,9.677074041849986
IRN,"Iran, Islamic Rep.",2012,"Middle East, North Africa, Afghanistan & Pakistan",Upper middle income,14.89,67.75,15159.2948206531,52.86,21.977859778597786,9.626369142326416
IRN,"Iran, Islamic Rep.",2013,"Middle East, North Africa, Afghanistan & Pakistan",Upper middle income,13.344,68.039,14734.740588719,54.695,19.61228119166948,9.597963289907831
IRN,"Iran, Islamic Rep.",2014,"Middle East, North Africa, Afghanistan & Pakistan",Upper middle income,12.994,67.874,15262.8515760903,54.879999999999995,19.144296785219673,9.633177153442123
IRN,"Iran, Islamic Rep.",2015,"Middle East, North Africa, Afghanistan & Pakistan",Upper middle income,14.362,68.628,14841.9048340737,54.266,20.927318295739347,9.605209866575397
IRN,"Iran, Islamic Rep.",2016,"Middle East, North Africa, Afghanistan & Pakistan",Upper middle income,16.174,69.296,15920.3718021202,53.12200000000001,23.340452551373815,9.6753548135302
IRN,"Iran, Islamic Rep.",2005,"Middle East, North Africa, Afghanistan & Pakistan",Upper middle income,18.684,72.515,13935.7743087596,53.831,25.765703647521203,9.542214504124722
IRN,"Iran, Islamic Rep.",2018,"Middle East, North Africa, Afghanistan & Pakistan",Upper middle income,17.341,70.615,15364.8049052614,53.273999999999994,24.55710543085747,9.639834777136846
IRN,"Iran, Islamic Rep.",1991,"Middle East, North Africa, Afghanistan & Pakistan",Upper middle income,9.769,81.711,10592.3319257222,71.942,11.955550660253822,9.267885615084028
IRN,"Iran, Islamic Rep.",2024,"Middle East, North Africa, Afghanistan & Pakistan",Upper middle income,14.144,67.69,17484.1320140467,53.546,20.895257792879303,9.769049006517884
IRN,"Iran, Islamic Rep.",2003,"Middle East, North Africa, Afghanistan & Pakistan",Upper middle income,16.486,72.637,13519.4501926929,56.150999999999996,22.696421933725237,9.511884682549123
IRN,"Iran, Islamic Rep.",1994,"Middle East, North Africa, Afghanistan & Pakistan",Upper middle income,10.208,78.416,10333.4330005595,68.208,13.017751479289942,9.243139839968094
IRN,"Iran, Islamic Rep.",2010,"Middle East, North Africa, Afghanistan & Pakistan",Upper middle income,15.14,68.452,15729.9131707266,53.312,22.117688307134927,9.66331947605785
IRN,"Iran, Islamic Rep.",2002,"Middle East, North Africa, Afghanistan & Pakistan",Upper middle income,15.5,72.869,12583.044990424,57.369,21.27104804512207,9.440105551078224
IRN,"Iran, Islamic Rep.",2023,"Middle East, North Africa, Afghanistan & Pakistan",Upper middle income,14.128,68.182,17044.8173442641,54.054,20.72101141063624,9.74360146842565
IRN,"Iran, Islamic Rep.",2017,"Middle East, North Africa, Afghanistan & Pakistan",Upper middle income,17.358,70.274,16167.9677224227,52.916,24.700458206449046,9.690787262694942
IRN,"Iran, Islamic Rep.",2001,"Middle East, North Africa, Afghanistan & Pakistan",Upper middle income,14.578,73.213,11739.0090911282,58.63499999999999,19.911764304153635,9.370672685316267
IRN,"Iran, Islamic Rep.",1995,"Middle East, North Africa, Afghanistan & Pakistan",Upper middle income,10.395,77.109,10465.0259592685,66.714,13.480916624518539,9.25579411545691
IRN,"Iran, Islamic Rep.",1990,"Middle East, North Africa, Afghanistan & Pakistan",Upper middle income,9.57,82.524,9656.00116894359,72.95400000000001,11.596626435945907,9.175334883836141
IRQ,Iraq,2018,"Middle East, North Africa, Afghanistan & Pakistan",Upper middle income,11.446,71.925,14456.2357053191,60.479,15.913799096280847,9.57888113715568
IRQ,Iraq,1992,"Middle East, North Africa, Afghanistan & Pakistan",Upper middle income,8.666,79.216,4916.26440292597,70.55,10.939709149666735,8.500304253398676
IRQ,Iraq,2017,"Middle East, North Africa, Afghanistan & Pakistan",Upper middle income,11.334,73.416,14417.6306896454,62.081999999999994,15.438051650866297,9.576207090102232
IRQ,Iraq,1991,"Middle East, North Africa, Afghanistan & Pakistan",Upper middle income,8.552,79.584,3819.16194826651,71.03200000000001,10.745878568556492,8.247786292261605
IRQ,Iraq,2014,"Middle East, North Africa, Afghanistan & Pakistan",Upper middle income,13.722,73.218,13536.8227681399,59.496,18.74129312464148,9.513168863697029
IRQ,Iraq,2019,"Middle East, North Africa, Afghanistan & Pakistan",Upper middle income,11.582,70.247,14910.225032382,58.665,16.48753683431321,9.609802500359981
IRQ,Iraq,2012,"Middle East, North Africa, Afghanistan & Pakistan",Upper middle income,11.883,71.321,13357.0143882323,59.438,16.661291905609847,9.499796948181908
IRQ,Iraq,2013,"Middle East, North Africa, Afghanistan & Pakistan",Upper middle income,12.777,72.289,13712.931714296,59.512,17.674888295591305,9.526094587354699
IRQ,Iraq,2004,"Middle East, North Africa, Afghanistan & Pakistan",Upper middle income,11.131,74.286,10210.5631004936,63.155,14.983980830842958,9.231178061498197
IRQ,Iraq,2005,"Middle East, North Africa, Afghanistan & Pakistan",Upper middle income,11.504,73.762,10078.4437646814,62.258,15.59610639624739,9.218154141281776
IRQ,Iraq,1993,"Middle East, North Africa, Afghanistan & Pakistan",Upper middle income,8.693,79.037,6105.04166284904,70.34400000000001,10.998646203676758,8.716870210903016
IRQ,Iraq,1994,"Middle East, North Africa, Afghanistan & Pakistan",Upper middle income,8.714,78.875,6044.87104810181,70.161,11.047860538827258,8.70696543082828
IRQ,Iraq,1995,"Middle East, North Africa, Afghanistan & Pakistan",Upper middle income,8.754,78.66,5969.66964096052,69.90599999999999,11.128909229595727,8.694446868333
IRQ,Iraq,2010,"Middle East, North Africa, Afghanistan & Pakistan",Upper middle income,12.048,71.912,11816.8410150233,59.864000000000004,16.75381021248192,9.377280997628167
IRQ,Iraq,2011,"Middle East, North Africa, Afghanistan & Pakistan",Upper middle income,11.965,71.615,12267.5848940645,59.64999999999999,16.70739370243664,9.414715688181769
IRQ,Iraq,1997,"Middle East, North Africa, Afghanistan & Pakistan",Upper middle income,8.85,78.167,7545.72976100631,69.31700000000001,11.321913339388743,8.928737087665425
IRQ,Iraq,1998,"Middle East, North Africa, Afghanistan & Pakistan",Upper middle income,9.146,77.612,9871.73398030775,68.466,11.784260165953722,9.197430798892686
IRQ,Iraq,1999,"Middle East, North Africa, Afghanistan & Pakistan",Upper middle income,9.451,77.05,11237.8537439925,67.59899999999999,12.266060999351073,9.327043157171412
IRQ,Iraq,2015,"Middle East, North Africa, Afghanistan & Pakistan",Upper middle income,14.178,72.895,13516.0271989173,58.717,19.449893682694288,9.511631460181764
IRQ,Iraq,2016,"Middle East, North Africa, Afghanistan & Pakistan",Upper middle income,14.65,72.586,15016.0920644557,57.936,20.182955390846722,9.6168777093381
IRQ,Iraq,2003,"Middle East, North Africa, Afghanistan & Pakistan",Upper middle income,10.77,74.81,6849.3320080035,64.04,14.396471060018712,8.831906409421391
IRQ,Iraq,2021,"Middle East, North Africa, Afghanistan & Pakistan",Upper middle income,10.902,69.095,12731.7535755128,58.193,15.778276286272522,9.451854433479586
IRQ,Iraq,2022,"Middle East, North Africa, Afghanistan & Pakistan",Upper middle income,11.183,72.411,13433.3977166956,61.228,15.443786165085417,9.505499252061304
IRQ,Iraq,2023,"Middle East, North Africa, Afghanistan & Pakistan",Upper middle income,10.913,72.924,13202.3228073856,62.01100000000001,14.964894959135538,9.488148063349998
IRQ,Iraq,2024,"Middle East, North Africa, Afghanistan & Pakistan",Upper middle income,11.003,72.62,12725.0431260364,61.617000000000004,15.151473423299366,9.451327230492462
IRQ,Iraq,2007,"Middle East, North Africa, Afghanistan & Pakistan",Upper middle income,12.29,72.735,10853.8161022286,60.445,16.896954698563277,9.292272011622678
IRQ,Iraq,2008,"Middle East, North Africa, Afghanistan & Pakistan",Upper middle income,12.215,72.496,11511.9387643638,60.28099999999999,16.84920547340543,9.351139929265686
IRQ,Iraq,1996,"Middle East, North Africa, Afghanistan & Pakistan",Upper middle income,8.78,78.481,6419.36981876252,69.701,11.187421159261477,8.76707523279483
IRQ,Iraq,2001,"Middle East, North Africa, Afghanistan & Pakistan",Upper middle income,10.089,75.923,12529.6084050976,65.834,13.288463311512979,9.435849794815756
IRQ,Iraq,2020,"Middle East, North Africa, Afghanistan & Pakistan",Upper middle income,10.885,70.472,12827.6345392293,59.586999999999996,15.445850834373937,9.459357071104856
IRQ,Iraq,1990,"Middle East, North Africa, Afghanistan & Pakistan",Upper middle income,8.512,79.665,10735.09411029,71.153,10.68474235862675,9.28127347695261
IRQ,Iraq,2000,"Middle East, North Africa, Afghanistan & Pakistan",Upper middle income,9.765,76.487,12702.1641950892,66.722,12.766875416737486,9.44952766699085
IRQ,Iraq,2009,"Middle East, North Africa, Afghanistan & Pakistan",Upper middle income,12.132,72.212,11470.5178061728,60.080000000000005,16.800531767573254,9.34753535349614
IRQ,Iraq,2006,"Middle East, North Africa, Afghanistan & Pakistan",Upper middle income,11.89,73.246,10568.9137652953,61.355999999999995,16.232968353220656,9.265672307764715
IRQ,Iraq,2002,"Middle East, North Africa, Afghanistan & Pakistan",Upper middle income,10.423,75.357,11144.0505255902,64.934,13.831495415157185,9.318661049332189
IRL,Ireland,1999,Europe & Central Asia,High income,50.811,77.059,49634.5026736477,26.247999999999998,65.93778792872995,10.812441489302984
IRL,Ireland,1994,Europe & Central Asia,High income,45.28,77.876,33035.2362632759,32.596000000000004,58.143715650521344,10.405330036346264
IRL,Ireland,1995,Europe & Central Asia,High income,46.304,77.684,36032.7774732501,31.379999999999995,59.605581586941966,10.492184288565923
IRL,Ireland,1996,Europe & Central Asia,High income,48.15,78.228,38386.9116734053,30.077999999999996,61.55085135757018,10.555471838637633
IRL,Ireland,1991,Europe & Central Asia,High income,42.454,80.011,29901.8063008033,37.556999999999995,53.06020422191949,10.305674168952187
IRL,Ireland,2000,Europe & Central Asia,High income,51.936,77.159,53582.8313532284,25.223000000000006,67.31035912855272,10.888983985174407
IRL,Ireland,1993,Europe & Central Asia,High income,44.307,77.809,31360.6490651216,33.501999999999995,56.943284195915645,10.353309171479802
IRL,Ireland,1990,Europe & Central Asia,High income,41.721,79.929,29504.8772657821,38.208000000000006,52.19757534812145,10.292310859705701
IRL,Ireland,2019,Europe & Central Asia,High income,56.207,68.64,96205.7961557005,12.433,81.88665501165501,11.474244885937532
IRL,Ireland,2020,Europe & Central Asia,High income,55.055,67.347,101793.447525871,12.291999999999994,81.74825901673424,11.53070101487639
IRL,Ireland,1997,Europe & Central Asia,High income,48.341,76.933,42192.5848112478,28.592000000000006,62.835194259940465,10.649999769211073
IRL,Ireland,2018,Europe & Central Asia,High income,55.999,68.511,93115.8393498329,12.511999999999993,81.73723927544484,11.441599581445507
IRL,Ireland,2011,Europe & Central Asia,High income,54.93,69.162,59797.0537343463,14.232000000000006,79.42222607790404,10.998711670068566
IRL,Ireland,2012,Europe & Central Asia,High income,54.719,68.708,59303.0319813561,13.988999999999997,79.63992548174885,10.990415713212576
IRL,Ireland,2013,Europe & Central Asia,High income,55.227,68.83,60285.2376140094,13.603000000000002,80.23681534214731,11.006842537054954
IRL,Ireland,2001,Europe & Central Asia,High income,52.425,76.851,55534.5698068816,24.426000000000002,68.21641878440097,10.92476098522894
IRL,Ireland,2002,Europe & Central Asia,High income,53.12,76.068,57828.0116338414,22.948,69.83225535047589,10.965228567608388
IRL,Ireland,2003,Europe & Central Asia,High income,53.229,75.706,58608.3353816693,22.477000000000004,70.31014714817849,10.978632207457677
IRL,Ireland,1992,Europe & Central Asia,High income,42.888,78.051,30691.3955973094,35.163000000000004,54.948687396702155,10.331737620587997
IRL,Ireland,2017,Europe & Central Asia,High income,55.589,68.49,87731.7897045734,12.900999999999996,81.16367352898234,11.38203959505767
IRL,Ireland,2005,Europe & Central Asia,High income,54.982,76.542,63579.7134384122,21.560000000000002,71.83245799691672,11.060049727351966
IRL,Ireland,2006,Europe & Central Asia,High income,55.735,76.561,64975.4086496251,20.826000000000008,72.79816094356134,11.081764148826197
IRL,Ireland,2007,Europe & Central Asia,High income,56.969,76.38,66475.8410142999,19.410999999999994,74.58627913066248,11.104593867619004
IRL,Ireland,2021,Europe & Central Asia,High income,57.851,69.449,116702.85817485,11.597999999999999,83.29997552160579,11.66738630961869
IRL,Ireland,2022,Europe & Central Asia,High income,59.114,69.966,123007.47648651,10.851999999999997,84.48960923877313,11.720000416950425
IRL,Ireland,2023,Europe & Central Asia,High income,60.155,72.43,117659.728593716,12.275000000000006,83.05260251277095,11.67555208171611
IRL,Ireland,2024,Europe & Central Asia,High income,59.838,70.374,118833.312071751,10.535999999999994,85.02856168471311,11.685477051249016
IRL,Ireland,2015,Europe & Central Asia,High income,54.809,69.024,80815.6415277345,14.215000000000003,79.40571395456652,11.299925809038406
IRL,Ireland,2004,Europe & Central Asia,High income,53.323,75.678,61452.8660388324,22.354999999999997,70.46037157430165,11.026025754082841
IRL,Ireland,2009,Europe & Central Asia,High income,56.102,72.261,58446.726333492,16.159,77.63800667026473,10.975870957350391
IRL,Ireland,2014,Europe & Central Asia,High income,54.884,68.792,65463.1952541564,13.908000000000001,79.78253285265728,11.089243359179141
IRL,Ireland,1998,Europe & Central Asia,High income,49.775,77.332,45415.0455160312,27.556999999999995,64.36533388506699,10.723598728160434
IRL,Ireland,2008,Europe & Central Asia,High income,56.827,75.213,62213.6453256462,18.385999999999996,75.55475782112136,11.038329632893209
IRL,Ireland,2016,Europe & Central Asia,High income,55.533,68.958,80760.0974145688,13.424999999999997,80.53162794744627,11.299238278649037
IRL,Ireland,2010,Europe & Central Asia,High income,55.247,70.169,59107.4220740498,14.921999999999997,78.73419886274566,10.987111780518354
ISR,Israel,1995,"Middle East, North Africa, Afghanistan & Pakistan",High income,51.665,73.167,29477.45829469,21.502000000000002,70.61243456749628,10.291381124631407
ISR,Israel,2003,"Middle East, North Africa, Afghanistan & Pakistan",High income,54.174,67.957,31771.2115906733,13.782999999999994,79.71805700663656,10.366315862849683
ISR,Israel,1994,"Middle East, North Africa, Afghanistan & Pakistan",High income,50.697,73.304,28399.3981907056,22.607,69.15993670195351,10.254123233456664
ISR,Israel,1999,"Middle East, North Africa, Afghanistan & Pakistan",High income,52.465,69.555,31466.1683689237,17.090000000000003,75.42951621019337,10.35666822760674
ISR,Israel,2001,"Middle East, North Africa, Afghanistan & Pakistan",High income,53.73,69.369,32591.2116817431,15.639000000000003,77.4553474895126,10.391797950696866
ISR,Israel,1993,"Middle East, North Africa, Afghanistan & Pakistan",High income,49.079,73.277,27129.2193762452,24.198,66.9773598809995,10.208366631786939
ISR,Israel,1990,"Middle East, North Africa, Afghanistan & Pakistan",High income,46.277,71.857,25340.9813271336,25.58,64.4015196849298,10.140178179531501
ISR,Israel,1991,"Middle East, North Africa, Afghanistan & Pakistan",High income,46.685,71.905,25704.7207371288,25.22,64.92594395382797,10.154429940284658
ISR,Israel,2004,"Middle East, North Africa, Afghanistan & Pakistan",High income,54.666,68.44,32665.8537052438,13.774000000000001,79.87434248977206,10.394085582100754
ISR,Israel,2002,"Middle East, North Africa, Afghanistan & Pakistan",High income,53.29,68.244,31892.5395978816,14.954,78.08745091143544,10.37012739301649
ISR,Israel,2008,"Middle East, North Africa, Afghanistan & Pakistan",High income,56.196,69.77,36795.4799112424,13.573999999999998,80.5446466962878,10.513130288114137
ISR,Israel,2009,"Middle East, North Africa, Afghanistan & Pakistan",High income,57.132,68.908,36364.7843182661,11.776000000000003,82.9105473965287,10.501356121545784
ISR,Israel,2010,"Middle East, North Africa, Afghanistan & Pakistan",High income,57.466,69.337,37686.3420833543,11.871000000000002,82.87927080779382,10.537053028841108
ISR,Israel,1996,"Middle East, North Africa, Afghanistan & Pakistan",High income,51.462,71.995,30392.8973069758,20.533,71.479963886381,10.321964218878051
ISR,Israel,1997,"Middle East, North Africa, Afghanistan & Pakistan",High income,51.403,71.209,30713.159801923,19.806000000000004,72.18610007162015,10.332446499770771
ISR,Israel,1998,"Middle East, North Africa, Afghanistan & Pakistan",High income,51.32,70.097,31250.1071698272,18.776999999999994,73.21283364480648,10.349778084593137
ISR,Israel,2014,"Middle East, North Africa, Afghanistan & Pakistan",High income,60.146,71.347,40795.6290927281,11.200999999999993,84.30067136670078,10.616330224573222
ISR,Israel,2000,"Middle East, North Africa, Afghanistan & Pakistan",High income,53.469,69.686,33278.5412285682,16.217000000000006,76.72846769795942,10.412668060698243
ISR,Israel,2015,"Middle East, North Africa, Afghanistan & Pakistan",High income,60.114,71.234,40889.5989080834,11.119999999999997,84.38947693517142,10.618631004263952
ISR,Israel,2016,"Middle East, North Africa, Afghanistan & Pakistan",High income,60.412,71.091,41914.5802977706,10.678999999999995,84.97840795600005,10.643389023846844
ISR,Israel,2017,"Middle East, North Africa, Afghanistan & Pakistan",High income,60.283,70.924,42895.585129847,10.641000000000005,84.99661609610285,10.66652418889426
ISR,Israel,2018,"Middle East, North Africa, Afghanistan & Pakistan",High income,60.857,70.197,43782.6526491689,9.340000000000003,86.69458808781002,10.686992959674605
ISR,Israel,1992,"Middle East, North Africa, Afghanistan & Pakistan",High income,47.962,71.566,26758.4290726582,23.604,67.017857641897,10.194604808208767
ISR,Israel,2021,"Middle East, North Africa, Afghanistan & Pakistan",High income,59.696,67.073,46151.100820403,7.376999999999995,89.00153564027255,10.739676092743007
ISR,Israel,2022,"Middle East, North Africa, Afghanistan & Pakistan",High income,61.109,68.493,48132.3637205177,7.383999999999993,89.21933628253983,10.78171007225928
ISR,Israel,2023,"Middle East, North Africa, Afghanistan & Pakistan",High income,61.338,68.896,47671.2476926086,7.558,89.02984208081747,10.772083721395443
ISR,Israel,2011,"Middle East, North Africa, Afghanistan & Pakistan",High income,57.126,69.236,39036.0247356871,12.110000000000007,82.50909931249637,10.572240209924617
ISR,Israel,2012,"Middle East, North Africa, Afghanistan & Pakistan",High income,59.333,71.472,39245.5078117687,12.138999999999996,83.0157264383255,10.577592266005004
ISR,Israel,2013,"Middle East, North Africa, Afghanistan & Pakistan",High income,59.183,71.319,40095.4756773092,12.136000000000003,82.98349668391312,10.599018780927064
ISR,Israel,2006,"Middle East, North Africa, Afghanistan & Pakistan",High income,55.654,69.141,34744.8675092298,13.487000000000002,80.49348432912454,10.455787142508456
ISR,Israel,2007,"Middle East, North Africa, Afghanistan & Pakistan",High income,56.162,69.732,36288.0655118571,13.57,80.53978087535134,10.499244192416953
ISR,Israel,2019,"Middle East, North Africa, Afghanistan & Pakistan",High income,60.618,69.548,44492.1226967084,8.93,87.15994708690401,10.70306743443329
ISR,Israel,2005,"Middle East, North Africa, Afghanistan & Pakistan",High income,55.28,68.671,33491.9913996395,13.391000000000005,80.49977428608874,10.419061626535788
ISR,Israel,2020,"Middle East, North Africa, Afghanistan & Pakistan",High income,59.403,67.56,42926.5415418584,8.157000000000004,87.92628774422735,10.667245597569492
ISR,Israel,2024,"Middle East, North Africa, Afghanistan & Pakistan",High income,62.196,68.898,47388.7236682364,6.701999999999998,90.27257685273882,10.766139582086527
ITA,Italy,1994,Europe & Central Asia,High income,33.099,62.577,44136.7059141923,29.478,52.89323553382233,10.695047048892523
ITA,Italy,2010,Europe & Central Asia,High income,37.881,58.972,49301.6959141674,21.091,64.2355694227769,10.805713759320811
ITA,Italy,1993,Europe & Central Asia,High income,33.328,63.836,43216.1096444751,30.507999999999996,52.208785011592205,10.673968613156054
ITA,Italy,2000,Europe & Central Asia,High income,35.396,61.301,50353.4200415436,25.905,57.74130927717329,10.826821821193285
ITA,Italy,2004,Europe & Central Asia,High income,38.128,61.796,51495.0028841364,23.668,61.69978639394136,10.849240050567987
ITA,Italy,2011,Europe & Central Asia,High income,38.069,58.539,49473.0149235634,20.47,65.03185910247869,10.8091826468475
ITA,Italy,2012,Europe & Central Asia,High income,39.368,59.053,47795.9579360541,19.684999999999995,66.66553773728685,10.774696352896743
ITA,Italy,2007,Europe & Central Asia,High income,37.675,60.387,52747.1905476807,22.712000000000003,62.38925596568797,10.873265790160355
ITA,Italy,2008,Europe & Central Asia,High income,38.396,60.328,51806.3906176391,21.932000000000002,63.64540511868453,10.855268791634893
ITA,Italy,1995,Europe & Central Asia,High income,33.142,61.757,45410.1391731091,28.614999999999995,53.665171559499335,10.723490688899217
ITA,Italy,2006,Europe & Central Asia,High income,37.888,60.779,52304.2402949819,22.891000000000005,62.33732045607857,10.86483272315239
ITA,Italy,1997,Europe & Central Asia,High income,33.984,61.713,46869.4256086419,27.729,55.06781391278985,10.755120835852154
ITA,Italy,1998,Europe & Central Asia,High income,34.477,61.753,47701.3974191265,27.276000000000003,55.83048596829303,10.772715972445772
ITA,Italy,1999,Europe & Central Asia,High income,35.158,61.511,48493.6651210308,26.353,57.15725642567996,10.789188452333333
ITA,Italy,1996,Europe & Central Asia,High income,33.789,61.874,46008.2389303796,28.085,54.60936742411998,10.736575766615621
ITA,Italy,2002,Europe & Central Asia,High income,36.326,61.177,51369.1149098293,24.851,59.37852460892166,10.846792393603504
ITA,Italy,2003,Europe & Central Asia,High income,36.803,61.444,51126.2585544038,24.641000000000005,59.89681661350171,10.842053510243156
ITA,Italy,2015,Europe & Central Asia,High income,39.391,58.591,47311.8255262709,19.200000000000003,67.23046201635063,10.764515554358685
ITA,Italy,2005,Europe & Central Asia,High income,37.755,60.998,51585.6445807938,23.242999999999995,61.895471982687965,10.850998706964672
ITA,Italy,2017,Europe & Central Asia,High income,40.578,59.074,48849.2183534756,18.495999999999995,68.69011747977115,10.796493656390519
ITA,Italy,2018,Europe & Central Asia,High income,40.777,59.076,49355.8751913504,18.299,69.02464621843049,10.806812089272023
ITA,Italy,2019,Europe & Central Asia,High income,40.908,58.856,49690.6298505274,17.948,69.50523311132255,10.813571660115295
ITA,Italy,2009,Europe & Central Asia,High income,37.951,59.489,48774.3916833748,21.537999999999997,63.79498730857806,10.794960693519632
ITA,Italy,2020,Europe & Central Asia,High income,39.501,57.512,45505.0688708956,18.011000000000003,68.68305744888022,10.72557900249005
ITA,Italy,2021,Europe & Central Asia,High income,39.884,57.556,49825.3934111848,17.671999999999997,69.29598999235527,10.816280040909026
ITA,Italy,2022,Europe & Central Asia,High income,40.517,58.092,52333.3274270604,17.574999999999996,69.74626454589273,10.86538868280361
ITA,Italy,2013,Europe & Central Asia,High income,39.323,58.431,46833.3615309303,19.107999999999997,67.2981807602129,10.754351081171567
ITA,Italy,2001,Europe & Central Asia,High income,35.863,60.929,51332.2904432567,25.066000000000003,58.860312823121994,10.846075276480828
ITA,Italy,1990,Europe & Central Asia,High income,34.955,66.432,42656.7445101659,31.477000000000004,52.617714354527934,10.660940676646588
ITA,Italy,1991,Europe & Central Asia,High income,35.484,66.389,43283.0204441901,30.904999999999994,53.4486134751239,10.675515699536975
ITA,Italy,2014,Europe & Central Asia,High income,39.746,58.454,46825.6511245062,18.708,67.99534676839909,10.754186432704262
ITA,Italy,2016,Europe & Central Asia,High income,40.069,58.958,47987.8379581014,18.888999999999996,67.96193900742902,10.77870288191205
ITA,Italy,2024,Europe & Central Asia,High income,41.03,58.664,53284.8745049149,17.634,69.94067912177826,10.883407789485068
ITA,Italy,1992,Europe & Central Asia,High income,33.868,64.36,43614.4850883758,30.491999999999997,52.62274704785581,10.683144600959633
ITA,Italy,2023,Europe & Central Asia,High income,41.312,58.816,52842.6288831758,17.504000000000005,70.23939064200216,10.875073509162041
JAM,Jamaica,1992,Latin America & Caribbean,Upper middle income,63.033,78.582,9315.8581885588,15.548999999999992,80.2130258837902,9.1394734085353
JAM,Jamaica,1991,Latin America & Caribbean,Upper middle income,63.441,78.865,9227.87613770652,15.423999999999992,80.44252837126736,9.129984196761702
JAM,Jamaica,2015,Latin America & Caribbean,Upper middle income,58.524,72.697,9931.89875715182,14.173000000000002,80.50400979407678,9.203506952974795
JAM,Jamaica,2016,Latin America & Caribbean,Upper middle income,57.654,72.427,10179.2536486158,14.773000000000003,79.60291051679621,9.228106971956667
JAM,Jamaica,1997,Latin America & Caribbean,Upper middle income,60.544,76.794,9939.66172862006,16.25,78.83949266869807,9.204288267745591
JAM,Jamaica,2014,Latin America & Caribbean,Upper middle income,54.469,70.898,9872.15913752129,16.428999999999995,76.8272729837231,9.197473866104513
JAM,Jamaica,2003,Latin America & Caribbean,Upper middle income,56.534,74.622,10169.7500243245,18.088,75.76049958457291,9.22717290902808
JAM,Jamaica,2004,Latin America & Caribbean,Upper middle income,56.565,74.5,10244.2066702878,17.935000000000002,75.9261744966443,9.234467621880434
JAM,Jamaica,1993,Latin America & Caribbean,Upper middle income,62.628,78.264,10088.232357755,15.635999999999996,80.02146580803435,9.219124910463856
JAM,Jamaica,2006,Latin America & Caribbean,Upper middle income,56.177,74.031,10522.2367459591,17.854000000000006,75.88307600869906,9.261246082128782
JAM,Jamaica,2007,Latin America & Caribbean,Upper middle income,55.937,73.726,10622.4442829007,17.789,75.87147003770718,9.27072442677876
JAM,Jamaica,2008,Latin America & Caribbean,Upper middle income,55.689,73.398,10490.4686134498,17.708999999999996,75.87263958145999,9.258222372790064
JAM,Jamaica,2009,Latin America & Caribbean,Upper middle income,53.753,70.901,9992.97699539021,17.147999999999996,75.81416341095331,9.20963782478671
JAM,Jamaica,2010,Latin America & Caribbean,Upper middle income,52.347,68.927,9805.90172806302,16.580000000000005,75.9455655983867,9.190739700547972
JAM,Jamaica,1998,Latin America & Caribbean,Upper middle income,59.928,76.404,9624.92935948127,16.476,78.43568399560232,9.17211181985438
JAM,Jamaica,1999,Latin America & Caribbean,Upper middle income,58.984,75.874,9650.43726482499,16.889999999999993,77.73941007459737,9.174758505723553
JAM,Jamaica,2000,Latin America & Caribbean,Upper middle income,58.147,75.574,9667.92474492316,17.427,76.94048217640987,9.176568957858775
JAM,Jamaica,2001,Latin America & Caribbean,Upper middle income,57.325,75.281,9736.06291757526,17.956000000000003,76.14803203995696,9.183592097010417
JAM,Jamaica,2002,Latin America & Caribbean,Upper middle income,56.932,74.955,9869.71291927176,18.022999999999996,75.9549062770996,9.197226045811178
JAM,Jamaica,2017,Latin America & Caribbean,Upper middle income,58.604,72.974,10391.0378224678,14.370000000000005,80.30805492367143,9.248698965771707
JAM,Jamaica,2018,Latin America & Caribbean,Upper middle income,58.309,72.894,10636.0929784551,14.585000000000008,79.99149449886134,9.272008494187723
JAM,Jamaica,2005,Latin America & Caribbean,Upper middle income,56.394,74.294,10278.6834382546,17.9,75.90653350203247,9.237827460598771
JAM,Jamaica,2020,Latin America & Caribbean,Upper middle income,57.579,72.332,9891.96932961548,14.752999999999993,79.60377149809213,9.199478528112389
JAM,Jamaica,2021,Latin America & Caribbean,Upper middle income,58.395,73.242,10430.6909771759,14.847000000000001,79.7288441058409,9.252507794810603
JAM,Jamaica,2022,Latin America & Caribbean,Upper middle income,60.803,74.744,11096.6377085321,13.941000000000003,81.34833565236005,9.314397432272933
JAM,Jamaica,2023,Latin America & Caribbean,Upper middle income,63.047,76.117,11398.8120394641,13.070000000000007,82.82906578031188,9.3412644218881
JAM,Jamaica,2024,Latin America & Caribbean,Upper middle income,62.913,76.208,11340.2638800451,13.295000000000002,82.55432500524878,9.336114846856251
JAM,Jamaica,2011,Latin America & Caribbean,Upper middle income,52.646,69.273,9932.48380946963,16.626999999999995,75.99786352547169,9.203565857631512
JAM,Jamaica,2012,Latin America & Caribbean,Upper middle income,53.024,68.705,9829.03510015044,15.680999999999997,77.17633360017466,9.193096049640774
JAM,Jamaica,2013,Latin America & Caribbean,Upper middle income,53.938,70.016,9839.96506606095,16.078000000000003,77.0366773308958,9.19420743984294
JAM,Jamaica,1995,Latin America & Caribbean,Upper middle income,61.673,77.561,10257.8065381959,15.888000000000005,79.51547813978675,9.235794308168709
JAM,Jamaica,2019,Latin America & Caribbean,Upper middle income,59.835,74.337,10816.3720391154,14.502000000000002,80.49154526009927,9.288816194798741
JAM,Jamaica,1990,Latin America & Caribbean,Upper middle income,63.881,79.131,8879.65295231625,15.25,80.72815963402459,9.091517753276129
JAM,Jamaica,1994,Latin America & Caribbean,Upper middle income,62.174,77.921,10123.2339381488,15.747000000000007,79.79107044314112,9.222588450898932
JAM,Jamaica,1996,Latin America & Caribbean,Upper middle income,61.131,77.188,10147.4641121652,16.057000000000002,79.19754365963621,9.22497911208844
JPN,Japan,2017,East Asia & Pacific,High income,51.031,70.437,45693.3776080987,19.406,72.44913894686032,10.729708656274562
JPN,Japan,1999,East Asia & Pacific,High income,49.522,76.797,38647.2705275615,27.275,64.48428975090172,10.562231431277636
JPN,Japan,1996,East Asia & Pacific,High income,49.968,77.614,39221.765120663,27.646,64.38013760404051,10.576987104363901
JPN,Japan,1997,East Asia & Pacific,High income,50.318,77.636,39661.7312762235,27.317999999999998,64.81271575042507,10.588142054076735
JPN,Japan,2018,East Asia & Pacific,High income,52.368,71.084,46133.0225978718,18.716,73.67058691125992,10.739284297879648
JPN,Japan,2003,East Asia & Pacific,High income,48.157,74.016,40152.1282635641,25.85900000000001,65.06295936013834,10.600430725779859
JPN,Japan,2004,East Asia & Pacific,High income,48.163,73.316,40986.7225710497,25.153000000000006,65.69234546347317,10.621003453508541
JPN,Japan,2005,East Asia & Pacific,High income,48.284,73.201,41740.352036905,24.916999999999994,65.96084752940534,10.639223614637432
JPN,Japan,2006,East Asia & Pacific,High income,48.401,73.107,42358.9337348253,24.705999999999996,66.20569849672398,10.653934627888273
JPN,Japan,2007,East Asia & Pacific,High income,48.388,73.077,43041.5697058021,24.689,66.215088194644,10.669921665030335
JPN,Japan,2008,East Asia & Pacific,High income,48.36,72.628,42518.8423408417,24.268,66.5858897394944,10.657702605858567
JPN,Japan,2019,East Asia & Pacific,High income,53.24,71.317,46055.3498672487,18.07699999999999,74.65260737271619,10.737599210120193
JPN,Japan,2020,East Asia & Pacific,High income,53.09,71.352,44212.5503415724,18.262,74.40576297791233,10.69676397214068
JPN,Japan,1998,East Asia & Pacific,High income,50.064,77.205,38852.9526557943,27.141,64.8455410918982,10.567539354343978
JPN,Japan,2009,East Asia & Pacific,High income,48.438,71.96,39999.9464203408,23.52199999999999,67.3123957754308,10.596633393603696
JPN,Japan,2010,East Asia & Pacific,High income,48.34,71.491,41647.0458542008,23.150999999999996,67.61690282692928,10.636985717209159
JPN,Japan,2011,East Asia & Pacific,High income,48.09,71.085,41640.6608721251,22.99499999999999,67.65140324963073,10.63683239369146
JPN,Japan,2012,East Asia & Pacific,High income,48.028,70.665,42394.9433175064,22.637000000000008,67.9657539092903,10.65478437272828
JPN,Japan,2013,East Asia & Pacific,High income,48.739,70.395,43304.1181931426,21.656,69.23645145251794,10.67600301785473
JPN,Japan,2014,East Asia & Pacific,High income,49.176,70.341,43754.438013293,21.164999999999992,69.91086279694632,10.68634832694488
JPN,Japan,2015,East Asia & Pacific,High income,49.41,70.209,44589.3032854003,20.799000000000007,70.37559287270861,10.705249272592528
JPN,Japan,2016,East Asia & Pacific,High income,50.208,70.364,44926.6202909525,20.156000000000006,71.35467000170541,10.712785777577949
JPN,Japan,1992,East Asia & Pacific,High income,50.667,77.894,37402.9442395168,27.227000000000004,65.046088273808,10.529504703285864
JPN,Japan,1993,East Asia & Pacific,High income,50.265,77.949,37088.8020049844,27.683999999999997,64.48447061540237,10.521070370285107
JPN,Japan,1994,East Asia & Pacific,High income,50.111,77.704,37352.6868581318,27.592999999999996,64.489601564913,10.52816012527298
JPN,Japan,1995,East Asia & Pacific,High income,49.914,77.524,38137.9346304016,27.61,64.3852226407306,10.548964725365142
JPN,Japan,2001,East Asia & Pacific,High income,49.051,75.565,39748.9837725849,26.513999999999996,64.91232713557864,10.590339554286114
JPN,Japan,2023,East Asia & Pacific,High income,54.847,71.461,47387.2172542523,16.613999999999997,76.75095506639987,10.766107793133138
JPN,Japan,2024,East Asia & Pacific,High income,55.596,71.495,47479.8448545667,15.899000000000008,77.76208126442408,10.768060581122787
JPN,Japan,2000,East Asia & Pacific,High income,49.19,76.328,39731.7953686304,27.138000000000005,64.44555078084058,10.589907037030793
JPN,Japan,1991,East Asia & Pacific,High income,50.627,77.534,37226.3339021829,26.907000000000004,65.29651507725643,10.524771690414111
JPN,Japan,2002,East Asia & Pacific,High income,48.457,74.646,39690.3676794625,26.189,64.91573560539078,10.588863809515066
JPN,Japan,2021,East Asia & Pacific,High income,53.46,71.18,45999.4617966896,17.720000000000006,75.10536667603259,10.73638497533082
JPN,Japan,1990,East Asia & Pacific,High income,50.062,77.309,36137.8442587458,27.247,64.75572055000065,10.49509591263677
JPN,Japan,2022,East Asia & Pacific,High income,54.173,71.354,46819.360613609,17.180999999999997,75.92146200633462,10.754052084685293
JOR,Jordan,2018,"Middle East, North Africa, Afghanistan & Pakistan",Upper middle income,14.649,61.478,10183.0248366235,46.829,23.82803604541462,9.228477381196827
JOR,Jordan,2012,"Middle East, North Africa, Afghanistan & Pakistan",Upper middle income,13.864,60.275,12104.1217423938,46.411,23.00124429697221,9.401301313447501
JOR,Jordan,1993,"Middle East, North Africa, Afghanistan & Pakistan",Upper middle income,11.44,63.574,8334.81403079152,52.134,17.994777739327397,9.028196483093332
JOR,Jordan,2017,"Middle East, North Africa, Afghanistan & Pakistan",Upper middle income,16.612,61.623,10220.492781193,45.010999999999996,26.957467179462213,9.232150079933144
JOR,Jordan,2000,"Middle East, North Africa, Afghanistan & Pakistan",Upper middle income,11.845,63.657,8781.60904744228,51.812,18.607537270056714,9.080414932645223
JOR,Jordan,2013,"Middle East, North Africa, Afghanistan & Pakistan",Upper middle income,12.946,59.239,11804.1225335126,46.293,21.85384628369824,9.376204116686061
JOR,Jordan,2016,"Middle East, North Africa, Afghanistan & Pakistan",Upper middle income,15.051,60.504,10197.5044990617,45.452999999999996,24.876041253470845,9.229898312384233
JOR,Jordan,1990,"Middle East, North Africa, Afghanistan & Pakistan",Upper middle income,11.201,65.302,8241.80478655254,54.101000000000006,17.1526140087593,9.016974626414738
JOR,Jordan,1991,"Middle East, North Africa, Afghanistan & Pakistan",Upper middle income,11.142,64.638,7747.14378568886,53.49600000000001,17.23753829016987,8.95507951063636
JOR,Jordan,1992,"Middle East, North Africa, Afghanistan & Pakistan",Upper middle income,11.406,63.844,8402.68031410694,52.438,17.865421966042227,9.03630601894734
JOR,Jordan,2009,"Middle East, North Africa, Afghanistan & Pakistan",Upper middle income,14.589,63.447,11888.6617212582,48.858000000000004,22.993994987942692,9.38334042836755
JOR,Jordan,2010,"Middle East, North Africa, Afghanistan & Pakistan",Upper middle income,14.464,62.48,11942.572010796,48.016,23.149807938540334,9.38786477503836
JOR,Jordan,2011,"Middle East, North Africa, Afghanistan & Pakistan",Upper middle income,14.424,61.62,11988.4963110815,47.196,23.40798442064265,9.391702828237019
JOR,Jordan,1995,"Middle East, North Africa, Afghanistan & Pakistan",Upper middle income,11.572,63.164,8501.61905829876,51.592,18.32056234563992,9.048011901786795
JOR,Jordan,1996,"Middle East, North Africa, Afghanistan & Pakistan",Upper middle income,11.569,63.272,8395.63208718512,51.702999999999996,18.284549247692507,9.035466859969098
JOR,Jordan,2014,"Middle East, North Africa, Afghanistan & Pakistan",Upper middle income,12.283,58.199,11086.6905487513,45.916,21.10517362841286,9.313500618203184
JOR,Jordan,2015,"Middle East, North Africa, Afghanistan & Pakistan",Upper middle income,13.599,59.314,10469.6306302225,45.715,22.927133560373605,9.256234024371448
JOR,Jordan,1999,"Middle East, North Africa, Afghanistan & Pakistan",Upper middle income,11.739,63.614,8600.36943915146,51.875,18.45348508190021,9.059560439359796
JOR,Jordan,2001,"Middle East, North Africa, Afghanistan & Pakistan",Upper middle income,11.289,63.199,9056.19447281902,51.91,17.86262440861406,9.111204274684455
JOR,Jordan,2002,"Middle East, North Africa, Afghanistan & Pakistan",Upper middle income,11.892,62.068,9380.11324124271,50.176,19.159631372043563,9.146347114554551
JOR,Jordan,2020,"Middle East, North Africa, Afghanistan & Pakistan",Upper middle income,14.975,62.815,9872.3094512325,47.839999999999996,23.83984717026188,9.197489092010496
JOR,Jordan,2021,"Middle East, North Africa, Afghanistan & Pakistan",Upper middle income,13.964,61.381,10056.5611261239,47.417,22.749710822567245,9.215980548844966
JOR,Jordan,2022,"Middle East, North Africa, Afghanistan & Pakistan",Upper middle income,13.922,61.285,10158.4738771524,47.363,22.716814881292326,9.226063500908287
JOR,Jordan,2023,"Middle East, North Africa, Afghanistan & Pakistan",Upper middle income,15.933,62.524,10308.7821986337,46.591,25.483014522423385,9.240751451570231
JOR,Jordan,2024,"Middle East, North Africa, Afghanistan & Pakistan",Upper middle income,16.008,62.313,10468.265334284,46.30500000000001,25.689663473111544,9.256103610509161
JOR,Jordan,1994,"Middle East, North Africa, Afghanistan & Pakistan",Upper middle income,11.488,63.353,8339.88427710177,51.865,18.133316496456363,9.028804619609256
JOR,Jordan,2008,"Middle East, North Africa, Afghanistan & Pakistan",Upper middle income,13.939,62.825,11555.728825835,48.886,22.18702745722244,9.354936595218287
JOR,Jordan,2004,"Middle East, North Africa, Afghanistan & Pakistan",Upper middle income,11.116,61.953,10127.8527547101,50.837,17.942633932174388,9.223044605841277
JOR,Jordan,1997,"Middle East, North Africa, Afghanistan & Pakistan",Upper middle income,11.61,63.375,8443.48146361982,51.765,18.319526627218934,9.041149998226597
JOR,Jordan,1998,"Middle East, North Africa, Afghanistan & Pakistan",Upper middle income,11.663,63.509,8499.07689804781,51.846000000000004,18.36432631595522,9.047712836351307
JOR,Jordan,2003,"Middle East, North Africa, Afghanistan & Pakistan",Upper middle income,10.852,61.238,9556.48163712053,50.385999999999996,17.72102289428133,9.164974908716035
JOR,Jordan,2019,"Middle East, North Africa, Afghanistan & Pakistan",Upper middle income,13.685,62.561,10168.3588523537,48.876,21.874650341266925,9.227036104570852
JOR,Jordan,2006,"Middle East, North Africa, Afghanistan & Pakistan",Upper middle income,11.579,61.398,10834.8737267915,49.819,18.858920486009318,9.290525259707024
JOR,Jordan,2007,"Middle East, North Africa, Afghanistan & Pakistan",Upper middle income,14.367,62.94,11034.2922176813,48.57299999999999,22.82650142993327,9.308763176867714
JOR,Jordan,2005,"Middle East, North Africa, Afghanistan & Pakistan",Upper middle income,11.382,62.648,10684.9424228538,51.266000000000005,18.16817775507598,9.276590779142921
KAZ,Kazakhstan,1993,Europe & Central Asia,Upper middle income,65.814,76.861,12795.8746425372,11.047000000000011,85.62730123209428,9.456878104408199
KAZ,Kazakhstan,2020,Europe & Central Asia,Upper middle income,63.607,75.389,32011.5491499004,11.781999999999996,84.37172531801723,10.373852027603565
KAZ,Kazakhstan,1997,Europe & Central Asia,Upper middle income,66.588,77.518,11298.5805497095,10.930000000000007,85.90004902087256,9.332432381740242
KAZ,Kazakhstan,2019,Europe & Central Asia,Upper middle income,64.661,76.155,33298.2123695035,11.494,84.9070973672116,10.41325899193008
KAZ,Kazakhstan,1992,Europe & Central Asia,Upper middle income,65.371,76.447,14045.1035780375,11.076000000000008,85.51153086452051,9.550029114237923
KAZ,Kazakhstan,2015,Europe & Central Asia,Upper middle income,65.46,76.114,30893.7594851041,10.65400000000001,86.0025750847413,10.33830948407862
KAZ,Kazakhstan,2016,Europe & Central Asia,Upper middle income,65.205,76.189,30758.3227260598,10.983999999999995,85.58322067490059,10.333915894371502
KAZ,Kazakhstan,1994,Europe & Central Asia,Upper middle income,66.528,77.456,11334.9831283773,10.927999999999997,85.89134476347863,9.33564907448682
KAZ,Kazakhstan,1995,Europe & Central Asia,Upper middle income,66.993,77.817,10600.3302270095,10.823999999999998,86.0904429623347,9.268640433106361
KAZ,Kazakhstan,2008,Europe & Central Asia,Upper middle income,66.716,76.151,24895.6645683245,9.435000000000002,87.61014300534464,10.122448953571338
KAZ,Kazakhstan,2009,Europe & Central Asia,Upper middle income,66.47,76.21,24901.3527260084,9.739999999999995,87.2195249967196,10.122677407322895
KAZ,Kazakhstan,2010,Europe & Central Asia,Upper middle income,66.333,76.162,26374.8407672795,9.829000000000008,87.09461411202436,10.180165833500599
KAZ,Kazakhstan,1998,Europe & Central Asia,Upper middle income,66.567,77.507,11364.0307809315,10.940000000000012,85.88514585779347,9.338208451605706
KAZ,Kazakhstan,1999,Europe & Central Asia,Upper middle income,66.336,77.326,11815.7732115429,10.989999999999995,85.78744536119804,9.377190630691112
KAZ,Kazakhstan,2000,Europe & Central Asia,Upper middle income,65.834,76.9,12935.864368308,11.066000000000003,85.60988296488947,9.467758916377301
KAZ,Kazakhstan,2001,Europe & Central Asia,Upper middle income,65.29,76.376,14612.0290050498,11.085999999999999,85.48496910024092,9.58960037292893
KAZ,Kazakhstan,1990,Europe & Central Asia,Upper middle income,64.779,75.758,16837.690749004,10.979,85.50780115631352,9.731375149474285
KAZ,Kazakhstan,1991,Europe & Central Asia,Upper middle income,65.143,76.211,14877.5273541269,11.067999999999998,85.47716208946215,9.607607122141205
KAZ,Kazakhstan,2003,Europe & Central Asia,Upper middle income,65.085,75.727,17344.752672995,10.64200000000001,85.94688816406301,9.761045300034096
KAZ,Kazakhstan,2004,Europe & Central Asia,Upper middle income,64.826,75.668,18886.5811908122,10.842000000000013,85.67161812126656,9.846206958981423
KAZ,Kazakhstan,2017,Europe & Central Asia,Upper middle income,65.018,76.184,31524.4416339794,11.165999999999997,85.34337918723092,10.358518448827871
KAZ,Kazakhstan,2018,Europe & Central Asia,Upper middle income,64.818,76.159,32330.2274546567,11.341000000000008,85.10878556703737,10.383757906100135
KAZ,Kazakhstan,2007,Europe & Central Asia,Upper middle income,65.859,75.584,24351.3464102542,9.725000000000009,87.13352032176121,10.10034242103769
KAZ,Kazakhstan,2024,Europe & Central Asia,Upper middle income,65.291,76.388,35973.9633287017,11.097000000000008,85.47284913860815,10.490550714904
KAZ,Kazakhstan,2021,Europe & Central Asia,Upper middle income,64.068,75.179,32945.8515725823,11.111000000000004,85.22060681839343,10.402620631324142
KAZ,Kazakhstan,2022,Europe & Central Asia,Upper middle income,64.743,76.185,33506.2614893237,11.442000000000007,84.98129553061625,10.419487610476702
KAZ,Kazakhstan,2023,Europe & Central Asia,Upper middle income,65.029,76.294,34703.2349286604,11.265,85.23474978373136,10.454588187199523
KAZ,Kazakhstan,2014,Europe & Central Asia,Upper middle income,65.71,76.043,30986.4379168995,10.333000000000013,86.41163552200727,10.341304901190492
KAZ,Kazakhstan,2011,Europe & Central Asia,Upper middle income,66.207,76.102,27946.1603432944,9.89500000000001,86.99771359491207,10.238035093235556
KAZ,Kazakhstan,2012,Europe & Central Asia,Upper middle income,66.037,76.092,28881.2417563728,10.054999999999993,86.78573305998003,10.270947589186735
KAZ,Kazakhstan,2002,Europe & Central Asia,Upper middle income,64.993,76.036,15960.8738450013,11.043000000000006,85.47661633962859,9.677895621698017
KAZ,Kazakhstan,2013,Europe & Central Asia,Upper middle income,65.892,76.048,30177.4887221736,10.156000000000006,86.64527666736797,10.314851518858822
KAZ,Kazakhstan,2005,Europe & Central Asia,Upper middle income,64.626,75.003,20565.5294470866,10.376999999999995,86.16455341786329,9.93137162538961
KAZ,Kazakhstan,2006,Europe & Central Asia,Upper middle income,65.019,75.035,22574.3429577665,10.015999999999991,86.6515626041181,10.02456927300079
KAZ,Kazakhstan,1996,Europe & Central Asia,Upper middle income,66.838,77.705,10857.4353898737,10.867000000000004,86.01505694614245,9.292605413654334
KEN,Kenya,1996,Sub-Saharan Africa,Lower middle income,70.169,75.119,3941.40919481353,4.950000000000003,93.41045541074827,8.279293602003836
KEN,Kenya,1997,Sub-Saharan Africa,Lower middle income,70.248,74.893,3853.37139280354,4.644999999999996,93.79781822066148,8.256703730534621
KEN,Kenya,2011,Sub-Saharan Africa,Lower middle income,71.114,76.577,4307.10611556858,5.462999999999994,92.86600415268292,8.368021522681547
KEN,Kenya,1999,Sub-Saharan Africa,Lower middle income,70.418,74.418,3848.46470612727,4,94.62495632777016,8.255429570119606
KEN,Kenya,2024,Sub-Saharan Africa,Lower middle income,63.012,71.94,5841.59866001706,8.927999999999997,87.58965804837365,8.672759781515058
KEN,Kenya,2001,Sub-Saharan Africa,Lower middle income,70.531,74.784,3778.25854755615,4.253,94.31295464270433,8.237018480753276
KEN,Kenya,1990,Sub-Saharan Africa,Lower middle income,69.733,76.392,4177.48603310346,6.658999999999992,91.28311865116767,8.337464917101533
KEN,Kenya,1991,Sub-Saharan Africa,Lower middle income,69.795,76.208,4102.47677512965,6.412999999999997,91.58487297921478,8.319346161797618
KEN,Kenya,2000,Sub-Saharan Africa,Lower middle income,70.474,74.601,3756.63622296879,4.126999999999995,94.46790257503251,8.231279214420397
KEN,Kenya,1995,Sub-Saharan Africa,Lower middle income,70.092,75.34,3890.0985511465,5.248000000000005,93.03424475710113,8.26618977077654
KEN,Kenya,1994,Sub-Saharan Africa,Lower middle income,70.012,75.573,3833.22357838589,5.560999999999993,92.6415518769931,8.251461393547917
KEN,Kenya,2021,Sub-Saharan Africa,Lower middle income,62.668,72.376,5338.85243382781,9.708000000000006,86.5867138277882,8.582766008827674
KEN,Kenya,2022,Sub-Saharan Africa,Lower middle income,62.832,72.295,5491.69378280246,9.463000000000001,86.91057472854278,8.610992008378261
KEN,Kenya,2023,Sub-Saharan Africa,Lower middle income,62.946,72.098,5691.82513474417,9.152000000000001,87.30616660656328,8.646786237505259
KEN,Kenya,2008,Sub-Saharan Africa,Lower middle income,70.936,76.045,4002.88364073792,5.108999999999995,93.28160957327898,8.294770290555581
KEN,Kenya,2012,Sub-Saharan Africa,Lower middle income,71.175,76.754,4387.93790075409,5.579000000000008,92.73132344894076,8.386614669233468
KEN,Kenya,2013,Sub-Saharan Africa,Lower middle income,71.235,76.93,4443.371215682,5.695000000000007,92.59716625503704,8.399168650128166
KEN,Kenya,2014,Sub-Saharan Africa,Lower middle income,71.295,77.105,4558.55155266374,5.810000000000002,92.46482069904675,8.424760210089833
KEN,Kenya,2015,Sub-Saharan Africa,Lower middle income,71.356,77.28,4679.62182831938,5.924000000000007,92.3343685300207,8.450972579732056
KEN,Kenya,2002,Sub-Saharan Africa,Lower middle income,70.588,74.966,3681.2569427491,4.378,94.16001920870795,8.211009533374105
KEN,Kenya,2003,Sub-Saharan Africa,Lower middle income,70.646,75.147,3674.08592758409,4.501000000000005,94.01040627037672,8.209059653521198
KEN,Kenya,1992,Sub-Saharan Africa,Lower middle income,69.859,76.018,3946.84093437851,6.159000000000006,91.89797153305796,8.280670774465285
KEN,Kenya,1993,Sub-Saharan Africa,Lower middle income,69.932,75.806,3844.92029783599,5.873999999999995,92.25127298630716,8.2545081529436235
KEN,Kenya,2020,Sub-Saharan Africa,Lower middle income,62.167,72.112,5057.40115537429,9.944999999999993,86.20895274018194,8.528608024683692
KEN,Kenya,2005,Sub-Saharan Africa,Lower middle income,70.761,75.507,3844.73557120578,4.746000000000009,93.71449004728038,8.254460107456701
KEN,Kenya,2006,Sub-Saharan Africa,Lower middle income,70.819,75.687,3970.73349887685,4.867999999999995,93.5682481800045,8.286706117037511
KEN,Kenya,2007,Sub-Saharan Africa,Lower middle income,70.877,75.866,4116.45094720856,4.989000000000004,93.42393166899534,8.322746650527208
KEN,Kenya,2018,Sub-Saharan Africa,Lower middle income,65.814,74.487,5017.66784674664,8.673000000000002,88.35635748519876,8.520720532377375
KEN,Kenya,2009,Sub-Saharan Africa,Lower middle income,70.995,76.223,4012.19428382397,5.227999999999994,93.14117785970114,8.297093573588297
KEN,Kenya,1998,Sub-Saharan Africa,Lower middle income,70.327,74.67,3871.82176322447,4.3430000000000035,94.1837417972412,8.261480415111867
KEN,Kenya,2017,Sub-Saharan Africa,Lower middle income,68.685,76.004,4846.86210851932,7.319000000000003,90.37024367138571,8.486086786610356
KEN,Kenya,2004,Sub-Saharan Africa,Lower middle income,70.703,75.327,3743.56785736929,4.623999999999995,93.86143082825548,8.227794408224575
KEN,Kenya,2016,Sub-Saharan Africa,Lower middle income,71.417,77.454,4770.31046388086,6.036999999999992,92.20569628424614,8.47016666853181
KEN,Kenya,2010,Sub-Saharan Africa,Lower middle income,71.055,76.4,4211.52462957784,5.344999999999999,93.00392670157068,8.345580005910666
KEN,Kenya,2019,Sub-Saharan Africa,Lower middle income,62.817,72.904,5171.71264279257,10.086999999999996,86.16399648853287,8.55095917817664
KOR,"Korea, Rep.",1992,East Asia & Pacific,High income,47.199,73.404,16613.4907015983,26.205,64.30031060977603,9.717970337155965
KOR,"Korea, Rep.",2013,East Asia & Pacific,High income,50.805,71.943,42709.9751857887,21.137999999999998,70.61840623827197,10.662187782842338
KOR,"Korea, Rep.",2014,East Asia & Pacific,High income,51.839,72.709,43806.9250985661,20.870000000000005,71.29653825523661,10.687547191140098
KOR,"Korea, Rep.",2012,East Asia & Pacific,High income,50.29,71.469,41537.6728611117,21.178999999999995,70.36617274622564,10.634356074221731
KOR,"Korea, Rep.",1990,East Asia & Pacific,High income,47.207,71.412,14377.8839203268,24.205000000000005,66.10513639164286,9.573446466088415
KOR,"Korea, Rep.",1991,East Asia & Pacific,High income,47.219,72.825,15784.4668669974,25.606,64.83899759697906,9.666781625762063
KOR,"Korea, Rep.",2004,East Asia & Pacific,High income,50.637,72.824,31579.5283048867,22.186999999999998,69.53339558387344,10.360264351184044
KOR,"Korea, Rep.",2002,East Asia & Pacific,High income,50.369,72.676,29395.2766036796,22.307000000000002,69.30623589630689,10.288589280680826
KOR,"Korea, Rep.",2006,East Asia & Pacific,High income,50.833,71.942,34429.6222013137,21.108999999999995,70.65830808151011,10.446672583321849
KOR,"Korea, Rep.",2007,East Asia & Pacific,High income,50.648,71.834,36257.3401689702,21.186,70.5070022551995,10.498397127204878
KOR,"Korea, Rep.",2008,East Asia & Pacific,High income,50.353,71.119,37064.1518484106,20.766,70.80105175832057,10.520405524012617
KOR,"Korea, Rep.",2005,East Asia & Pacific,High income,50.664,72.293,32886.0472450743,21.629000000000005,70.08147400163224,10.400803750904968
KOR,"Korea, Rep.",1997,East Asia & Pacific,High income,49.826,74.008,23311.0420901741,24.181999999999995,67.32515403740138,10.056682436743706
KOR,"Korea, Rep.",1998,East Asia & Pacific,High income,47.124,73.074,22000.3387603516,25.949999999999996,64.48805320633878,9.998813130419702
KOR,"Korea, Rep.",1999,East Asia & Pacific,High income,47.675,72.46,24382.2508517369,24.784999999999997,65.79492133590948,10.101610722470857
KOR,"Korea, Rep.",2000,East Asia & Pacific,High income,49.35,71.948,26404.1588575745,22.597999999999992,68.59120475899262,10.18127680921135
KOR,"Korea, Rep.",2001,East Asia & Pacific,High income,50.001,72.018,27440.6564915847,22.017000000000003,69.42847621427975,10.219781006174067
KOR,"Korea, Rep.",2015,East Asia & Pacific,High income,52.391,72.802,44849.106767089,20.41100000000001,71.96368231641988,10.711058951281682
KOR,"Korea, Rep.",2003,East Asia & Pacific,High income,49.477,72.566,30142.4605585814,23.089000000000006,68.18206873742524,10.313690106492025
KOR,"Korea, Rep.",2017,East Asia & Pacific,High income,53.073,72.81,47536.7898568851,19.737000000000002,72.89245982694685,10.76925921353719
KOR,"Korea, Rep.",2018,East Asia & Pacific,High income,53.224,72.359,48834.4471157733,19.134999999999998,73.55546649345625,10.79619122634259
KOR,"Korea, Rep.",2019,East Asia & Pacific,High income,53.772,72.293,49790.8679884821,18.521000000000008,74.38064542901802,10.815586872472467
KOR,"Korea, Rep.",2020,East Asia & Pacific,High income,53.137,71.503,49374.0926148025,18.366,74.31436443226158,10.807181124612836
KOR,"Korea, Rep.",2021,East Asia & Pacific,High income,53.65,71.554,51718.2518656631,17.904000000000003,74.97833803840456,10.853566032346718
KOR,"Korea, Rep.",2009,East Asia & Pacific,High income,49.575,70.714,37176.1939270969,21.138999999999996,70.10634386401561,10.523423887210669
KOR,"Korea, Rep.",2010,East Asia & Pacific,High income,49.767,70.741,39574.0500732947,20.973999999999997,70.35099871361729,10.58592888125948
KOR,"Korea, Rep.",2011,East Asia & Pacific,High income,49.994,71.139,40719.2273771671,21.144999999999996,70.27650093478964,10.614455677006259
KOR,"Korea, Rep.",2022,East Asia & Pacific,High income,55.03,72.658,53228.6035655365,17.628,75.73839081725343,10.88235119184817
KOR,"Korea, Rep.",2023,East Asia & Pacific,High income,56.038,72.58,54029.3434990785,16.542,77.20859740975476,10.897282576090193
KOR,"Korea, Rep.",2024,East Asia & Pacific,High income,56.826,72.181,55070.9386194121,15.354999999999997,78.72708884609524,10.91637742622626
KOR,"Korea, Rep.",1996,East Asia & Pacific,High income,48.948,74.172,22139.7963785414,25.223999999999997,65.99255783853746,10.005132009225818
KOR,"Korea, Rep.",1993,East Asia & Pacific,High income,47.16,73.466,17595.9036148432,26.305999999999997,64.19296000871151,9.775421404779317
KOR,"Korea, Rep.",2016,East Asia & Pacific,High income,52.568,72.739,46088.2430785383,20.171000000000006,72.26934656786592,10.738313165624536
KOR,"Korea, Rep.",1995,East Asia & Pacific,High income,48.449,74.253,20697.8969808345,25.804000000000002,65.24854214644526,9.937787378963558
KOR,"Korea, Rep.",1994,East Asia & Pacific,High income,47.906,74.147,19052.2990926264,26.241000000000007,64.60949195517013,9.854943060549699
KWT,Kuwait,2024,"Middle East, North Africa, Afghanistan & Pakistan",High income,47.336,88.737,46664.2195116056,41.400999999999996,53.344151819421434,10.750732972511335
KWT,Kuwait,2015,"Middle East, North Africa, Afghanistan & Pakistan",High income,49.648,87.188,57763.5174574395,37.54,56.943616093957885,10.964112669521366
KWT,Kuwait,2010,"Middle East, North Africa, Afghanistan & Pakistan",High income,47.287,83.88,62956.2152904125,36.592999999999996,56.374582737243685,11.05019476836214
KWT,Kuwait,2011,"Middle East, North Africa, Afghanistan & Pakistan",High income,48.147,84.99,64844.5019019408,36.842999999999996,56.65019414048712,11.079747404376176
KWT,Kuwait,2014,"Middle East, North Africa, Afghanistan & Pakistan",High income,49.539,86.935,60065.6544076232,37.396,56.9839535284983,11.003193483086939
KWT,Kuwait,1990,"Middle East, North Africa, Afghanistan & Pakistan",High income,41.395,80.962,38932.9435275146,39.567,51.12892468071442,10.569596048522277
KWT,Kuwait,1991,"Middle East, North Africa, Afghanistan & Pakistan",High income,41.195,80.035,28633.9695922465,38.839999999999996,51.47123133629038,10.262349039973998
KWT,Kuwait,1992,"Middle East, North Africa, Afghanistan & Pakistan",High income,40.678,79.275,43266.9328651676,38.59700000000001,51.3125197098707,10.675143947072817
KWT,Kuwait,1993,"Middle East, North Africa, Afghanistan & Pakistan",High income,41.106,79.585,56684.1863309395,38.47899999999999,51.650436640070374,10.945250550126916
KWT,Kuwait,2008,"Middle East, North Africa, Afghanistan & Pakistan",High income,46.272,82.655,77036.5083833055,36.383,55.98209424717198,11.252034723317534
KWT,Kuwait,2009,"Middle East, North Africa, Afghanistan & Pakistan",High income,46.689,83.175,67896.2680451995,36.486,56.133453561767354,11.125736349520821
KWT,Kuwait,1995,"Middle East, North Africa, Afghanistan & Pakistan",High income,43.109,82.83,64093.5178778949,39.721,52.04515272244357,11.068098512645424
KWT,Kuwait,1996,"Middle East, North Africa, Afghanistan & Pakistan",High income,43.595,82.455,62665.2243536425,38.86,52.87126311321326,11.045561937245749
KWT,Kuwait,2012,"Middle East, North Africa, Afghanistan & Pakistan",High income,48.889,85.996,64908.262639237,37.10699999999999,56.85031861947068,11.080730207982
KWT,Kuwait,2013,"Middle East, North Africa, Afghanistan & Pakistan",High income,49.289,86.561,62458.8089221249,37.272000000000006,56.94134772010489,11.042262561204796
KWT,Kuwait,2000,"Middle East, North Africa, Afghanistan & Pakistan",High income,44.177,79.574,60585.3026788164,35.397,55.516877372005936,11.011807612589703
KWT,Kuwait,2001,"Middle East, North Africa, Afghanistan & Pakistan",High income,44.533,79.572,59099.6653133601,35.039,55.96566631478409,10.986980540321643
KWT,Kuwait,2002,"Middle East, North Africa, Afghanistan & Pakistan",High income,45.016,79.905,59348.6172741565,34.889,56.33690006883173,10.991184101942599
KWT,Kuwait,2018,"Middle East, North Africa, Afghanistan & Pakistan",High income,49.614,87.39,51623.8078622052,37.776,56.773086165465145,10.851738237739177
KWT,Kuwait,2019,"Middle East, North Africa, Afghanistan & Pakistan",High income,49.32,87.115,51380.6455354631,37.794999999999995,56.61481949147679,10.847016834529345
KWT,Kuwait,2020,"Middle East, North Africa, Afghanistan & Pakistan",High income,46.538,82.65,49372.8187938552,36.11200000000001,56.30732002419842,10.807155324900638
KWT,Kuwait,2021,"Middle East, North Africa, Afghanistan & Pakistan",High income,47.507,84.279,50651.9575337091,36.772,56.36872767830658,10.832733157176976
KWT,Kuwait,2022,"Middle East, North Africa, Afghanistan & Pakistan",High income,49.616,88.622,51379.8833194119,39.006,55.98609826002573,10.847001999727311
KWT,Kuwait,2023,"Middle East, North Africa, Afghanistan & Pakistan",High income,48.179,88.832,47790.1933239144,40.65299999999999,54.236086095100866,10.774575736843671
KWT,Kuwait,1999,"Middle East, North Africa, Afghanistan & Pakistan",High income,43.937,79.922,59533.9542752452,35.985,54.97485047921724,10.994302088857326
KWT,Kuwait,2016,"Middle East, North Africa, Afghanistan & Pakistan",High income,49.532,87.303,56936.620842726,37.771,56.73573645808276,10.949694013140642
KWT,Kuwait,1997,"Middle East, North Africa, Afghanistan & Pakistan",High income,43.687,81.459,62151.9518270333,37.772000000000006,53.63066082323622,11.037337501546826
KWT,Kuwait,1998,"Middle East, North Africa, Afghanistan & Pakistan",High income,43.786,80.577,62450.0884424765,36.791,54.340568648621826,11.042122931765315
KWT,Kuwait,2003,"Middle East, North Africa, Afghanistan & Pakistan",High income,45.617,80.525,67984.3145062554,34.90800000000001,56.64948773672772,11.127032288524397
KWT,Kuwait,2004,"Middle East, North Africa, Afghanistan & Pakistan",High income,45.921,81.583,73298.0621819477,35.662,56.28746184866945,11.20228945071693
KWT,Kuwait,2017,"Middle East, North Africa, Afghanistan & Pakistan",High income,49.868,87.516,52285.5871175696,37.648,56.98158051099228,10.864476031147602
KWT,Kuwait,2006,"Middle East, North Africa, Afghanistan & Pakistan",High income,46.028,82.287,79521.3484338455,36.25900000000001,55.93593155662497,11.28378079835275
KWT,Kuwait,1994,"Middle East, North Africa, Afghanistan & Pakistan",High income,42.38,81.491,61753.8489990065,39.111,52.00574296548085,11.030911584515383
KWT,Kuwait,2007,"Middle East, North Africa, Afghanistan & Pakistan",High income,46.049,82.354,79474.7611346377,36.305,55.91592393812079,11.283194780233595
KWT,Kuwait,2005,"Middle East, North Africa, Afghanistan & Pakistan",High income,46.087,82.229,78193.9012127585,36.141999999999996,56.04713665495142,11.266946933885386
KGZ,Kyrgyz Republic,1993,Europe & Central Asia,Lower middle income,55.977,76.508,3973.88323931033,20.531,73.16489778846656,8.287499041530236
KGZ,Kyrgyz Republic,1990,Europe & Central Asia,Lower middle income,47.9,72.159,6095.68108610235,24.259000000000007,66.38118599204533,8.715335780726067
KGZ,Kyrgyz Republic,1991,Europe & Central Asia,Lower middle income,49.559,73.134,5520.42979891313,23.575000000000003,67.76465118822982,8.616210998361987
KGZ,Kyrgyz Republic,2012,Europe & Central Asia,Lower middle income,50.03,73.515,4993.39431683528,23.485,68.05413861116779,8.51587118131289
KGZ,Kyrgyz Republic,2013,Europe & Central Asia,Lower middle income,45.843,71.697,5418.54061993935,25.854,63.93991380392485,8.597581799863391
KGZ,Kyrgyz Republic,1992,Europe & Central Asia,Lower middle income,52.522,74.758,4701.99138098658,22.235999999999997,70.2560261109179,8.455741396045715
KGZ,Kyrgyz Republic,2011,Europe & Central Asia,Lower middle income,52.124,75.052,5092.85165751678,22.928000000000004,69.45051431007833,8.53559319972112
KGZ,Kyrgyz Republic,2004,Europe & Central Asia,Lower middle income,54.64,75.752,4211.52248307857,21.111999999999995,72.13010877600593,8.345579496237802
KGZ,Kyrgyz Republic,2005,Europe & Central Asia,Lower middle income,54.886,75.853,4156.95849230116,20.96699999999999,72.35837738784228,8.332538954189836
KGZ,Kyrgyz Republic,2006,Europe & Central Asia,Lower middle income,54.428,75.583,4240.17017797554,21.155,72.01090192238996,8.352358683735549
KGZ,Kyrgyz Republic,2016,Europe & Central Asia,Lower middle income,46.17,72.785,5715.01041179003,26.614999999999995,63.433399738957206,8.650851398062777
KGZ,Kyrgyz Republic,1995,Europe & Central Asia,Lower middle income,62.588,79.499,2974.71163891294,16.910999999999994,78.72803431489704,7.997902385185408
KGZ,Kyrgyz Republic,1996,Europe & Central Asia,Lower middle income,61.306,78.944,3138.66615671114,17.638000000000005,77.65758005674908,8.05155319779678
KGZ,Kyrgyz Republic,1997,Europe & Central Asia,Lower middle income,59.439,78.115,3399.93427126665,18.675999999999995,76.09165973244576,8.13151137843699
KGZ,Kyrgyz Republic,1994,Europe & Central Asia,Lower middle income,61.029,78.831,3176.92381882726,17.802,77.41751341477338,8.063668655016722
KGZ,Kyrgyz Republic,2024,Europe & Central Asia,Lower middle income,44.256,71.5,7210.57669830499,27.244,61.8965034965035,8.883304212975576
KGZ,Kyrgyz Republic,1999,Europe & Central Asia,Lower middle income,58.82,77.829,3491.93773268741,19.008999999999993,75.57594212954041,8.158212085382244
KGZ,Kyrgyz Republic,2000,Europe & Central Asia,Lower middle income,57.886,77.392,3638.46314292227,19.505999999999993,74.79584453173456,8.199316657990684
KGZ,Kyrgyz Republic,2014,Europe & Central Asia,Lower middle income,47.601,71.221,5513.7544695252,23.620000000000005,66.83562432428637,8.61500106203323
KGZ,Kyrgyz Republic,2015,Europe & Central Asia,Lower middle income,47.459,72.028,5600.2143342846,24.569000000000003,65.88965402343533,8.630560149970204
KGZ,Kyrgyz Republic,2003,Europe & Central Asia,Lower middle income,55.843,76.367,3982.92722017802,20.524,73.12451713436432,8.289772310400593
KGZ,Kyrgyz Republic,2017,Europe & Central Asia,Lower middle income,42.44,71.947,5861.22200040503,29.507000000000005,58.987866068077885,8.676113393323506
KGZ,Kyrgyz Republic,2018,Europe & Central Asia,Lower middle income,44.016,73.627,5951.82876758606,29.610999999999997,59.7824167764543,8.691453807212344
KGZ,Kyrgyz Republic,2019,Europe & Central Asia,Lower middle income,44.04,74.493,6087.60193826927,30.452999999999996,59.1196488260642,8.714009512756887
KGZ,Kyrgyz Republic,2020,Europe & Central Asia,Lower middle income,43.877,71.514,5537.79547319377,27.636999999999993,61.35442011354421,8.619351771520169
KGZ,Kyrgyz Republic,2021,Europe & Central Asia,Lower middle income,43.997,74.963,5736.47883415154,30.965999999999994,58.691621199791896,8.654600857552541
KGZ,Kyrgyz Republic,2022,Europe & Central Asia,Lower middle income,45.238,73.986,6139.77788825006,28.748000000000005,61.14400021625712,8.722543845934766
KGZ,Kyrgyz Republic,2023,Europe & Central Asia,Lower middle income,43.495,71.172,6575.77541290499,27.677,61.112516158039675,8.791147783614026
KGZ,Kyrgyz Republic,1998,Europe & Central Asia,Lower middle income,59.303,78.049,3419.22330736215,18.74600000000001,75.98175505131391,8.137168701154351
KGZ,Kyrgyz Republic,2010,Europe & Central Asia,Lower middle income,51.445,73.847,4876.47964886483,22.401999999999994,69.66430592982789,8.492178855095627
KGZ,Kyrgyz Republic,2007,Europe & Central Asia,Lower middle income,52.888,74.733,4558.71267894172,21.845000000000006,70.76927194144487,8.424795555402616
KGZ,Kyrgyz Republic,2001,Europe & Central Asia,Lower middle income,56.929,76.927,3795.89059344129,19.998000000000005,74.00392579978421,8.241674337776349
KGZ,Kyrgyz Republic,2002,Europe & Central Asia,Lower middle income,57.114,76.996,3760.53239965257,19.881999999999998,74.1778793703569,8.2323158220125
KGZ,Kyrgyz Republic,2008,Europe & Central Asia,Lower middle income,51.43,73.889,4894.9427801376,22.458999999999996,69.60440660991488,8.49595786544534
KGZ,Kyrgyz Republic,2009,Europe & Central Asia,Lower middle income,51.098,73.668,4969.96132720374,22.570000000000007,69.36254547429004,8.511167337813667
LAO,Lao PDR,1994,East Asia & Pacific,Lower middle income,59.715,64.773,2267.78215521397,5.057999999999993,92.1911907739336,7.726557608741444
LAO,Lao PDR,1995,East Asia & Pacific,Lower middle income,59.518,64.806,2368.05475182536,5.287999999999997,91.8402617041632,7.769824117284469
LAO,Lao PDR,2023,East Asia & Pacific,Lower middle income,61.407,70.585,8372.15591874407,9.177999999999997,86.99723737337962,9.032666707227165
LAO,Lao PDR,1997,East Asia & Pacific,Lower middle income,59.126,64.854,2589.20762864101,5.7280000000000015,91.16785394886978,7.859107172998318
LAO,Lao PDR,1998,East Asia & Pacific,Lower middle income,59.039,64.861,2642.56618699585,5.822000000000003,91.02388183962627,7.879505764543623
LAO,Lao PDR,1999,East Asia & Pacific,Lower middle income,58.818,64.874,2786.52039703471,6.055999999999997,90.66498134846009,7.93254892693066
LAO,Lao PDR,2000,East Asia & Pacific,Lower middle income,58.658,64.878,2899.01961879748,6.219999999999999,90.41277474644718,7.972127896334935
LAO,Lao PDR,1990,East Asia & Pacific,Lower middle income,60.303,64.65,2005.50049410401,4.347000000000008,93.27610208816705,7.603648931584552
LAO,Lao PDR,1991,East Asia & Pacific,Lower middle income,60.233,64.665,2033.58258303281,4.432000000000009,93.14621510863681,7.61755433580017
LAO,Lao PDR,1992,East Asia & Pacific,Lower middle income,60.104,64.694,2088.02004083238,4.590000000000003,92.90506074751909,7.643971547056267
LAO,Lao PDR,2021,East Asia & Pacific,Lower middle income,60.323,68.92,8080.43553249923,8.597000000000001,87.52611723737667,8.997201052599484
LAO,Lao PDR,1996,East Asia & Pacific,Lower middle income,59.324,64.833,2473.77285753148,5.509,91.50278407601067,7.8134997369070245
LAO,Lao PDR,2010,East Asia & Pacific,Lower middle income,56.892,64.462,4946.10563678173,7.57,88.25664732710744,8.506355805876277
LAO,Lao PDR,2011,East Asia & Pacific,Lower middle income,56.731,64.354,5266.87866924206,7.6229999999999976,88.1545824657364,8.569193183190347
LAO,Lao PDR,2012,East Asia & Pacific,Lower middle income,56.58,64.234,5608.96956337059,7.653999999999996,88.08419217236978,8.632122303102205
LAO,Lao PDR,2013,East Asia & Pacific,Lower middle income,56.437,64.101,5974.47368943414,7.6640000000000015,88.0438682703858,8.695251287469608
LAO,Lao PDR,2001,East Asia & Pacific,Lower middle income,58.503,64.877,3015.63258480614,6.373999999999995,90.17525471276416,8.011564899693063
LAO,Lao PDR,2002,East Asia & Pacific,Lower middle income,58.343,64.871,3143.22327579556,6.527999999999992,89.93695179664259,8.053004073343951
LAO,Lao PDR,2003,East Asia & Pacific,Lower middle income,58.182,64.859,3282.9853971272,6.6769999999999925,89.70536085971108,8.096508469464652
LAO,Lao PDR,1993,East Asia & Pacific,Lower middle income,59.959,64.725,2152.2765966407,4.765999999999991,92.63653920432601,7.674281443059898
LAO,Lao PDR,2018,East Asia & Pacific,Lower middle income,57.066,64.911,7775.08574451883,7.844999999999999,87.91422101030642,8.958679765220557
LAO,Lao PDR,2019,East Asia & Pacific,Lower middle income,58.125,66.29,8075.27502377003,8.165000000000006,87.68290843264444,8.996562206182086
LAO,Lao PDR,2020,East Asia & Pacific,Lower middle income,58.68,67.147,7995.59502527818,8.467000000000006,87.39035251016426,8.98664604717387
LAO,Lao PDR,2006,East Asia & Pacific,Lower middle income,57.604,64.761,3881.53736632657,7.1569999999999965,88.9485956053798,8.263986582574246
LAO,Lao PDR,2022,East Asia & Pacific,Lower middle income,61.37,70.642,8183.03286472653,9.271999999999998,86.87466379774072,9.009818126739106
LAO,Lao PDR,2008,East Asia & Pacific,Lower middle income,57.24,64.638,4367.162880257,7.398000000000003,88.5547201336675,8.381868850765049
LAO,Lao PDR,2009,East Asia & Pacific,Lower middle income,57.075,64.563,4625.07173324518,7.4879999999999995,88.40202592816318,8.439247159717098
LAO,Lao PDR,2015,East Asia & Pacific,Lower middle income,56.202,63.824,6703.74124348885,7.622,88.05778390574078,8.810421044085407
LAO,Lao PDR,2024,East Asia & Pacific,Lower middle income,61.466,70.527,8600.3245466568,9.061,87.15243807336196,9.059555219512887
LAO,Lao PDR,2017,East Asia & Pacific,Lower middle income,56.02,63.542,7432.4596330485,7.5219999999999985,88.1621604607976,8.91361212371704
LAO,Lao PDR,2014,East Asia & Pacific,Lower middle income,56.311,63.962,6341.2122967032,7.651000000000003,88.0382101872987,8.754825243143248
LAO,Lao PDR,2005,East Asia & Pacific,Lower middle income,57.826,64.811,3630.55878769378,6.9850000000000065,89.22250852478744,8.197141851415761
LAO,Lao PDR,2016,East Asia & Pacific,Lower middle income,56.106,63.685,7063.25545347926,7.579000000000001,88.0992384391929,8.86266133659847
LAO,Lao PDR,2007,East Asia & Pacific,Lower middle income,57.421,64.706,4112.25301659759,7.285000000000004,88.74138410657434,8.321726336515763
LAO,Lao PDR,2004,East Asia & Pacific,Lower middle income,58.012,64.84,3441.16999706515,6.828000000000003,89.4694632942628,8.14356680796722
LVA,Latvia,2022,Europe & Central Asia,High income,55.299,67.749,37718.7097958367,12.449999999999996,81.62334499402206,10.537911531386063
LVA,Latvia,2011,Europe & Central Asia,High income,52.909,65.384,25308.7322074626,12.475000000000001,80.92040866266976,10.13890476170627
LVA,Latvia,2013,Europe & Central Asia,High income,53.773,66.117,28375.1842887263,12.344000000000001,81.33006639744696,10.253270249519487
LVA,Latvia,2006,Europe & Central Asia,High income,51.945,67.507,26431.8140222767,15.562000000000005,76.94757580695335,10.182323640213804
LVA,Latvia,2007,Europe & Central Asia,High income,52.909,69.088,29423.7371235063,16.178999999999995,76.58204029643355,10.289557012719987
LVA,Latvia,2012,Europe & Central Asia,High income,54.088,66.557,27496.5454583635,12.469000000000001,81.26568204696726,10.221815656067974
LVA,Latvia,2005,Europe & Central Asia,High income,50.386,65.541,23213.3539355881,15.154999999999994,76.87706931539037,10.052482992731777
LVA,Latvia,2010,Europe & Central Asia,High income,53.73,65.077,24119.7307848939,11.347000000000001,82.56373219416999,10.090785489290187
LVA,Latvia,1996,Europe & Central Asia,High income,52.416,69.485,11077.8618422597,17.069000000000003,75.43498596819457,9.312703967153997
LVA,Latvia,2008,Europe & Central Asia,High income,54.841,69.649,28726.9722869522,14.808,78.73910608910394,10.265591761350402
LVA,Latvia,2009,Europe & Central Asia,High income,54.357,67.072,24520.6791475489,12.715000000000003,81.04276001908397,10.107272087364326
LVA,Latvia,2016,Europe & Central Asia,High income,54.863,67.074,31668.5148442662,12.210999999999999,81.79473417419567,10.363078243714629
LVA,Latvia,2017,Europe & Central Asia,High income,55.064,67.802,33036.3915943437,12.738000000000007,81.2129435709861,10.405365008424457
LVA,Latvia,2018,Europe & Central Asia,High income,55.639,68.305,34729.7062763057,12.666000000000004,81.45670155918307,10.455350688354406
LVA,Latvia,2015,Europe & Central Asia,High income,54.029,67.399,30599.6133134147,13.369999999999997,80.16291042893812,10.328742651044113
LVA,Latvia,2020,Europe & Central Asia,High income,55.844,68.509,34225.8976044058,12.665,81.51337780437606,10.440737876384128
LVA,Latvia,2021,Europe & Central Asia,High income,54.167,67.234,36912.0130602161,13.066999999999993,80.56489276259036,10.516292334233805
LVA,Latvia,1992,Europe & Central Asia,High income,53.839,70.957,10582.2074616453,17.117999999999995,75.87553025071523,9.266929328416985
LVA,Latvia,2023,Europe & Central Asia,High income,55.436,67.677,37277.7217221317,12.241000000000007,81.9126143298314,10.526151154328312
LVA,Latvia,2024,Europe & Central Asia,High income,55.516,67.242,37615.0762450744,11.726000000000006,82.56149430415513,10.53516021297816
LVA,Latvia,1995,Europe & Central Asia,High income,52.75,69.896,10707.5149969006,17.146,75.4692686276754,9.278701110086313
LVA,Latvia,2000,Europe & Central Asia,High income,48.977,64.946,14554.2131724037,15.969000000000001,75.41188063930035,9.585635795797408
LVA,Latvia,2014,Europe & Central Asia,High income,53.301,66.515,29243.7412502629,13.213999999999999,80.13380440502142,10.283420855414239
LVA,Latvia,1998,Europe & Central Asia,High income,51.577,68.16,13138.4012524255,16.583,75.67048122065728,9.48329461434892
LVA,Latvia,1999,Europe & Central Asia,High income,49.84,67.333,13619.098799485,17.492999999999995,74.02016841667533,9.519228410075648
LVA,Latvia,1991,Europe & Central Asia,High income,53.413,69.303,15376.0911858137,15.89,77.0716996378223,9.640569061591403
LVA,Latvia,2001,Europe & Central Asia,High income,49.936,64.362,15695.906718153,14.425999999999995,77.58615332028216,9.661155238754418
LVA,Latvia,2019,Europe & Central Asia,High income,55.474,67.917,35208.1934590859,12.443000000000005,81.67910832339473,10.469034103223784
LVA,Latvia,1990,Europe & Central Asia,High income,53.782,68.984,17508.7871005399,15.201999999999998,77.96300591441494,9.770458153922377
LVA,Latvia,2003,Europe & Central Asia,High income,50.516,64.734,18717.6675525538,14.217999999999996,78.03627151110699,9.837223145717175
LVA,Latvia,2004,Europe & Central Asia,High income,50.405,65.521,20574.118201251,15.116,76.92953404252071,9.931789166850471
LVA,Latvia,1993,Europe & Central Asia,High income,53.559,70.724,10255.1419301566,17.165000000000006,75.7295967422657,9.235534510503989
LVA,Latvia,1994,Europe & Central Asia,High income,53.03,70.139,10656.609005478,17.108999999999995,75.60700893939179,9.273935542562068
LVA,Latvia,1997,Europe & Central Asia,High income,51.891,68.712,12215.0151940189,16.821000000000005,75.51955990220048,9.410421227573089
LVA,Latvia,2002,Europe & Central Asia,High income,51.07,65.981,17096.5594440255,14.910999999999994,77.40107000500144,9.746632520143121
LBN,Lebanon,2019,"Middle East, North Africa, Afghanistan & Pakistan",Lower middle income,29.286,70.409,15659.5661040012,41.123000000000005,41.59411438878553,9.658837261881324
LBN,Lebanon,1991,"Middle East, North Africa, Afghanistan & Pakistan",Lower middle income,18.045,73.431,7828.1720107765595,55.385999999999996,24.57408996200515,8.96548430205796
LBN,Lebanon,2015,"Middle East, North Africa, Afghanistan & Pakistan",Lower middle income,26.114,68.606,14980.020515614,42.49199999999999,38.063726204705134,9.614472626603918
LBN,Lebanon,1992,"Middle East, North Africa, Afghanistan & Pakistan",Lower middle income,18.453,72.421,8924.15264553271,53.968,25.48017840129244,9.096516660463585
LBN,Lebanon,1995,"Middle East, North Africa, Afghanistan & Pakistan",Lower middle income,19.092,70.802,10762.4426963776,51.71000000000001,26.965339962147954,9.283817824343425
LBN,Lebanon,1996,"Middle East, North Africa, Afghanistan & Pakistan",Lower middle income,19.353,70.085,11757.2824887935,50.73199999999999,27.613612042519804,9.37222811386441
LBN,Lebanon,1993,"Middle East, North Africa, Afghanistan & Pakistan",Lower middle income,18.713,71.746,9695.31549182752,53.032999999999994,26.082290301898365,9.179398108852029
LBN,Lebanon,1994,"Middle East, North Africa, Afghanistan & Pakistan",Lower middle income,18.917,71.223,10294.812771264,52.306,26.560240371790012,9.239395432920993
LBN,Lebanon,1999,"Middle East, North Africa, Afghanistan & Pakistan",Lower middle income,19.612,69.81,11617.2497708538,50.19800000000001,28.09339636155278,9.360246321743203
LBN,Lebanon,2000,"Middle East, North Africa, Afghanistan & Pakistan",Lower middle income,19.698,69.724,11571.7326041085,50.026,28.25139119958694,9.356320558683226
LBN,Lebanon,1997,"Middle East, North Africa, Afghanistan & Pakistan",Lower middle income,19.431,70.016,11668.4006854372,50.58500000000001,27.75222806215722,9.364639670939402
LBN,Lebanon,1998,"Middle East, North Africa, Afghanistan & Pakistan",Lower middle income,19.559,69.774,11885.3072278409,50.215,28.03193166509015,9.383058229509906
LBN,Lebanon,1990,"Middle East, North Africa, Afghanistan & Pakistan",Lower middle income,17.975,73.543,5345.51209718413,55.568000000000005,24.44148321390207,8.584012627510415
LBN,Lebanon,2014,"Middle East, North Africa, Afghanistan & Pakistan",Lower middle income,25.401,68.265,15205.873265402,42.864000000000004,37.2094045264777,9.629437031241089
LBN,Lebanon,2001,"Middle East, North Africa, Afghanistan & Pakistan",Lower middle income,19.829,69.477,11817.9305012844,49.648,28.54038026972955,9.377373191137304
LBN,Lebanon,2016,"Middle East, North Africa, Afghanistan & Pakistan",Lower middle income,26.885,69.058,15572.3611739774,42.173,38.93104347070578,9.653252902269324
LBN,Lebanon,2017,"Middle East, North Africa, Afghanistan & Pakistan",Lower middle income,27.67,69.509,16128.5838196051,41.839,39.80779467407098,9.688348369348184
LBN,Lebanon,2018,"Middle East, North Africa, Afghanistan & Pakistan",Lower middle income,28.47,69.958,16290.0516478592,41.488,40.69584607907601,9.698309872116491
LBN,Lebanon,2005,"Middle East, North Africa, Afghanistan & Pakistan",Lower middle income,20.51,67.88,13024.6648924956,47.36999999999999,30.215085444902773,9.474600138267226
LBN,Lebanon,2006,"Middle East, North Africa, Afghanistan & Pakistan",Lower middle income,20.745,67.19,13003.680803908,46.44499999999999,30.87513022771246,9.472987735129612
LBN,Lebanon,2020,"Middle East, North Africa, Afghanistan & Pakistan",Lower middle income,25.944,71.237,12507.4366368078,45.29299999999999,36.41927649957185,9.434078677333762
LBN,Lebanon,2021,"Middle East, North Africa, Afghanistan & Pakistan",Lower middle income,23.882,69.415,11599.7755083765,45.533,34.404667579053516,9.358741024181025
LBN,Lebanon,2022,"Middle East, North Africa, Afghanistan & Pakistan",Lower middle income,22.339,66.615,11474.7505845558,44.275999999999996,33.53448922915259,9.347904299141833
LBN,Lebanon,2023,"Middle East, North Africa, Afghanistan & Pakistan",Lower middle income,22.234,66.721,11330.2687387422,44.487,33.323841069528335,9.335233072958955
LBN,Lebanon,2012,"Middle East, North Africa, Afghanistan & Pakistan",Lower middle income,24.089,67.794,17323.3013764282,43.705,35.53264300675576,9.759807774600803
LBN,Lebanon,2013,"Middle East, North Africa, Afghanistan & Pakistan",Lower middle income,24.74,68.032,16396.4969302163,43.292,36.36523988711195,9.704822989180094
LBN,Lebanon,2009,"Middle East, North Africa, Afghanistan & Pakistan",Lower middle income,22.195,67.038,16264.3506182706,44.842999999999996,33.10808795011785,9.696730913011782
LBN,Lebanon,2002,"Middle East, North Africa, Afghanistan & Pakistan",Lower middle income,19.959,69.241,12053.8341563826,49.282,28.825406912089658,9.39713807555964
LBN,Lebanon,2003,"Middle East, North Africa, Afghanistan & Pakistan",Lower middle income,20.091,69.014,12272.3440677497,48.922999999999995,29.11148462630771,9.415103560025429
LBN,Lebanon,2004,"Middle East, North Africa, Afghanistan & Pakistan",Lower middle income,20.281,68.578,12882.0757995163,48.297000000000004,29.573624194348035,9.46359215123145
LBN,Lebanon,2010,"Middle East, North Africa, Afghanistan & Pakistan",Lower middle income,22.817,67.297,17390.7584012958,44.48,33.90492889727626,9.76369421774274
LBN,Lebanon,2007,"Middle East, North Africa, Afghanistan & Pakistan",Lower middle income,20.984,66.5,13941.5614244767,45.516,31.554887218045113,9.542629688406004
LBN,Lebanon,2008,"Middle East, North Africa, Afghanistan & Pakistan",Lower middle income,21.585,66.772,14955.1413563252,45.187000000000005,32.326424249685495,9.612810423130725
LBN,Lebanon,2011,"Middle East, North Africa, Afghanistan & Pakistan",Lower middle income,23.448,67.549,17353.1960845294,44.101000000000006,34.71257901671379,9.761531980774798
LSO,Lesotho,1993,Sub-Saharan Africa,Lower middle income,66.741,81.071,1602.59633239095,14.329999999999998,82.32413563419718,7.379380300804567
LSO,Lesotho,1996,Sub-Saharan Africa,Lower middle income,66.993,80.285,1786.182290166,13.292000000000002,83.44398081833468,7.487835822390422
LSO,Lesotho,1997,Sub-Saharan Africa,Lower middle income,67.104,79.931,1837.69657049966,12.826999999999998,83.95240895272173,7.516268202508018
LSO,Lesotho,1990,Sub-Saharan Africa,Lower middle income,66.654,81.316,1422.15056881284,14.662000000000006,81.96910817059373,7.259925489998837
LSO,Lesotho,1991,Sub-Saharan Africa,Lower middle income,66.662,81.305,1494.24032446777,14.643,81.99003751306807,7.3093732125070705
LSO,Lesotho,1992,Sub-Saharan Africa,Lower middle income,66.691,81.224,1571.8270420314,14.533000000000001,82.10750517088545,7.359993942782998
LSO,Lesotho,2023,Sub-Saharan Africa,Lower middle income,48.426,67.301,2592.4570129526,18.875,71.95435431865796,7.860361358655738
LSO,Lesotho,1994,Sub-Saharan Africa,Lower middle income,66.814,80.848,1675.5977232422,14.034000000000006,82.64150009895111,7.423925230300293
LSO,Lesotho,1995,Sub-Saharan Africa,Lower middle income,66.901,80.575,1709.69433512939,13.674000000000007,83.0294756438101,7.4440698821324505
LSO,Lesotho,2011,Sub-Saharan Africa,Lower middle income,58.789,74.756,2749.31958166573,15.966999999999999,78.6411793033335,7.919108735197214
LSO,Lesotho,2012,Sub-Saharan Africa,Lower middle income,58.036,74.374,2894.22705048142,16.337999999999994,78.03264581708662,7.970473359705319
LSO,Lesotho,2001,Sub-Saharan Africa,Lower middle income,66.021,78.338,2004.03350215955,12.316999999999993,84.27710689575942,7.602917179709503
LSO,Lesotho,2002,Sub-Saharan Africa,Lower middle income,65.325,77.997,2024.78727304864,12.671999999999997,83.75322127774145,7.613219923676115
LSO,Lesotho,2003,Sub-Saharan Africa,Lower middle income,64.622,77.651,2127.37302160132,13.028999999999996,83.22107893008462,7.662643174342645
LSO,Lesotho,2004,Sub-Saharan Africa,Lower middle income,63.912,77.303,2178.66474674332,13.390999999999998,82.67725702754097,7.686467466633575
LSO,Lesotho,2005,Sub-Saharan Africa,Lower middle income,63.198,76.951,2275.01614419256,13.752999999999993,82.12758768567011,7.72974242770825
LSO,Lesotho,2006,Sub-Saharan Africa,Lower middle income,62.474,76.593,2381.02024562073,14.119000000000007,81.56620056663141,7.7752843494413595
LSO,Lesotho,2007,Sub-Saharan Africa,Lower middle income,61.747,76.232,2470.31462127885,14.485,80.99879315772904,7.812100798546229
LSO,Lesotho,2022,Sub-Saharan Africa,Lower middle income,48.441,67.383,2577.54544127769,18.941999999999993,71.88905213481146,7.854592845717353
LSO,Lesotho,2008,Sub-Saharan Africa,Lower middle income,61.017,75.871,2589.16635854686,14.853999999999992,80.42203213348975,7.85909123359562
LSO,Lesotho,2024,Sub-Saharan Africa,Lower middle income,48.457,67.173,2697.62738436647,18.716,72.13761481547645,7.900127919137414
LSO,Lesotho,2010,Sub-Saharan Africa,Lower middle income,59.537,75.133,2651.37804898226,15.595999999999997,79.24214393142826,7.882834802301384
LSO,Lesotho,1999,Sub-Saharan Africa,Lower middle income,67.389,79.004,1860.70052178612,11.615000000000009,85.29821274872157,7.528708320418192
LSO,Lesotho,2000,Sub-Saharan Africa,Lower middle income,66.709,78.673,1932.15793223415,11.963999999999999,84.79274973625004,7.566392756894295
LSO,Lesotho,2013,Sub-Saharan Africa,Lower middle income,57.277,73.986,2914.37515966739,16.709000000000003,77.41599762117157,7.977410722348735
LSO,Lesotho,1998,Sub-Saharan Africa,Lower middle income,67.241,79.486,1856.69078488714,12.245000000000005,84.59477140628537,7.526551034233736
LSO,Lesotho,2019,Sub-Saharan Africa,Lower middle income,48.958,67.171,2773.28639887236,18.213000000000008,72.8856202825624,7.927788321520417
LSO,Lesotho,2020,Sub-Saharan Africa,Lower middle income,48.489,66.527,2517.11044486593,18.038000000000004,72.886196581838945,7.830866873737963
LSO,Lesotho,2017,Sub-Saharan Africa,Lower middle income,51.753,69.552,2924.68096193272,17.799000000000007,74.40907522429261,7.980940680873567
LSO,Lesotho,2018,Sub-Saharan Africa,Lower middle income,50.356,68.374,2846.41828124649,18.017999999999994,73.64787784830492,7.953816739476138
LSO,Lesotho,2014,Sub-Saharan Africa,Lower middle income,55.91,72.921,2930.61724036206,17.01100000000001,76.67201492025616,7.98296834206455
LSO,Lesotho,2015,Sub-Saharan Africa,Lower middle income,54.532,71.827,2986.95866729879,17.295,75.92131092764559,8.002010980590672
LSO,Lesotho,2021,Sub-Saharan Africa,Lower middle income,48.252,66.127,2544.78249551214,17.874999999999993,72.9686814765527,7.841800461879424
LSO,Lesotho,2009,Sub-Saharan Africa,Lower middle income,60.28,75.505,2538.19341751854,15.224999999999994,79.83577246539964,7.839207854006749
LSO,Lesotho,2016,Sub-Saharan Africa,Lower middle income,53.146,70.704,3057.26091568162,17.557999999999993,75.16689296220865,8.025274668488036
LBR,Liberia,1993,Sub-Saharan Africa,Low income,71.547,83.154,718.683238814764,11.607,86.04156144021935,6.577420702670184
LBR,Liberia,1994,Sub-Saharan Africa,Low income,71.594,83.056,563.640361196647,11.462000000000003,86.19967251011366,6.334416390655325
LBR,Liberia,2007,Sub-Saharan Africa,Low income,71.76,82.69,1422.10019670004,10.929999999999993,86.78195670576854,7.259890069695243
LBR,Liberia,1990,Sub-Saharan Africa,Low income,71.45,83.21,1866.40548125833,11.759999999999991,85.86708328325923,7.531769657510843
LBR,Liberia,1991,Sub-Saharan Africa,Low income,71.476,83.294,1819.49785292522,11.817999999999998,85.81170312387447,7.506315837015915
LBR,Liberia,1992,Sub-Saharan Africa,Low income,71.507,83.233,1115.03770816852,11.725999999999999,85.91183785277474,7.01664350230759
LBR,Liberia,1998,Sub-Saharan Africa,Low income,71.744,82.719,1308.40568305294,10.974999999999994,86.73218970248674,7.176564639168202
LBR,Liberia,1999,Sub-Saharan Africa,Low income,71.766,82.664,1507.31470254594,10.897999999999996,86.81651021000678,7.318085003995635
LBR,Liberia,2000,Sub-Saharan Africa,Low income,71.785,82.614,1868.17975587618,10.829000000000008,86.8920521945433,7.53271984321484
LBR,Liberia,2001,Sub-Saharan Africa,Low income,71.801,82.569,1867.11910921753,10.768,86.95878598505492,7.532151938623822
LBR,Liberia,2003,Sub-Saharan Africa,Low income,71.816,82.531,1308.15090140274,10.715000000000003,87.0169996728502,7.176369893407671
LBR,Liberia,2013,Sub-Saharan Africa,Low income,71.908,82.225,1774.5205777394,10.316999999999993,87.45272119185164,7.481285568378514
LBR,Liberia,2004,Sub-Saharan Africa,Low income,71.814,82.543,1326.53565502695,10.729000000000013,87.00192626873265,7.190326052241777
LBR,Liberia,2005,Sub-Saharan Africa,Low income,71.802,82.575,1335.61728880785,10.772999999999996,86.95367847411445,7.197148852585786
LBR,Liberia,2006,Sub-Saharan Africa,Low income,71.782,82.629,1364.60347323709,10.847000000000008,86.87264761766448,7.218619169619979
LBR,Liberia,2017,Sub-Saharan Africa,Low income,71.983,81.986,1661.30290782171,10.003,87.79913643792842,7.4153574577199866
LBR,Liberia,1995,Sub-Saharan Africa,Low income,71.643,82.954,534.809715165406,11.310999999999993,86.36473226125322,6.281911011041483
LBR,Liberia,1996,Sub-Saharan Africa,Low income,71.683,82.865,582.677982536092,11.181999999999988,86.50576238460147,6.367634688187322
LBR,Liberia,1997,Sub-Saharan Africa,Low income,71.718,82.783,1111.93760251371,11.064999999999998,86.63372914728869,7.01385936038876
LBR,Liberia,2009,Sub-Saharan Africa,Low income,71.767,82.658,1492.99817384053,10.891000000000005,86.8240218732609,7.308541574390773
LBR,Liberia,2010,Sub-Saharan Africa,Low income,71.772,82.641,1538.85083488512,10.869,86.8479326242422,7.338791205740021
LBR,Liberia,2011,Sub-Saharan Africa,Low income,71.865,82.364,1601.03374045996,10.49900000000001,87.25292603564662,7.3784047873904886
LBR,Liberia,2012,Sub-Saharan Africa,Low income,71.931,82.167,1668.97289588776,10.236000000000004,87.54244404688014,7.419963683798249
LBR,Liberia,2002,Sub-Saharan Africa,Low income,71.811,82.539,1887.64601570733,10.727999999999994,87.00250790535384,7.543085837446244
LBR,Liberia,2008,Sub-Saharan Africa,Low income,71.759,82.687,1463.12408187297,10.927999999999997,86.78389589657382,7.28832921073398
LBR,Liberia,2014,Sub-Saharan Africa,Low income,71.905,82.229,1750.1438489328,10.323999999999998,87.44481873791486,7.4674532629295465
LBR,Liberia,2015,Sub-Saharan Africa,Low income,71.923,82.169,1714.09047960464,10.245999999999995,87.53057722498752,7.446637886331926
LBR,Liberia,2016,Sub-Saharan Africa,Low income,71.953,82.078,1653.31050211233,10.125,87.66417310363312,7.410534921749264
LBR,Liberia,2018,Sub-Saharan Africa,Low income,72.024,81.864,1647.97443793846,9.840000000000003,87.9800644972149,7.407302199389449
LBR,Liberia,2019,Sub-Saharan Africa,Low income,72.08,81.7,1575.76665001238,9.620000000000005,88.22521419828641,7.362497194742206
LBR,Liberia,2020,Sub-Saharan Africa,Low income,71.393,80.921,1497.37692436272,9.528000000000006,88.22555331743305,7.311470139208175
LBR,Liberia,2022,Sub-Saharan Africa,Low income,71.919,81.57,1578.99837069175,9.650999999999996,88.16844428098565,7.36454598239428
LBR,Liberia,2023,Sub-Saharan Africa,Low income,71.966,81.437,1616.92373356695,9.471000000000004,88.37015115979223,7.38828069307638
LBR,Liberia,2024,Sub-Saharan Africa,Low income,72.021,81.301,1646.05861366601,9.280000000000001,88.58562625305962,7.40613899036364
LBR,Liberia,2021,Sub-Saharan Africa,Low income,71.703,81.094,1539.20892304674,9.390999999999991,88.41961180851851,7.339023877092364
LBY,Libya,2008,"Middle East, North Africa, Afghanistan & Pakistan",Upper middle income,33.363,61.795,21915.1976208274,28.432000000000002,53.98980500040456,9.994935630417881
LBY,Libya,1997,"Middle East, North Africa, Afghanistan & Pakistan",Upper middle income,29.153,59.893,18451.6998451345,30.740000000000002,48.67513732823535,9.822911777752347
LBY,Libya,2004,"Middle East, North Africa, Afghanistan & Pakistan",Upper middle income,31.834,60.107,18851.2039109963,28.273,52.962217379007434,9.844332058794048
LBY,Libya,1993,"Middle East, North Africa, Afghanistan & Pakistan",Upper middle income,27.489,60.041,18434.641128465,32.55199999999999,45.783714461784456,9.821986843620342
LBY,Libya,1994,"Middle East, North Africa, Afghanistan & Pakistan",Upper middle income,27.868,59.945,18444.5133617859,32.077,46.48928184168821,9.82252222647785
LBY,Libya,1995,"Middle East, North Africa, Afghanistan & Pakistan",Upper middle income,28.275,59.881,17723.2679211029,31.606,47.21865032314089,9.782633627082609
LBY,Libya,1992,"Middle East, North Africa, Afghanistan & Pakistan",Upper middle income,27.138,60.152,19538.138704794,33.013999999999996,45.115706875914356,9.880123665419646
LBY,Libya,2011,"Middle East, North Africa, Afghanistan & Pakistan",Upper middle income,34.062,63.31,10741.9206751908,29.248000000000005,53.80192702574632,9.281909185890642
LBY,Libya,1998,"Middle East, North Africa, Afghanistan & Pakistan",Upper middle income,29.602,59.987,17532.9261043755,30.385,49.34735859436211,9.771835883801776
LBY,Libya,1999,"Middle East, North Africa, Afghanistan & Pakistan",Upper middle income,30.049,60.154,17402.5683820479,30.105000000000004,49.953452804468526,9.764373082473279
LBY,Libya,1996,"Middle East, North Africa, Afghanistan & Pakistan",Upper middle income,28.707,59.864,17809.1519222171,31.156999999999996,47.95369504209542,9.787467757082391
LBY,Libya,2001,"Middle East, North Africa, Afghanistan & Pakistan",Upper middle income,30.757,59.974,17115.9888564264,29.216999999999995,51.283889685530404,9.747768326474706
LBY,Libya,2002,"Middle East, North Africa, Afghanistan & Pakistan",Upper middle income,31.107,59.916,16629.4364346005,28.808999999999997,51.91768475866213,9.718929683134123
LBY,Libya,2003,"Middle East, North Africa, Afghanistan & Pakistan",Upper middle income,31.471,59.97,18422.7336032405,28.499,52.4779056194764,9.82134070288322
LBY,Libya,2018,"Middle East, North Africa, Afghanistan & Pakistan",Upper middle income,34.039,64.015,16385.164476127,29.976,53.173474966804655,9.704131599295959
LBY,Libya,2005,"Middle East, North Africa, Afghanistan & Pakistan",Upper middle income,32.175,60.296,20649.4624580172,28.121000000000002,53.36174870638185,9.935444566961609
LBY,Libya,2006,"Middle East, North Africa, Afghanistan & Pakistan",Upper middle income,32.554,60.711,21545.2986384419,28.156999999999996,53.62125479731845,9.977912911102257
LBY,Libya,2007,"Middle East, North Africa, Afghanistan & Pakistan",Upper middle income,32.971,61.276,22422.0117594762,28.305000000000007,53.80736340492198,10.017798423174922
LBY,Libya,2009,"Middle East, North Africa, Afghanistan & Pakistan",Upper middle income,33.737,62.316,20518.9642412838,28.579,54.13858399127031,9.929104822439806
LBY,Libya,2010,"Middle East, North Africa, Afghanistan & Pakistan",Upper middle income,34.081,62.848,21115.5259846154,28.766999999999996,54.22766038696538,9.957763877529741
LBY,Libya,2022,"Middle East, North Africa, Afghanistan & Pakistan",Upper middle income,33.631,63.422,11450.0598552928,29.790999999999997,53.02734067042982,9.34575023650521
LBY,Libya,2012,"Middle East, North Africa, Afghanistan & Pakistan",Upper middle income,33.94,63.651,20601.0026641,29.711000000000006,53.32202164930637,9.933095026607743
LBY,Libya,2013,"Middle East, North Africa, Afghanistan & Pakistan",Upper middle income,34.07,63.872,16557.500941665,29.802,53.34105711422846,9.714594507231547
LBY,Libya,2000,"Middle East, North Africa, Afghanistan & Pakistan",Upper middle income,30.43,60.142,17747.0188855832,29.712000000000003,50.596920621196496,9.783972830690374
LBY,Libya,2015,"Middle East, North Africa, Afghanistan & Pakistan",Upper middle income,34.132,64.077,12195.3486990421,29.945,53.2671629445823,9.408809903848619
LBY,Libya,2016,"Middle East, North Africa, Afghanistan & Pakistan",Upper middle income,34.111,64.093,11831.8257669559,29.982000000000006,53.22110058820775,9.378548278703773
LBY,Libya,2017,"Middle East, North Africa, Afghanistan & Pakistan",Upper middle income,34.08,64.068,15428.1164411854,29.988,53.1934819254542,9.643946866693039
LBY,Libya,1990,"Middle East, North Africa, Afghanistan & Pakistan",Upper middle income,26.513,60.365,18126.5869612606,33.852000000000004,43.92114635964549,9.805135032373373
LBY,Libya,1991,"Middle East, North Africa, Afghanistan & Pakistan",Upper middle income,26.814,60.265,20506.8762691578,33.451,44.49348709864764,9.928515536646978
LBY,Libya,2014,"Middle East, North Africa, Afghanistan & Pakistan",Upper middle income,34.135,64.013,12499.0829968523,29.878000000000007,53.32510583787668,9.433410560347582
LBY,Libya,2019,"Middle East, North Africa, Afghanistan & Pakistan",Upper middle income,33.993,63.937,14337.1962987582,29.943999999999996,53.16639817320174,9.570612578912193
LBY,Libya,2020,"Middle East, North Africa, Afghanistan & Pakistan",Upper middle income,31.009,58.626,9978.66400110743,27.616999999999997,52.89291440657728,9.208204492719933
LBY,Libya,2021,"Middle East, North Africa, Afghanistan & Pakistan",Upper middle income,31.353,59.186,12641.5097714075,27.833,52.97367620721116,9.444741104508456
LBY,Libya,2023,"Middle East, North Africa, Afghanistan & Pakistan",Upper middle income,33.465,63.158,12476.5974944083,29.692999999999998,52.98616168973053,9.431609968085285
LBY,Libya,2024,"Middle East, North Africa, Afghanistan & Pakistan",Upper middle income,33.28,62.86,12583.8338726816,29.58,52.94304804327076,9.440168243179391
LTU,Lithuania,2009,Europe & Central Asia,High income,52.019,61.987,26227.5230201039,9.968000000000004,83.9192088663752,10.174564635313915
LTU,Lithuania,2010,Europe & Central Asia,High income,52.31,61.861,26897.7243702338,9.550999999999995,84.56054703286401,10.199796966109407
LTU,Lithuania,2006,Europe & Central Asia,High income,50.075,61.208,26139.2837773621,11.132999999999996,81.81120115017644,10.171194587314014
LTU,Lithuania,2003,Europe & Central Asia,High income,54.789,66.152,20310.7119582322,11.363,82.82289273189019,9.918903708525873
LTU,Lithuania,2011,Europe & Central Asia,High income,52.699,63.114,29251.8774718539,10.415,83.49811452292677,10.28369903767203
LTU,Lithuania,2023,Europe & Central Asia,High income,57.914,68.623,46333.9006965206,10.709000000000003,84.39444501114787,10.743629168618392
LTU,Lithuania,2024,Europe & Central Asia,High income,57.86,69.138,47462.0039386975,11.278000000000006,83.68769706962885,10.767684752838296
LTU,Lithuania,2007,Europe & Central Asia,High income,50.067,61.86,29381.9521464971,11.793,80.93598448108632,10.288135892261737
LTU,Lithuania,2008,Europe & Central Asia,High income,50.469,62.187,30457.3682543436,11.717999999999996,81.15683342177627,10.324083222662074
LTU,Lithuania,2014,Europe & Central Asia,High income,53.871,65.075,33988.0148951198,11.204,82.78294275835574,10.43376323836977
LTU,Lithuania,2015,Europe & Central Asia,High income,54.428,64.882,35264.7149248316,10.454000000000008,83.88767300638081,10.4706381658107
LTU,Lithuania,2016,Europe & Central Asia,High income,55.606,66.014,36632.0832798438,10.407999999999994,84.23364740812556,10.508679727752227
LTU,Lithuania,2017,Europe & Central Asia,High income,55.821,66.416,38789.2463179035,10.594999999999999,84.04751867019995,10.565898330441268
LTU,Lithuania,2004,Europe & Central Asia,High income,51.337,63.772,21875.6085796224,12.434999999999995,80.50084676660603,9.993127531621562
LTU,Lithuania,2005,Europe & Central Asia,High income,50.639,62.752,23953.8150681702,12.113,80.69702957674656,10.083882883187519
LTU,Lithuania,2020,Europe & Central Asia,High income,57.363,68.867,43108.1976060283,11.504000000000005,83.29533738946084,10.671468457682005
LTU,Lithuania,2021,Europe & Central Asia,High income,57.369,68.036,45897.3715026327,10.667000000000002,84.32153565759305,10.734163128671042
LTU,Lithuania,2022,Europe & Central Asia,High income,58.035,68.207,46642.5947251086,10.171999999999997,85.08657469174719,10.75026945251955
LTU,Lithuania,1993,Europe & Central Asia,High income,57.335,73.155,12866.5897896196,15.82,78.37468389036977,9.462389291866932
LTU,Lithuania,1994,Europe & Central Asia,High income,56.516,72.578,11690.8861051725,16.062000000000005,77.86932679324312,9.366564851864805
LTU,Lithuania,2012,Europe & Central Asia,High income,53.2,63.268,30932.0983180261,10.067999999999998,84.0867421129165,10.339549704245345
LTU,Lithuania,2013,Europe & Central Asia,High income,52.927,64.139,32487.0008217277,11.211999999999996,82.5192160775815,10.388595313590535
LTU,Lithuania,1997,Europe & Central Asia,High income,54.208,70.726,14050.349878771,16.518,76.64508101688206,9.550402576855461
LTU,Lithuania,1998,Europe & Central Asia,High income,53.402,69.97,15208.6978530701,16.567999999999998,76.32128054880664,9.629622770350492
LTU,Lithuania,1999,Europe & Central Asia,High income,55.158,68.33,15148.9570325637,13.171999999999997,80.72296209571199,9.625686965832676
LTU,Lithuania,2000,Europe & Central Asia,High income,54.916,66.444,15777.4293800236,11.528000000000006,82.65005117091083,9.666335677455578
LTU,Lithuania,2018,Europe & Central Asia,High income,56.494,67.621,41035.4018152732,11.126999999999995,83.54505257242573,10.622190432029353
LTU,Lithuania,2019,Europe & Central Asia,High income,57.226,67.829,43078.7118585461,10.602999999999994,84.3680431673768,10.670784229675322
LTU,Lithuania,1990,Europe & Central Asia,High income,59.999,74.773,20594.0623779042,14.773999999999994,80.24153103392936,9.932758079147925
LTU,Lithuania,1991,Europe & Central Asia,High income,59.11,74.316,19392.1950657963,15.206000000000003,79.53872651918833,9.87262594790448
LTU,Lithuania,1992,Europe & Central Asia,High income,58.211,73.776,15286.2039647381,15.564999999999998,78.90235306874864,9.634705998951942
LTU,Lithuania,2001,Europe & Central Asia,High income,53.333,65.273,16939.467059225,11.939999999999998,81.70759732201677,9.737401507216761
LTU,Lithuania,2002,Europe & Central Asia,High income,52.171,64.99,18223.4782620215,12.818999999999996,80.2754269887675,9.810466056107996
LTU,Lithuania,1995,Europe & Central Asia,High income,55.764,72.035,12168.8332695478,16.270999999999994,77.41236898729785,9.40663331199779
LTU,Lithuania,1996,Europe & Central Asia,High income,55.013,71.417,12878.1001468209,16.404000000000003,77.03067896999313,9.463283484649729
LUX,Luxembourg,2001,Europe & Central Asia,High income,41.579,65.329,116265.230369162,23.749999999999993,63.64554791899464,11.663629328796302
LUX,Luxembourg,1990,Europe & Central Asia,High income,34.261,68.277,81455.0312264957,34.016,50.17941620164916,11.307806382859054
LUX,Luxembourg,1991,Europe & Central Asia,High income,35.977,68.897,87318.4976692868,32.92000000000001,52.21852910866945,11.377317605629099
LUX,Luxembourg,2005,Europe & Central Asia,High income,45.66,64.98,124871.952523256,19.320000000000007,70.26777469990766,11.735044111434897
LUX,Luxembourg,2002,Europe & Central Asia,High income,42.78,66.246,118764.331507238,23.465999999999994,64.57748392355765,11.684896400991613
LUX,Luxembourg,2003,Europe & Central Asia,High income,42.877,64.733,120403.002017933,21.856,66.23669534858573,11.69859974524978
LUX,Luxembourg,2004,Europe & Central Asia,High income,44.598,64.649,123725.755122536,20.051000000000002,68.98482575136507,11.72582274303473
LUX,Luxembourg,2008,Europe & Central Asia,High income,47.181,63.529,135814.608862354,16.348000000000006,74.26687024823309,11.81904606462681
LUX,Luxembourg,2009,Europe & Central Asia,High income,49.05,66.109,129004.508948877,17.058999999999997,74.19564658367243,11.767602635825034
LUX,Luxembourg,2006,Europe & Central Asia,High income,46.144,64.495,130290.174082751,18.351000000000006,71.54663152182339,11.7775193503136
LUX,Luxembourg,2007,Europe & Central Asia,High income,46.658,64.025,138683.319852878,17.367000000000004,72.87465833658726,11.839948338457322
LUX,Luxembourg,1999,Europe & Central Asia,High income,39.873,65.248,108186.852973076,25.375000000000007,61.10991907797939,11.591615131293642
LUX,Luxembourg,2000,Europe & Central Asia,High income,41.485,65.934,114148.353907645,24.448999999999998,62.91897958564625,11.645254231421596
LUX,Luxembourg,2013,Europe & Central Asia,High income,51.459,65.673,129947.336184196,14.213999999999999,78.35640217440958,11.774884541084589
LUX,Luxembourg,2014,Europe & Central Asia,High income,52.214,65.792,130249.550482759,13.578000000000003,79.36223249027236,11.777207508421627
LUX,Luxembourg,2015,Europe & Central Asia,High income,54.247,65.516,130097.338289025,11.269000000000005,82.79962146651198,11.776038205329165
LUX,Luxembourg,2016,Europe & Central Asia,High income,53.625,64.598,133661.734541281,10.972999999999999,83.01340598780148,11.803067518246165
LUX,Luxembourg,1992,Europe & Central Asia,High income,38.356,68.359,87734.2029842352,30.002999999999993,56.109656372972104,11.382067102150353
LUX,Luxembourg,1993,Europe & Central Asia,High income,37.047,68.381,90200.6012709212,31.334000000000003,54.17732996007663,11.409791372003234
LUX,Luxembourg,1994,Europe & Central Asia,High income,37.826,67.352,92380.4162945065,29.526000000000003,56.16165815417508,11.43367029030164
LUX,Luxembourg,1995,Europe & Central Asia,High income,35.361,66.148,92396.3982654612,30.787,53.45739856080305,11.433843277059017
LUX,Luxembourg,1996,Europe & Central Asia,High income,36.489,66.243,92421.5791788935,29.753999999999998,55.08355599836964,11.434115771260462
LUX,Luxembourg,1997,Europe & Central Asia,High income,37.566,65.673,96216.9038688184,28.107,57.20158969439496,11.474360337109651
LUX,Luxembourg,1998,Europe & Central Asia,High income,37.854,65.706,101369.82339661,27.852000000000004,57.61117706145558,11.526530726208705
LUX,Luxembourg,2011,Europe & Central Asia,High income,49.499,64.426,129887.626962873,14.927,76.83078260329681,11.774424947643809
LUX,Luxembourg,2012,Europe & Central Asia,High income,51.173,65.334,128897.403218507,14.161000000000001,78.32522117121253,11.766772043018433
LUX,Luxembourg,2017,Europe & Central Asia,High income,54.011,63.462,132169.829576174,9.451,85.10762345970817,11.791842962322058
LUX,Luxembourg,2018,Europe & Central Asia,High income,54.798,63.771,131733.884471489,8.972999999999999,85.92934092299006,11.788539139920049
LUX,Luxembourg,2019,Europe & Central Asia,High income,54.933,65.125,132724.754668303,10.192,84.35009596928982,11.796032749029015
LUX,Luxembourg,2020,Europe & Central Asia,High income,55.927,64.253,129865.631871124,8.326,87.04185018598353,11.7742555939125
LUX,Luxembourg,2021,Europe & Central Asia,High income,56.929,65.997,136772.443753292,9.067999999999998,86.25998151431126,11.826073829327964
LUX,Luxembourg,2022,Europe & Central Asia,High income,56.998,64.855,132570.832272626,7.857000000000006,87.88528255338832,11.794872364759355
LUX,Luxembourg,2010,Europe & Central Asia,High income,48.847,65.473,131434.360018803,16.625999999999998,74.60632627189834,11.786262842621346
LUX,Luxembourg,2024,Europe & Central Asia,High income,57.645,65.852,128475.283540415,8.207,87.53720464070946,11.76349181882756
LUX,Luxembourg,2023,Europe & Central Asia,High income,57.196,65.849,130048.922273147,8.653000000000006,86.85932967850688,11.775665983823213
MAC,"Macao SAR, China",1992,East Asia & Pacific,High income,46.597,71.107,58652.7899194928,24.509999999999998,65.53081975051683,10.979390421910063
MAC,"Macao SAR, China",1993,East Asia & Pacific,High income,48.162,73.447,59589.975909516,25.285000000000004,65.57381513199995,10.995242649470361
MAC,"Macao SAR, China",1994,East Asia & Pacific,High income,49.77,75.214,60120.6582440409,25.443999999999996,66.17119153349111,11.004108792643315
MAC,"Macao SAR, China",1991,East Asia & Pacific,High income,46.142,71.646,54602.0544901621,25.503999999999998,64.4027580046339,10.907826789050027
MAC,"Macao SAR, China",2006,East Asia & Pacific,High income,58.923,73.645,93828.3198758417,14.721999999999994,80.00950505804876,11.44922200707925
MAC,"Macao SAR, China",2007,East Asia & Pacific,High income,62.641,75.294,102879.639164559,12.652999999999999,83.19520811751269,11.541315032122363
MAC,"Macao SAR, China",1995,East Asia & Pacific,High income,51.392,76.54,60205.7086394147,25.148000000000003,67.14397700548732,11.005522454698285
MAC,"Macao SAR, China",2009,East Asia & Pacific,High income,64.736,75.851,104911.140336462,11.114999999999995,85.34627097862916,11.560868988330569
MAC,"Macao SAR, China",2010,East Asia & Pacific,High income,64.435,76.225,130758.2806979,11.789999999999992,84.53263365037719,11.78110571221928
MAC,"Macao SAR, China",2011,East Asia & Pacific,High income,65.77,76.601,155385.324208541,10.831000000000003,85.86049790472708,11.953663273643581
MAC,"Macao SAR, China",2008,East Asia & Pacific,High income,63.874,76.373,102474.668562926,12.499000000000002,83.634268655153,11.53737091104602
MAC,"Macao SAR, China",2013,East Asia & Pacific,High income,65.994,76.379,174569.523171267,10.385000000000005,86.40333075845454,12.070078354867922
MAC,"Macao SAR, China",2014,East Asia & Pacific,High income,66.331,77.191,162813.439348589,10.86,85.93100231892319,12.000360280424667
MAC,"Macao SAR, China",2015,East Asia & Pacific,High income,66.133,76.174,123194.067291275,10.041000000000011,86.81833696536874,11.721516173818776
MAC,"Macao SAR, China",2012,East Asia & Pacific,High income,65.318,76.857,164239.261923457,11.539000000000001,84.98640332045227,12.009079557792417
MAC,"Macao SAR, China",1990,East Asia & Pacific,High income,45.643,71.181,55300.7442649888,25.537999999999997,64.12244840617582,10.920541646099585
MAC,"Macao SAR, China",2003,East Asia & Pacific,High income,53.53,70.939,67994.777526459,17.408999999999992,75.4591973385585,11.127186180127405
MAC,"Macao SAR, China",2004,East Asia & Pacific,High income,54.973,71.428,84004.4558061302,16.455,76.96281570252562,11.338625121729672
MAC,"Macao SAR, China",2005,East Asia & Pacific,High income,57.006,71.693,87185.5254441553,14.686999999999998,79.51403902752013,11.375793603505874
MAC,"Macao SAR, China",2018,East Asia & Pacific,High income,64.995,76.055,139541.157248769,11.060000000000002,85.4578923147722,11.846114870770927
MAC,"Macao SAR, China",2019,East Asia & Pacific,High income,64.713,75.789,133453.896026037,11.076000000000008,85.3857419942208,11.801511349056474
MAC,"Macao SAR, China",2020,East Asia & Pacific,High income,63.655,74.639,59662.4855864551,10.983999999999995,85.2838328487788,10.99645871972946
MAC,"Macao SAR, China",1996,East Asia & Pacific,High income,52.984,77.501,59115.2336138336,24.517000000000003,68.36556947652288,10.98724393014314
MAC,"Macao SAR, China",1997,East Asia & Pacific,High income,54.518,78.133,58639.5250296819,23.614999999999995,69.77589494835729,10.97916423676105
MAC,"Macao SAR, China",1998,East Asia & Pacific,High income,54.317,77.948,55296.5007644986,23.630999999999993,69.68363524400884,10.92046490819366
MAC,"Macao SAR, China",1999,East Asia & Pacific,High income,55.47,77.32,53348.0126915655,21.849999999999994,71.7408173823073,10.884592005643688
MAC,"Macao SAR, China",2000,East Asia & Pacific,High income,56.452,75.808,55994.760697993,19.35600000000001,74.46707471506964,10.933013406375963
MAC,"Macao SAR, China",2001,East Asia & Pacific,High income,56.389,74.59,57173.8590987063,18.201,75.59860571122134,10.95385206414368
MAC,"Macao SAR, China",2002,East Asia & Pacific,High income,56.3,73.013,61625.9560068114,16.713000000000008,77.10955583252297,11.028838424519776
MAC,"Macao SAR, China",2023,East Asia & Pacific,High income,62.631,74.419,104815.20003062,11.787999999999997,84.15995915021702,11.559954078812133
MAC,"Macao SAR, China",2016,East Asia & Pacific,High income,65.602,75.221,120530.052858314,9.619,87.21234761569244,11.699654402131317
MAC,"Macao SAR, China",2017,East Asia & Pacific,High income,64.912,75.631,133322.632677744,10.718999999999994,85.82724015284738,11.800527279284491
MAC,"Macao SAR, China",2022,East Asia & Pacific,High income,60.026,74.599,59921.441691873,14.573,80.46488558827866,11.000789678179911
MAC,"Macao SAR, China",2024,East Asia & Pacific,High income,63.512,74.056,111693.502831434,10.543999999999997,85.76212595873393,11.623513817129528
MAC,"Macao SAR, China",2021,East Asia & Pacific,High income,64.072,74.721,73374.4486829589,10.649000000000001,85.74831707284432,11.20333104341166
MDG,Madagascar,1994,Sub-Saharan Africa,Low income,83.79,88.383,1686.34190833351,4.592999999999989,94.8032992770103,7.430316910608037
MDG,Madagascar,1997,Sub-Saharan Africa,Low income,83.828,88.482,1649.44809006306,4.653999999999996,94.74017314256007,7.408196020069204
MDG,Madagascar,1998,Sub-Saharan Africa,Low income,83.861,88.564,1658.88849253066,4.702999999999989,94.68971591165712,7.413903074267044
MDG,Madagascar,1999,Sub-Saharan Africa,Low income,83.898,88.643,1681.35933226493,4.7450000000000045,94.64706745033449,7.427357871579221
MDG,Madagascar,2018,Sub-Saharan Africa,Low income,82.971,88.035,1678.78623269491,5.063999999999993,94.24774237519169,7.425826330743722
MDG,Madagascar,2019,Sub-Saharan Africa,Low income,82.916,87.831,1707.83153830039,4.915000000000006,94.40402591340187,7.442979738512492
MDG,Madagascar,2020,Sub-Saharan Africa,Low income,82.152,87.04,1545.72714379204,4.888000000000005,94.38419117647058,7.343249721845152
MDG,Madagascar,2021,Sub-Saharan Africa,Low income,82.807,87.271,1577.43246056529,4.463999999999999,94.884898763621365,7.363553779277127
MDG,Madagascar,1995,Sub-Saharan Africa,Low income,83.788,88.379,1661.27062467061,4.591000000000008,94.8053270573326,7.415338025101996
MDG,Madagascar,1996,Sub-Saharan Africa,Low income,83.803,88.419,1643.32579628891,4.616,94.77940261708456,7.40447739192134
MDG,Madagascar,2009,Sub-Saharan Africa,Low income,83.983,89.089,1673.15551466723,5.1059999999999945,94.268652695619,7.422466652235898
MDG,Madagascar,2010,Sub-Saharan Africa,Low income,83.908,89.091,1635.24511473059,5.182999999999993,94.18235287515013,7.3995479893613
MDG,Madagascar,2011,Sub-Saharan Africa,Low income,83.812,89.072,1614.55137773785,5.260000000000005,94.09466499012035,7.386812412385
MDG,Madagascar,2012,Sub-Saharan Africa,Low income,83.696,89.034,1617.79082882481,5.338000000000008,94.00453759238043,7.388816811650001
MDG,Madagascar,2013,Sub-Saharan Africa,Low income,83.566,88.985,1610.6023078966,5.418999999999997,93.91020958588527,7.384363492302551
MDG,Madagascar,2016,Sub-Saharan Africa,Low income,83.137,88.539,1648.91226979296,5.402000000000001,93.89873389127955,7.407871119078194
MDG,Madagascar,2017,Sub-Saharan Africa,Low income,83.044,88.264,1669.72764267278,5.219999999999999,94.08592404604369,7.420415803890578
MDG,Madagascar,1990,Sub-Saharan Africa,Low income,83.871,88.607,1968.27239771424,4.736000000000004,94.65504982676312,7.584911481506621
MDG,Madagascar,1991,Sub-Saharan Africa,Low income,83.848,88.564,1789.84169366249,4.715999999999994,94.67503726118966,7.489882455629117
MDG,Madagascar,1992,Sub-Saharan Africa,Low income,83.824,88.483,1757.29459775259,4.659000000000006,94.73458178407151,7.471530745021256
MDG,Madagascar,1993,Sub-Saharan Africa,Low income,83.804,88.413,1740.29513594203,4.608999999999995,94.7869657177112,7.461809996182496
MDG,Madagascar,2006,Sub-Saharan Africa,Low income,84.104,88.978,1686.86335460016,4.873999999999995,94.52224145294343,7.430626080213892
MDG,Madagascar,2007,Sub-Saharan Africa,Low income,84.08,89.031,1731.61751794976,4.951000000000008,94.43901562377148,7.456811232142756
MDG,Madagascar,2008,Sub-Saharan Africa,Low income,84.04,89.069,1794.40235887329,5.028999999999996,94.35381558117865,7.492427297780084
MDG,Madagascar,2024,Sub-Saharan Africa,Low income,82.915,88.051,1659.15030770194,5.135999999999996,94.16701684251173,7.4140608874739335
MDG,Madagascar,2001,Sub-Saharan Africa,Low income,83.976,88.767,1748.50350929178,4.790999999999997,94.6027239852648,7.466515563531316
MDG,Madagascar,2002,Sub-Saharan Africa,Low income,84.029,88.938,1486.43429741771,4.909000000000006,94.48042456542758,7.304135441944144
MDG,Madagascar,2003,Sub-Saharan Africa,Low income,84.064,88.947,1584.74925232364,4.88300000000001,94.51021394763173,7.368181473369648
MDG,Madagascar,2000,Sub-Saharan Africa,Low income,83.936,88.71,1701.44320253582,4.773999999999987,94.61841956938339,7.439232112564426
MDG,Madagascar,2005,Sub-Saharan Africa,Low income,84.114,88.908,1648.17631554009,4.793999999999997,94.60790929950062,7.407424692331659
MDG,Madagascar,2014,Sub-Saharan Africa,Low income,83.414,88.921,1620.357889066,5.507000000000005,93.8068622710046,7.390402323003925
MDG,Madagascar,2022,Sub-Saharan Africa,Low income,82.83,88.083,1602.42805197529,5.253,94.03630666530431,7.379275290423594
MDG,Madagascar,2004,Sub-Saharan Africa,Low income,84.094,88.948,1620.11953793293,4.853999999999999,94.54287898547466,7.3902552143516544
MDG,Madagascar,2015,Sub-Saharan Africa,Low income,83.249,88.851,1627.5806134224,5.602000000000004,93.69506252039932,7.394849904912826
MDG,Madagascar,2023,Sub-Saharan Africa,Low income,82.866,88.081,1629.6055225489,5.215000000000003,94.07931335929428,7.3960932538052955
MWI,Malawi,2005,Sub-Saharan Africa,Low income,78.159,83.73,1214.7426419188,5.570999999999998,93.34647079899679,7.1022875159874035
MWI,Malawi,2006,Sub-Saharan Africa,Low income,76.752,82.935,1237.27386519947,6.183000000000007,92.54476397178513,7.120665742552388
MWI,Malawi,2004,Sub-Saharan Africa,Low income,78.157,83.724,1208.2196975075,5.567000000000007,93.35077158281973,7.096903230756235
MWI,Malawi,2001,Sub-Saharan Africa,Low income,78.122,83.793,1149.58039601898,5.6710000000000065,93.23213156230233,7.047152281747962
MWI,Malawi,2007,Sub-Saharan Africa,Low income,75.281,82.107,1318.33196397214,6.825999999999993,91.68645791467233,7.184122552826764
MWI,Malawi,2020,Sub-Saharan Africa,Low income,63.125,73.859,1656.43985192533,10.733999999999995,85.46690315330562,7.412425910742852
MWI,Malawi,2021,Sub-Saharan Africa,Low income,58.786,67.439,1687.59358179651,8.652999999999992,87.1691454499622,7.431058877088478
MWI,Malawi,2018,Sub-Saharan Africa,Low income,58.895,68.255,1638.91665761076,9.359999999999992,86.28671892169073,7.40179072791511
MWI,Malawi,2019,Sub-Saharan Africa,Low income,59.03,67.891,1687.28944917892,8.861000000000004,86.94819637359885,7.430878644105218
MWI,Malawi,2022,Sub-Saharan Africa,Low income,58.75,67.767,1659.95933825168,9.016999999999996,86.69411365413845,7.4145483860214725
MWI,Malawi,2023,Sub-Saharan Africa,Low income,58.644,67.726,1649.29873234551,9.082,86.59008357204027,7.408105465852289
MWI,Malawi,2024,Sub-Saharan Africa,Low income,58.534,67.689,1634.24660266597,9.154999999999994,86.47490729660655,7.398937183656944
MWI,Malawi,1999,Sub-Saharan Africa,Low income,78.086,83.876,1249.77523298871,5.790000000000006,93.0969526443798,7.130719000518909
MWI,Malawi,2002,Sub-Saharan Africa,Low income,78.133,83.771,1140.84274642418,5.638000000000005,93.26974728724737,7.039522519526208
MWI,Malawi,2003,Sub-Saharan Africa,Low income,78.146,83.744,1176.12385998737,5.597999999999999,93.31534199465037,7.0699794460309935
MWI,Malawi,2017,Sub-Saharan Africa,Low income,58.774,68.586,1613.0593571462,9.811999999999998,85.69387338523897,7.385887876670825
MWI,Malawi,1990,Sub-Saharan Africa,Low income,78.352,83.193,1047.46436351132,4.840999999999994,94.18100080535623,6.954127630703329
MWI,Malawi,1991,Sub-Saharan Africa,Low income,78.29,83.366,1104.3904622212,5.075999999999993,93.91118681476863,7.007048843855361
MWI,Malawi,1992,Sub-Saharan Africa,Low income,78.232,83.528,994.036504790471,5.2960000000000065,93.65961114835743,6.901773931123541
MWI,Malawi,1993,Sub-Saharan Africa,Low income,78.181,83.662,1074.58485213269,5.481000000000009,93.44863856948196,6.97968968191088
MWI,Malawi,1994,Sub-Saharan Africa,Low income,78.143,83.76,975.849640143399,5.617000000000004,93.29393505253104,6.883308517314934
MWI,Malawi,1995,Sub-Saharan Africa,Low income,78.119,83.814,1140.75609365079,5.694999999999993,93.2051924499487,7.039446561586617
MWI,Malawi,1996,Sub-Saharan Africa,Low income,78.109,83.83,1200.32058232422,5.721000000000004,93.1754741739234,7.0903439520342175
MWI,Malawi,1997,Sub-Saharan Africa,Low income,78.102,83.84,1221.09404555353,5.7379999999999995,93.15601145038168,7.10750249452992
MWI,Malawi,1998,Sub-Saharan Africa,Low income,78.086,83.875,1241.52433181826,5.7890000000000015,93.09806259314456,7.1240952034821134
MWI,Malawi,2013,Sub-Saharan Africa,Low income,65.572,75.418,1555.50607410511,9.846000000000004,86.94476119759209,7.349556221251386
MWI,Malawi,2000,Sub-Saharan Africa,Low income,78.106,83.828,1239.39174838676,5.722000000000008,93.17411843298181,7.122376012757546
MWI,Malawi,2015,Sub-Saharan Africa,Low income,62.23,72.125,1597.69145324855,9.895000000000003,86.28076256499133,7.376315024609785
MWI,Malawi,2016,Sub-Saharan Africa,Low income,60.514,70.384,1593.59549264808,9.869999999999997,85.97692657422141,7.37374805841775
MWI,Malawi,2008,Sub-Saharan Africa,Low income,73.747,81.245,1378.42886690465,7.498000000000005,90.77112437688473,7.22869962732224
MWI,Malawi,2009,Sub-Saharan Africa,Low income,72.149,80.348,1449.72601522136,8.198999999999998,89.79563897047842,7.2791298625406196
MWI,Malawi,2010,Sub-Saharan Africa,Low income,70.49,79.416,1504.37514113215,8.926000000000002,88.76045129444948,7.316132902351806
MWI,Malawi,2011,Sub-Saharan Africa,Low income,68.774,78.449,1533.22889572405,9.674999999999997,87.66714680875474,7.335131180005069
MWI,Malawi,2012,Sub-Saharan Africa,Low income,67.192,76.967,1518.14803849238,9.775000000000006,87.29975184169838,7.325246475264099
MWI,Malawi,2014,Sub-Saharan Africa,Low income,63.917,73.803,1597.56484331405,9.885999999999996,86.60488056041082,7.376235775921846
MYS,Malaysia,2008,East Asia & Pacific,Upper middle income,43.866,76.829,22898.0027575442,32.962999999999994,57.095627952986504,10.038804969911045
MYS,Malaysia,2010,East Asia & Pacific,Upper middle income,44.792,77.122,23307.9698543785,32.33,58.07940665439174,10.056550634902703
MYS,Malaysia,2007,East Asia & Pacific,Upper middle income,43.436,76.748,22305.118263117,33.312000000000005,56.595611612028975,10.012571449638289
MYS,Malaysia,1990,East Asia & Pacific,Upper middle income,35.83,76.301,12013.6969483112,40.471000000000004,46.95875545536755,9.39380269021358
MYS,Malaysia,2009,East Asia & Pacific,Upper middle income,44.31,76.967,22106.6417311801,32.657,57.57012745722193,10.00363337317813
MYS,Malaysia,2005,East Asia & Pacific,Upper middle income,42.637,76.791,20767.5857243346,34.153999999999996,55.52343373572424,9.941148671516654
MYS,Malaysia,2006,East Asia & Pacific,Upper middle income,43.027,76.734,21444.4857715028,33.706999999999994,56.07292725519327,9.97322281771747
MYS,Malaysia,2022,East Asia & Pacific,Upper middle income,51.597,79.348,32129.2217820113,27.750999999999998,65.02621364117557,10.377521230901893
MYS,Malaysia,2023,East Asia & Pacific,Upper middle income,51.592,79.306,32857.6676600774,27.714,65.05434645550147,10.399940410985689
MYS,Malaysia,2024,East Asia & Pacific,Upper middle income,51.617,79.181,34116.2317848885,27.564,65.18861848170647,10.437528555438917
MYS,Malaysia,1996,East Asia & Pacific,Upper middle income,38.438,77.15,17771.7118795056,38.712,49.82242384964355,9.785363251877657
MYS,Malaysia,1997,East Asia & Pacific,Upper middle income,38.973,77.339,18604.514527465,38.366,50.39242814104139,9.831159546780777
MYS,Malaysia,1998,East Asia & Pacific,Upper middle income,39.505,77.528,16817.1719190401,38.023,50.95578371685069,9.73015578140206
MYS,Malaysia,1999,East Asia & Pacific,Upper middle income,40.062,77.668,17428.6256563043,37.60600000000001,51.58108873667404,9.765869286082536
MYS,Malaysia,2000,East Asia & Pacific,Upper middle income,40.593,77.675,18532.9096706227,37.081999999999994,52.260057933698114,9.827303331810507
MYS,Malaysia,2001,East Asia & Pacific,Upper middle income,41.052,77.52,18186.4411330146,36.467999999999996,52.956656346749234,9.808431602728422
MYS,Malaysia,2002,East Asia & Pacific,Upper middle income,41.471,77.299,18708.8694877279,35.82800000000001,53.65011190312939,9.836752994552588
MYS,Malaysia,2003,East Asia & Pacific,Upper middle income,41.868,77.095,19329.0062757538,35.227,54.30702380180298,9.869362162487429
MYS,Malaysia,1991,East Asia & Pacific,Upper middle income,35.941,76.215,12795.0498964228,40.274,47.157383717116055,9.45681364826763
MYS,Malaysia,1992,East Asia & Pacific,Upper middle income,36.422,76.41,13567.8936121181,39.988,47.66653579374427,9.515461516912948
MYS,Malaysia,1993,East Asia & Pacific,Upper middle income,36.91,76.595,14533.790397007,39.685,48.18852405509498,9.5842315895098409
MYS,Malaysia,1994,East Asia & Pacific,Upper middle income,37.403,76.777,15474.0144648307,39.374,48.716412467275354,9.64691740989187
MYS,Malaysia,1995,East Asia & Pacific,Upper middle income,37.913,76.962,16568.5160590209,39.04900000000001,49.26197344143863,9.715259550527374
MYS,Malaysia,2013,East Asia & Pacific,Upper middle income,48.76,77.855,25736.3525554142,29.095000000000006,62.62924667651403,10.155659767745385
MYS,Malaysia,2014,East Asia & Pacific,Upper middle income,50.475,78.146,26818.4317281659,27.671,64.59063803649579,10.19684468115754
MYS,Malaysia,2011,East Asia & Pacific,Upper middle income,45.295,77.254,24115.8181203958,31.959000000000003,58.63126828384291,10.09062325771636
MYS,Malaysia,2012,East Asia & Pacific,Upper middle income,47.029,77.556,25006.3587781537,30.526999999999994,60.63876424776936,10.126885422634722
MYS,Malaysia,2004,East Asia & Pacific,Upper middle income,42.255,76.918,20168.5062099425,34.663000000000004,54.93512571829741,9.911877568212745
MYS,Malaysia,2018,East Asia & Pacific,Upper middle income,51.625,78.068,30459.9655338061,26.442999999999998,66.1282471691346,10.324168494925404
MYS,Malaysia,2015,East Asia & Pacific,Upper middle income,50.83,78.196,27699.6278860387,27.366,65.00332497825976,10.229174258368182
MYS,Malaysia,2016,East Asia & Pacific,Upper middle income,50.986,77.822,28425.3707609412,26.836000000000006,65.5161779445401,10.255037362014452
MYS,Malaysia,2021,East Asia & Pacific,Upper middle income,51.371,78.364,29822.8491831618,26.993000000000002,65.55433617477414,10.303030129802847
MYS,Malaysia,2017,East Asia & Pacific,Upper middle income,51.285,77.714,29551.5457597197,26.429000000000002,65.99197055871528,10.293891331439719
MYS,Malaysia,2019,East Asia & Pacific,Upper middle income,51.783,78.444,31300.5086554849,26.661,66.01269695579012,10.351389627370157
MYS,Malaysia,2020,East Asia & Pacific,Upper middle income,51.371,78.053,29200.452632127,26.681999999999995,65.81553559760675,10.281939489236471
MDV,Maldives,1990,South Asia,Upper middle income,19.882,76.017,8945.80478665277,56.13499999999999,26.154675927753008,9.098939962454994
MDV,Maldives,1991,South Asia,Upper middle income,21.338,75.537,8799.25510927462,54.199000000000005,28.248408064921826,9.082422350210228
MDV,Maldives,2016,South Asia,Upper middle income,38.986,68.159,19345.1792343541,29.17300000000001,57.19860913452368,9.870198532243105
MDV,Maldives,1992,South Asia,Upper middle income,22.852,74.987,9120.9918309279,52.13499999999999,30.474615600037342,9.118333830546373
MDV,Maldives,1993,South Asia,Upper middle income,24.427,74.378,9378.52243653043,49.951,32.841700502836865,9.146177506834308
MDV,Maldives,2015,South Asia,Upper middle income,38.573,67.651,18829.4481529112,29.077999999999996,57.01763462476534,9.843177314419366
MDV,Maldives,1995,South Asia,Upper middle income,27.726,72.956,10894.1730236585,45.230000000000004,38.00372827457645,9.295983340290277
MDV,Maldives,1996,South Asia,Upper middle income,29.501,72.646,11495.0988639063,43.144999999999996,40.60925584340501,9.349676037761107
MDV,Maldives,1997,South Asia,Upper middle income,31.318,72.274,12210.9687208916,40.956,43.3323186761491,9.410089902277992
MDV,Maldives,1994,South Asia,Upper middle income,26.06,73.72,9866.07502836993,47.66,35.34997287032013,9.196857386505284
MDV,Maldives,2011,South Asia,Upper middle income,36.983,65.571,17581.7676697752,28.588,56.40145796159888,9.774617716228446
MDV,Maldives,2012,South Asia,Upper middle income,37.361,66.08,17390.1474995422,28.719,56.53904358353511,9.763659089172174
MDV,Maldives,2013,South Asia,Upper middle income,37.756,66.603,17986.8907361645,28.846999999999994,56.68813717099831,9.797398479109226
MDV,Maldives,2014,South Asia,Upper middle income,38.163,67.132,18765.3592118344,28.96900000000001,56.84770303283083,9.839767854036284
MDV,Maldives,2001,South Asia,Upper middle income,37.045,70.437,12977.9990665612,33.391999999999996,52.5930973777986,9.471010823256409
MDV,Maldives,2002,South Asia,Upper middle income,37.054,69.898,13689.8065561949,32.843999999999994,53.011531088157035,9.5244067878828
MDV,Maldives,2003,South Asia,Upper middle income,37.061,69.353,15316.1192814998,32.291999999999994,53.43820743154586,9.63666110059897
MDV,Maldives,2004,South Asia,Upper middle income,37.065,68.803,15958.6557759464,31.738,53.871197476854206,9.67775664289195
MDV,Maldives,2005,South Asia,Upper middle income,37.066,68.244,13942.8753891662,31.177999999999997,54.31393236035402,9.54272393199423
MDV,Maldives,2006,South Asia,Upper middle income,36.958,67.486,16829.9768208157,30.528000000000006,54.76395104169753,9.730916909929935
MDV,Maldives,2007,South Asia,Upper middle income,36.73,66.514,17439.9504862625,29.784,55.22145713684337,9.766518858368487
MDV,Maldives,2008,South Asia,Upper middle income,36.495,65.536,18344.4866455436,29.041000000000004,55.68695068359375,9.817084353053257
MDV,Maldives,2009,South Asia,Upper middle income,36.285,64.609,16230.0089361263,28.323999999999998,56.16090637527279,9.694617211101603
MDV,Maldives,2010,South Asia,Upper middle income,36.624,65.08,16730.0144200167,28.455999999999996,56.27535341118624,9.724959655906183
MDV,Maldives,1998,South Asia,Upper middle income,33.18,71.864,12884.7223193763,38.684000000000005,46.17054436157185,9.46379757216556
MDV,Maldives,1999,South Asia,Upper middle income,35.085,71.424,13449.2026730153,36.339000000000006,49.122143817204304,9.506675102456102
MDV,Maldives,2000,South Asia,Upper middle income,37.037,70.976,13738.2809408875,33.939,52.18242786293958,9.527941444476472
MDV,Maldives,2024,South Asia,Upper middle income,40.455,75.968,23034.4098404839,35.513000000000005,53.25268534119629,10.044744456919563
MDV,Maldives,2020,South Asia,Upper middle income,37.104,70.308,14242.9750701162,33.20400000000001,52.77351083802696,9.564019086607715
MDV,Maldives,2017,South Asia,Upper middle income,39.781,71.038,20036.7165354949,31.256999999999998,55.999605844759145,9.905321696240469
MDV,Maldives,2018,South Asia,Upper middle income,40.382,73.947,21072.5805249694,33.565000000000005,54.60938239549947,9.955727973194003
MDV,Maldives,2019,South Asia,Upper middle income,40.76,76.891,21855.501224579,36.13100000000001,53.01010521387418,9.992207941126356
MDV,Maldives,2021,South Asia,Upper middle income,37.995,71.857,19052.6224904311,33.862,52.8758506478144,9.854960034619781
MDV,Maldives,2022,South Asia,Upper middle income,40.171,76.23,21357.8112511153,36.059000000000005,52.69710087891906,9.969172818306697
MDV,Maldives,2023,South Asia,Upper middle income,40.311,76.108,22333.0477138175,35.797000000000004,52.96552267829926,10.01382282068967
MLI,Mali,1991,Sub-Saharan Africa,Low income,60.477,80.312,2087.9190293852,19.835,75.30256997708935,7.6439231692205265
MLI,Mali,1996,Sub-Saharan Africa,Low income,60.422,80.317,2105.27530135189,19.894999999999996,75.22940348867613,7.652201522055145
MLI,Mali,1992,Sub-Saharan Africa,Low income,60.441,80.381,1942.72857140951,19.939999999999998,75.19314265809085,7.571848743998671
MLI,Mali,1993,Sub-Saharan Africa,Low income,60.419,80.414,1985.3806486371,19.995000000000005,75.1349267540478,7.5935659372747875
MLI,Mali,1994,Sub-Saharan Africa,Low income,60.409,80.41,2051.75478429108,20.000999999999998,75.12622808108445,7.6264506983170595
MLI,Mali,1990,Sub-Saharan Africa,Low income,60.519,80.224,1890.50212990708,19.705000000000005,75.43752493019544,7.544597749967264
MLI,Mali,2021,Sub-Saharan Africa,Low income,52.981,80.334,2796.22793795431,27.353,65.95090497174297,7.936026622904394
MLI,Mali,2022,Sub-Saharan Africa,Low income,53.009,81.242,2813.81095962565,28.233000000000004,65.24827059895128,7.94229505689098
MLI,Mali,2023,Sub-Saharan Africa,Low income,53.06,81.141,2861.48058063314,28.081000000000003,65.39234172613105,7.959094455397032
MLI,Mali,2024,Sub-Saharan Africa,Low income,53.093,81.045,2917.93245883671,27.951999999999998,65.51051884755384,7.978630582425785
MLI,Mali,2008,Sub-Saharan Africa,Low income,60.442,80.077,2523.19961270039,19.634999999999998,75.47985064375538,7.833283062713355
MLI,Mali,1997,Sub-Saharan Africa,Low income,60.437,80.251,2142.78769300012,19.814000000000007,75.30996498485999,7.6698629205705435
MLI,Mali,1998,Sub-Saharan Africa,Low income,60.461,80.158,2228.20055527642,19.697000000000003,75.42728111978842,7.708949612829215
MLI,Mali,1999,Sub-Saharan Africa,Low income,60.489,80.057,2269.08741151657,19.568000000000005,75.55741534156913,7.7271330082848575
MLI,Mali,2000,Sub-Saharan Africa,Low income,60.512,79.966,2187.71894207161,19.453999999999994,75.67216066828402,7.690614701027484
MLI,Mali,2017,Sub-Saharan Africa,Low income,57.877,80.259,2816.19423901587,22.381999999999998,72.11278485901893,7.943141691822384
MLI,Mali,2018,Sub-Saharan Africa,Low income,55.62,80.742,2862.40728987476,25.122000000000007,68.88608159322285,7.95941825952132
MLI,Mali,2019,Sub-Saharan Africa,Low income,53.387,81.173,2916.17167791084,27.786,65.76940608330356,7.978026965850536
MLI,Mali,2020,Sub-Saharan Africa,Low income,50.63,80.957,2796.41038444386,30.32699999999999,62.539372753437014,7.9360918681353905
MLI,Mali,2004,Sub-Saharan Africa,Low income,60.555,79.772,2565.9774456147,19.217000000000006,75.91009376723662,7.850094755431067
MLI,Mali,2005,Sub-Saharan Africa,Low income,60.536,79.821,2546.33281405861,19.284999999999997,75.83969130930457,7.84240949094285
MLI,Mali,2006,Sub-Saharan Africa,Low income,60.508,79.896,2555.07476258805,19.387999999999998,75.7334534895364,7.845836763496609
MLI,Mali,2007,Sub-Saharan Africa,Low income,60.478,79.977,2515.94692366143,19.499000000000002,75.61924053165285,7.830404522073744
MLI,Mali,2012,Sub-Saharan Africa,Low income,60.22,80.701,2520.52931086804,20.480999999999995,74.62113232797611,7.832224202444571
MLI,Mali,1995,Sub-Saharan Africa,Low income,60.413,80.372,2022.40378268201,19.959000000000003,75.16672473000547,7.612042074343397
MLI,Mali,2010,Sub-Saharan Africa,Low income,60.35,80.333,2632.2646821909,19.982999999999997,75.12479304893381,7.875599850531513
MLI,Mali,2011,Sub-Saharan Africa,Low income,60.296,80.484,2623.34627008698,20.187999999999995,74.91675364047514,7.872205984149343
MLI,Mali,2003,Sub-Saharan Africa,Low income,60.559,79.77,2611.8368552722,19.211,75.91701140779742,7.867809028748926
MLI,Mali,2013,Sub-Saharan Africa,Low income,60.158,80.877,2528.5300676726,20.718999999999994,74.3820863780803,7.8353934119552076
MLI,Mali,2001,Sub-Saharan Africa,Low income,60.534,79.878,2458.46155673065,19.344,75.78306918050026,7.807291049849789
MLI,Mali,2002,Sub-Saharan Africa,Low income,60.552,79.808,2455.61935702417,19.256000000000007,75.8720930232558,7.806134292330616
MLI,Mali,2015,Sub-Saharan Africa,Low income,61.216,79.758,2686.56065073799,18.541999999999994,76.752175330374385,7.896017086030916
MLI,Mali,2016,Sub-Saharan Africa,Low income,59.554,80.01,2759.11051293341,20.456000000000003,74.43319585051869,7.922663628845828
MLI,Mali,2009,Sub-Saharan Africa,Low income,60.4,80.194,2575.54549773648,19.794000000000004,75.31735541312318,7.853816634443269
MLI,Mali,2014,Sub-Saharan Africa,Low income,60.137,80.934,2609.16733048395,20.796999999999997,74.30375367583464,7.866786418949774
MLT,Malta,1990,"Middle East, North Africa, Afghanistan & Pakistan",High income,26.827,74.273,18208.1055963545,47.446,36.11945121376544,9.809622136357532
MLT,Malta,1999,"Middle East, North Africa, Afghanistan & Pakistan",High income,30.073,71.261,26127.0614292927,41.187999999999995,42.20120402464181,10.170726892538577
MLT,Malta,2000,"Middle East, North Africa, Afghanistan & Pakistan",High income,29.754,70.389,31068.0784498241,40.63499999999999,42.27080935941696,10.343936154636907
MLT,Malta,2001,"Middle East, North Africa, Afghanistan & Pakistan",High income,29.365,71.826,30602.1099973654,42.461,40.88352407206305,10.328824239725511
MLT,Malta,2002,"Middle East, North Africa, Afghanistan & Pakistan",High income,30.571,70.157,31207.4322052709,39.586,43.575124363926626,10.348411557137071
MLT,Malta,2003,"Middle East, North Africa, Afghanistan & Pakistan",High income,30.112,70.017,32147.8757483202,39.905,43.00669837325221,10.378101654335723
MLT,Malta,2007,"Middle East, North Africa, Afghanistan & Pakistan",High income,32.084,67.555,34981.7020970372,35.471000000000004,47.49315372659314,10.462580406537922
MLT,Malta,2004,"Middle East, North Africa, Afghanistan & Pakistan",High income,27.775,69.485,32062.7641222076,41.71,39.972655968914154,10.375450639608868
MLT,Malta,2005,"Middle East, North Africa, Afghanistan & Pakistan",High income,29.883,68.077,32776.9683721182,38.194,43.89588260352248,10.397481363948856
MLT,Malta,2006,"Middle East, North Africa, Afghanistan & Pakistan",High income,30.178,68.018,33420.7141096927,37.84,44.367667382163546,10.416931169655768
MLT,Malta,2024,"Middle East, North Africa, Afghanistan & Pakistan",High income,55.894,71.824,62398.4892388947,15.93,77.82078413900646,11.04129634314928
MLT,Malta,2011,"Middle East, North Africa, Afghanistan & Pakistan",High income,35.559,67.54,37740.8473665429,31.98100000000001,52.648800710689954,10.538498271414067
MLT,Malta,2012,"Middle East, North Africa, Afghanistan & Pakistan",High income,38.681,66.881,38937.1487755674,28.200000000000003,57.8355586788475,10.56970405527898
MLT,Malta,2013,"Middle East, North Africa, Afghanistan & Pakistan",High income,40.724,67.608,40921.3167795062,26.884000000000007,60.23547509170511,10.61940639891014
MLT,Malta,2014,"Middle East, North Africa, Afghanistan & Pakistan",High income,42.259,68.172,43163.1473000396,25.912999999999997,61.988793052866285,10.672742338401079
MLT,Malta,2015,"Middle East, North Africa, Afghanistan & Pakistan",High income,43.02,68.255,46171.8893420758,25.234999999999992,63.02834957145998,10.740126436086253
MLT,Malta,1991,"Middle East, North Africa, Afghanistan & Pakistan",High income,27.014,73.937,18832.8308204007,46.923,36.53651081325994,9.843356946007832
MLT,Malta,1992,"Middle East, North Africa, Afghanistan & Pakistan",High income,27.458,73.542,19513.9107402762,46.084,37.33648799325555,9.878882861519697
MLT,Malta,1993,"Middle East, North Africa, Afghanistan & Pakistan",High income,27.944,73.05,20185.6644858263,45.105999999999995,38.25325119780972,9.912727952528517
MLT,Malta,1994,"Middle East, North Africa, Afghanistan & Pakistan",High income,28.177,72.647,21127.8495305273,44.470000000000006,38.78618525197186,9.958347332147712
MLT,Malta,1995,"Middle East, North Africa, Afghanistan & Pakistan",High income,28.386,72.365,22311.7929397361,43.979,39.22614523595661,10.012870649044476
MLT,Malta,1996,"Middle East, North Africa, Afghanistan & Pakistan",High income,28.933,72.213,23003.0667186164,43.279999999999994,40.06619306773019,10.043382821614903
MLT,Malta,1997,"Middle East, North Africa, Afghanistan & Pakistan",High income,29.544,71.817,24029.7879284425,42.272999999999996,41.13789214252893,10.087049503408279
MLT,Malta,1998,"Middle East, North Africa, Afghanistan & Pakistan",High income,29.742,71.721,25097.8083418163,41.979,41.46902580834065,10.130535804248407
MLT,Malta,2019,"Middle East, North Africa, Afghanistan & Pakistan",High income,49.326,70.693,53393.4231642463,21.366999999999997,69.77494235638608,10.885442855645024
MLT,Malta,2016,"Middle East, North Africa, Afghanistan & Pakistan",High income,44.653,68.463,46967.3486291212,23.809999999999995,65.22209076435446,10.757207929250674
MLT,Malta,2017,"Middle East, North Africa, Afghanistan & Pakistan",High income,46.159,69.033,51628.2677400365,22.874000000000002,66.86512247765562,10.85182462588795
MLT,Malta,2018,"Middle East, North Africa, Afghanistan & Pakistan",High income,48.214,70,53419.0022708322,21.786,68.87714285714286,10.885921809417878
MLT,Malta,2010,"Middle East, North Africa, Afghanistan & Pakistan",High income,34.347,67.277,37528.7341525511,32.93,51.05310878903637,10.532862162611421
MLT,Malta,2020,"Middle East, North Africa, Afghanistan & Pakistan",High income,51.25,71.006,50389.6963309289,19.756,72.17699912683435,10.827541995280793
MLT,Malta,2008,"Middle East, North Africa, Afghanistan & Pakistan",High income,33.129,66.723,36287.726099619,33.594,49.651544444944015,10.499234839098703
MLT,Malta,2009,"Middle East, North Africa, Afghanistan & Pakistan",High income,33.577,66.829,35512.6774555483,33.251999999999995,50.243157910487966,10.477645023138296
MLT,Malta,2022,"Middle East, North Africa, Afghanistan & Pakistan",High income,55.307,72.049,56874.4339327368,16.742000000000004,76.76303626698497,10.94860120337272
MLT,Malta,2023,"Middle East, North Africa, Afghanistan & Pakistan",High income,55.525,72.397,60459.7655182644,16.872000000000007,76.69516692680635,11.009733390030599
MLT,Malta,2021,"Middle East, North Africa, Afghanistan & Pakistan",High income,52.216,71.852,56823.9958525022,19.636000000000003,72.67160273896343,10.947713977689157
MRT,Mauritania,1996,Sub-Saharan Africa,Lower middle income,27.045,65.837,5650.34118025632,38.792,41.07872472925559,8.639471208203407
MRT,Mauritania,1997,Sub-Saharan Africa,Lower middle income,27.36,65.402,5302.36663255523,38.042,41.833583070854104,8.57590853431776
MRT,Mauritania,1999,Sub-Saharan Africa,Lower middle income,27.996,64.527,5359.98881964397,36.531000000000006,43.38648937654005,8.586717168175353
MRT,Mauritania,2017,Sub-Saharan Africa,Lower middle income,26.215,57.508,6050.62180325299,31.293000000000003,45.58496209223065,8.707916323140841
MRT,Mauritania,2018,Sub-Saharan Africa,Lower middle income,26.234,57.427,6153.63790241704,31.192999999999998,45.68234454176607,8.724798714764637
MRT,Mauritania,1998,Sub-Saharan Africa,Lower middle income,27.676,64.964,5310.15819056524,37.288,42.60205652361307,8.57737690485914
MRT,Mauritania,1994,Sub-Saharan Africa,Lower middle income,26.425,66.701,5097.20838953702,40.275999999999996,39.617097194944606,8.536448294247666
MRT,Mauritania,1995,Sub-Saharan Africa,Lower middle income,26.733,66.268,5446.26956021532,39.535,40.340737610913266,8.602686168926754
MRT,Mauritania,2008,Sub-Saharan Africa,Lower middle income,27.68,62.226,5813.35608502791,34.546,44.48301353132131,8.667913322496132
MRT,Mauritania,2009,Sub-Saharan Africa,Lower middle income,27.589,61.968,5639.78744910419,34.379000000000005,44.52136586625354,8.637601657452914
MRT,Mauritania,2010,Sub-Saharan Africa,Lower middle income,27.505,61.724,5605.76388862715,34.218999999999994,44.5612727626207,8.63155061321863
MRT,Mauritania,2011,Sub-Saharan Africa,Lower middle income,27.427,61.493,5653.21720092427,34.066,44.60182459792171,8.63998007817745
MRT,Mauritania,2012,Sub-Saharan Africa,Lower middle income,27.353,61.274,5716.25195414285,33.921,44.64046740868884,8.651068616829692
MRT,Mauritania,2014,Sub-Saharan Africa,Lower middle income,26.909,59.802,5837.85203095508,32.893,44.996822848734155,8.67211820524754
MRT,Mauritania,2015,Sub-Saharan Africa,Lower middle income,26.679,59.043,5969.54239289516,32.364000000000004,45.18571210812459,8.694425552342464
MRT,Mauritania,2016,Sub-Saharan Africa,Lower middle income,26.447,58.278,5866.28144674129,31.831,45.38076117917568,8.676976227714977
MRT,Mauritania,1990,Sub-Saharan Africa,Lower middle income,25.23,68.451,5519.61033558343,43.22099999999999,36.8584827102599,8.61606254539964
MRT,Mauritania,1991,Sub-Saharan Africa,Lower middle income,25.526,68.02,5456.55575948293,42.494,37.5271978829756,8.604573056411025
MRT,Mauritania,1992,Sub-Saharan Africa,Lower middle income,25.822,67.58,5350.11803590657,41.757999999999996,38.20952944658183,8.584873902432948
MRT,Mauritania,1993,Sub-Saharan Africa,Lower middle income,26.121,67.138,5439.82228683144,41.01700000000001,38.90643152908934,8.601501671454514
MRT,Mauritania,2006,Sub-Saharan Africa,Lower middle income,27.854,62.725,6284.70209004217,34.871,44.40653646871263,8.745873719748525
MRT,Mauritania,2007,Sub-Saharan Africa,Lower middle income,27.77,62.482,6002.77832134488,34.712,44.4448001024295,8.699977694591459
MRT,Mauritania,2022,Sub-Saharan Africa,Lower middle income,26.05,57.231,6053.26178124768,31.181,45.51728958082158,8.708352543138847
MRT,Mauritania,2023,Sub-Saharan Africa,Lower middle income,26.198,57.002,6276.47521075653,30.804000000000002,45.959790884530364,8.744563829717528
MRT,Mauritania,2024,Sub-Saharan Africa,Lower middle income,26.239,56.851,6482.69016635936,30.612,46.15398146030853,8.776890852325295
MRT,Mauritania,2002,Sub-Saharan Africa,Lower middle income,28.159,63.624,4806.89853329148,35.465,44.25845592858041,8.477807359556241
MRT,Mauritania,2003,Sub-Saharan Africa,Lower middle income,28.086,63.407,5023.65213216804,35.321,44.29479395019477,8.521912464542162
MRT,Mauritania,2000,Sub-Saharan Africa,Lower middle income,28.317,64.086,5008.60806518774,35.769,44.185937646287805,8.518913324176793
MRT,Mauritania,2001,Sub-Saharan Africa,Lower middle income,28.228,63.832,4847.41085992453,35.604,44.22233362576764,8.486199998071923
MRT,Mauritania,2020,Sub-Saharan Africa,Lower middle income,25.873,56.669,5963.23549724988,30.795999999999996,45.65635532654538,8.693368481425596
MRT,Mauritania,2021,Sub-Saharan Africa,Lower middle income,26.069,56.753,5836.56580821897,30.684,45.93413564040667,8.671897856317248
MRT,Mauritania,2004,Sub-Saharan Africa,Lower middle income,28.011,63.186,5139.22552032468,35.175,44.33102269490077,8.54465767011666
MRT,Mauritania,2005,Sub-Saharan Africa,Lower middle income,27.934,62.959,5445.82950903243,35.025000000000006,44.368557315078064,8.60260536702065
MRT,Mauritania,2019,Sub-Saharan Africa,Lower middle income,26.263,57.304,6162.21044455969,31.041,45.83100656149658,8.726190830563011
MRT,Mauritania,2013,Sub-Saharan Africa,Lower middle income,27.139,60.556,5769.72870902318,33.417,44.81636832023251,8.660380340896472
MUS,Mauritius,2006,Sub-Saharan Africa,Upper middle income,41.482,76.407,15932.8192222795,34.925,54.290837226955645,9.676136362906735
MUS,Mauritius,2002,Sub-Saharan Africa,Upper middle income,37.844,78.368,13837.6258025605,40.523999999999994,48.29011841567987,9.535146668398186
MUS,Mauritius,2005,Sub-Saharan Africa,Upper middle income,41.199,77.139,15264.5981839157,35.94,53.40878155018862,9.633291582118023
MUS,Mauritius,2018,Sub-Saharan Africa,Upper middle income,45.604,72.822,25243.886462031,27.218000000000004,62.623932328142594,10.136339285072046
MUS,Mauritius,2019,Sub-Saharan Africa,Upper middle income,46.423,72.932,25958.4900281465,26.509,63.65244337190808,10.164254003800723
MUS,Mauritius,2003,Sub-Saharan Africa,Upper middle income,41.132,79.639,14551.8784442579,38.507,51.64806187923002,9.58547536696474
MUS,Mauritius,2004,Sub-Saharan Africa,Upper middle income,39.769,77.694,15087.0687832797,37.925000000000004,51.18670682420778,9.621593283938829
MUS,Mauritius,2021,Sub-Saharan Africa,Upper middle income,40.56,64.467,23010.2013826906,23.906999999999996,62.91591046581972,10.043692934955068
MUS,Mauritius,2022,Sub-Saharan Africa,Upper middle income,42.521,68.477,25005.0666145723,25.956000000000003,62.095302072228634,10.126833747899537
MUS,Mauritius,2023,Sub-Saharan Africa,Upper middle income,47.644,70.301,26471.0351422892,22.657000000000004,67.77143995106755,10.183806400700915
MUS,Mauritius,2020,Sub-Saharan Africa,Upper middle income,43.111,68.174,22272.5398696677,25.06300000000001,63.2367178103089,10.011109802678176
MUS,Mauritius,2000,Sub-Saharan Africa,Upper middle income,38.661,78.683,13373.655799097,40.022000000000006,49.13513719609064,9.50104206571155
MUS,Mauritius,2001,Sub-Saharan Africa,Upper middle income,36.231,78.564,13712.5793901042,42.33299999999999,46.11654192760044,9.526068894182346
MUS,Mauritius,2015,Sub-Saharan Africa,Upper middle income,46.371,74.256,22499.0254570551,27.884999999999998,62.44747899159664,10.021227274234702
MUS,Mauritius,2016,Sub-Saharan Africa,Upper middle income,45.414,73.819,23357.230006621,28.405,61.52074669123125,10.05866185142749
MUS,Mauritius,2017,Sub-Saharan Africa,Upper middle income,45.716,73.953,24258.988821567,28.237000000000002,61.8176409341068,10.096542500737653
MUS,Mauritius,1990,Sub-Saharan Africa,Upper middle income,37.994,81.739,8986.03307171492,43.745000000000005,46.48209545015231,9.103426769983328
MUS,Mauritius,1991,Sub-Saharan Africa,Upper middle income,38.12,81.534,9283.84516043242,43.41400000000001,46.75350160669168,9.136031089145856
MUS,Mauritius,1992,Sub-Saharan Africa,Upper middle income,38.262,81.271,9759.21929141358,43.009,47.07952406147334,9.185967685573862
MUS,Mauritius,1993,Sub-Saharan Africa,Upper middle income,38.41,80.982,10134.3273767613,42.572,47.43029315156454,9.223683690305984
MUS,Mauritius,1994,Sub-Saharan Africa,Upper middle income,38.567,80.657,10406.771389602,42.089999999999996,47.81606060230359,9.250211968413012
MUS,Mauritius,1995,Sub-Saharan Africa,Upper middle income,38.735,80.291,10760.058004935,41.556,48.24326512311467,9.283596224494461
MUS,Mauritius,1996,Sub-Saharan Africa,Upper middle income,38.739,79.982,11245.7059722003,41.243,48.434647795754046,9.327741643409905
MUS,Mauritius,1997,Sub-Saharan Africa,Upper middle income,38.746,79.679,11737.4151476327,40.933,48.627618318502996,9.370536894321715
MUS,Mauritius,1998,Sub-Saharan Africa,Upper middle income,38.739,79.363,12319.8866544456,40.624,48.81241888537479,9.41897003691902
MUS,Mauritius,1999,Sub-Saharan Africa,Upper middle income,38.706,79.025,12481.8622000201,40.319,48.979436887061055,9.432031845537207
MUS,Mauritius,2014,Sub-Saharan Africa,Upper middle income,45.217,74.693,21721.3096444788,29.476,60.53713199362725,9.986049068937225
MUS,Mauritius,2010,Sub-Saharan Africa,Upper middle income,43.465,74.913,18925.5713852829,31.447999999999993,58.020637272569516,9.848269269938802
MUS,Mauritius,2007,Sub-Saharan Africa,Upper middle income,40.492,75.79,16774.5685137565,35.29800000000001,53.42657342657342,9.727619239527337
MUS,Mauritius,2008,Sub-Saharan Africa,Upper middle income,41.439,75.074,17627.1121948078,33.635,55.197538428750306,9.777193461340289
MUS,Mauritius,2009,Sub-Saharan Africa,Upper middle income,41.912,74.89,18171.6870025783,32.978,55.964748297503,9.807620002571717
MUS,Mauritius,2011,Sub-Saharan Africa,Upper middle income,42.612,74.246,19678.6022639733,31.633999999999993,57.39299086819493,9.887287144911891
MUS,Mauritius,2012,Sub-Saharan Africa,Upper middle income,43.028,74.361,20313.0328941469,31.333000000000006,57.863665093261254,9.919017973516738
MUS,Mauritius,2013,Sub-Saharan Africa,Upper middle income,44.956,74.449,20952.3775734986,29.492999999999995,60.38496151728029,9.950007406906169
MUS,Mauritius,2024,Sub-Saharan Africa,Upper middle income,47.45,69.877,27844.8956114831,22.426999999999992,67.90503312964209,10.234404947102506
MEX,Mexico,2006,Latin America & Caribbean,Upper middle income,42.334,80.98,20965.8256087044,38.646,52.27710545813782,9.950649039163578
MEX,Mexico,2010,Latin America & Caribbean,Upper middle income,42.946,79.258,20058.3854882301,36.312,54.18506649171062,9.906402574140818
MEX,Mexico,2007,Latin America & Caribbean,Upper middle income,42.718,80.644,21102.2688338349,37.926,52.97108278359208,9.957135841353374
MEX,Mexico,2008,Latin America & Caribbean,Upper middle income,42.568,80.203,20992.5602662364,37.635000000000005,53.0753213720185,9.95192338089968
MEX,Mexico,2005,Latin America & Caribbean,Upper middle income,41.15,80.706,20277.2552852007,39.556000000000004,50.98753500359329,9.917255107579269
MEX,Mexico,2020,Latin America & Caribbean,Upper middle income,41.704,72.492,19728.4817827455,30.788000000000004,57.52910666004525,9.889818646372431
MEX,Mexico,2021,Latin America & Caribbean,Upper middle income,44.615,76.673,20782.5877440905,32.058,58.18867137062591,9.941870787414398
MEX,Mexico,2009,Latin America & Caribbean,Upper middle income,43.08,79.466,19385.5437251877,36.385999999999996,54.21186419349156,9.872282898470386
MEX,Mexico,2023,Latin America & Caribbean,Upper middle income,47.317,77.551,21864.9236104145,30.234,61.014042372116414,9.992638970148464
MEX,Mexico,2024,Latin America & Caribbean,Upper middle income,47.414,77.215,21970.3520412926,29.801000000000002,61.405167389755874,9.99744918897775
MEX,Mexico,1997,Latin America & Caribbean,Upper middle income,39.641,83.689,18737.6426464292,44.047999999999995,47.36703748401821,9.83828975526669
MEX,Mexico,2022,Latin America & Caribbean,Upper middle income,46.004,77.314,21391.8573698845,31.309999999999995,59.502806736166804,9.970765631868323
MEX,Mexico,1999,Latin America & Caribbean,Upper middle income,38.527,82.735,19793.2852863293,44.208,46.566749259684535,9.893098032213011
MEX,Mexico,2000,Latin America & Caribbean,Upper middle income,38.866,82.128,20470.4937669158,43.262,47.32368984999026,9.926739799855174
MEX,Mexico,2001,Latin America & Caribbean,Upper middle income,38.229,81.496,20078.2183931307,43.266999999999996,46.90905075095711,9.907390844427633
MEX,Mexico,1998,Latin America & Caribbean,Upper middle income,39.316,83.448,19573.0654561328,44.13199999999999,47.114370626018605,9.881909688702358
MEX,Mexico,1990,Latin America & Caribbean,Upper middle income,33.981,84.013,17169.5925859795,50.032000000000004,40.44731172556628,9.750895225361866
MEX,Mexico,1991,Latin America & Caribbean,Upper middle income,34.216,83.956,17511.7313112492,49.74,40.75468102339321,9.770626295963087
MEX,Mexico,1992,Latin America & Caribbean,Upper middle income,34.988,84.194,17796.4059662866,49.206,41.5564054445685,9.786751803886832
MEX,Mexico,1993,Latin America & Caribbean,Upper middle income,35.836,84.496,17970.5871869693,48.66,42.411475099412996,9.796491655201981
MEX,Mexico,1994,Latin America & Caribbean,Upper middle income,36.366,84.038,18422.8199296267,47.672,43.27328113472477,9.821345388734178
MEX,Mexico,1995,Latin America & Caribbean,Upper middle income,37.613,82.898,17028.1215022837,45.285,45.37262660136553,9.742621462363253
MEX,Mexico,1996,Latin America & Caribbean,Upper middle income,37.684,83.005,17775.8727889128,45.321,45.39967471839046,9.785597355514515
MEX,Mexico,2014,Latin America & Caribbean,Upper middle income,43.55,78.796,21069.7661653886,35.24600000000001,55.26930301030508,9.95559440874845
MEX,Mexico,2011,Latin America & Caribbean,Upper middle income,43.413,79.027,20457.6001677783,35.614000000000004,54.934389512445115,9.926109738773677
MEX,Mexico,2012,Latin America & Caribbean,Upper middle income,44.48,79.322,20898.935720908,34.842000000000006,56.07523763899044,9.947453514211718
MEX,Mexico,2013,Latin America & Caribbean,Upper middle income,44.48,78.935,20805.3480406564,34.455000000000005,56.35016152530563,9.94296534997966
MEX,Mexico,2018,Latin America & Caribbean,Upper middle income,44.134,78.165,21997.7730219494,34.031000000000006,56.46261114309473,9.998696500941701
MEX,Mexico,2002,Latin America & Caribbean,Upper middle income,38.314,80.381,19744.7933675609,42.067,47.665493089162865,9.890645108614631
MEX,Mexico,2003,Latin America & Caribbean,Upper middle income,38.975,80.386,19701.4633898714,41.410999999999994,48.484810787948156,9.888448195716997
MEX,Mexico,2004,Latin America & Caribbean,Upper middle income,40.098,80.313,20127.2242902968,40.215,49.92715998655261,9.909828619920921
MEX,Mexico,2017,Latin America & Caribbean,Upper middle income,43.627,78.237,21777.5225127275,34.60999999999999,55.762618709817616,9.98863363945339
MEX,Mexico,2019,Latin America & Caribbean,Upper middle income,45.573,78.057,21704.185952748,32.484,58.384257657865405,9.98526042197383
MEX,Mexico,2015,Latin America & Caribbean,Upper middle income,43.928,78.568,21408.9283216195,34.64,55.91080338051114,9.971563325292143
MEX,Mexico,2016,Latin America & Caribbean,Upper middle income,43.988,78.273,21578.263354126,34.285,56.19817817127234,9.979441760788221
MDA,Moldova,2002,Europe & Central Asia,Upper middle income,54.827,60.102,6580.27841436838,5.274999999999999,91.22325380187016,8.791832335638267
MDA,Moldova,2003,Europe & Central Asia,Upper middle income,56.09,58.637,7034.35784911687,2.546999999999997,95.65632621041323,8.858561685939037
MDA,Moldova,2004,Europe & Central Asia,Upper middle income,54.583,55.75,7573.6178454751,1.1670000000000016,97.9067264573991,8.932426151085686
MDA,Moldova,2001,Europe & Central Asia,Upper middle income,54.803,61.716,6090.03474356112,6.913000000000004,88.79869077710804,8.714409065705915
MDA,Moldova,1990,Europe & Central Asia,Upper middle income,54.757,62.897,15902.8943232278,8.14,87.05820627374914,9.674256404549752
MDA,Moldova,2019,Europe & Central Asia,Upper middle income,68.337,70.543,14621.2401362286,2.206000000000003,96.87282933813418,9.590230554345803
MDA,Moldova,2020,Europe & Central Asia,Upper middle income,68.085,71.63,13559.2600217483,3.5450000000000017,95.0509563032249,9.514824989337823
MDA,Moldova,2021,Europe & Central Asia,Upper middle income,70.665,74.778,15682.0703284653,4.1129999999999995,94.49971916873947,9.660273321442544
MDA,Moldova,1997,Europe & Central Asia,Upper middle income,56,63.792,6185.83952473232,7.792000000000002,87.78530223225482,8.730018011222834
MDA,Moldova,1998,Europe & Central Asia,Upper middle income,56.374,64.055,5783.48593751483,7.6810000000000045,88.0087424869253,8.66276188324894
MDA,Moldova,1999,Europe & Central Asia,Upper middle income,56.559,64.184,5597.46512850295,7.625,88.12009223482488,8.630069118619284
MDA,Moldova,2000,Europe & Central Asia,Upper middle income,56.428,64.093,5727.07922525352,7.665000000000006,88.04081568970089,8.652960945937691
MDA,Moldova,2014,Europe & Central Asia,Upper middle income,69.207,69.334,11641.1208436577,0.12700000000000955,99.81682868433957,9.362299009060068
MDA,Moldova,2015,Europe & Central Asia,Upper middle income,69.413,71.17,11691.0797484184,1.757000000000005,97.53126317268512,9.366581415334883
MDA,Moldova,2016,Europe & Central Asia,Upper middle income,68.93,71.078,12377.366678394,2.147999999999996,96.97796786628776,9.423624815890474
MDA,Moldova,2017,Europe & Central Asia,Upper middle income,67.43,69.417,13118.8219369605,1.9869999999999948,97.13758877508391,9.481803267076385
MDA,Moldova,2018,Europe & Central Asia,Upper middle income,66.419,67.822,13895.5043655692,1.4030000000000058,97.93134970953376,9.539320639867544
MDA,Moldova,2005,Europe & Central Asia,Upper middle income,55.022,54.565,8161.47344724765,-0.45700000000000074,100.83753321726381,9.007180001173083
MDA,Moldova,1991,Europe & Central Asia,Upper middle income,55.218,63.235,13342.0600237962,8.016999999999996,87.32189452043964,9.498676732119797
MDA,Moldova,1992,Europe & Central Asia,Upper middle income,55.555,63.478,9461.42772606577,7.923000000000002,87.51851035004253,9.154978573075383
MDA,Moldova,1993,Europe & Central Asia,Upper middle income,55.705,63.585,9363.59309935118,7.880000000000003,87.60714004875364,9.144584373945086
MDA,Moldova,1994,Europe & Central Asia,Upper middle income,55.848,63.686,6490.35310271769,7.838000000000001,87.69274251797883,8.778072215416529
MDA,Moldova,1995,Europe & Central Asia,Upper middle income,55.815,63.662,6428.83979448752,7.847000000000001,87.67396563098866,8.768549364634982
MDA,Moldova,1996,Europe & Central Asia,Upper middle income,56.111,63.872,6063.14051693664,7.761000000000003,87.84913577154309,8.709983181943139
MDA,Moldova,2012,Europe & Central Asia,Upper middle income,65.277,64.207,10158.3854676883,-1.0700000000000074,101.66648496269879,9.226054797844236
MDA,Moldova,2013,Europe & Central Asia,Upper middle income,65.586,64.849,11080.0634585341,-0.7369999999999948,101.13648629894061,9.312902687589396
MDA,Moldova,2009,Europe & Central Asia,Upper middle income,59.929,61.585,9001.23432081622,1.6559999999999988,97.31103353089226,9.105116993671958
MDA,Moldova,2006,Europe & Central Asia,Upper middle income,57.263,59.087,8577.02858037286,1.8240000000000052,96.91302655406434,9.056842813195766
MDA,Moldova,2007,Europe & Central Asia,Upper middle income,58.868,58.819,8854.83397616724,-0.04899999999999949,100.08330641459393,9.0887188008788
MDA,Moldova,2008,Europe & Central Asia,Upper middle income,59.244,59.997,9563.69814290939,0.7530000000000001,98.74493724686234,9.165729766276428
MDA,Moldova,2010,Europe & Central Asia,Upper middle income,62.695,64.173,9649.9509930271,1.4780000000000015,97.69685070045034,9.17470811587735
MDA,Moldova,2011,Europe & Central Asia,Upper middle income,64.365,64.43,10217.3087761255,0.06500000000001194,99.89911531895078,9.231838499934256
MDA,Moldova,2024,Europe & Central Asia,Upper middle income,72.177,72.137,16393.8633257184,-0.04000000000000625,100.05545004643943,9.7046623563305
MDA,Moldova,2022,Europe & Central Asia,Upper middle income,71.543,73.749,15350.3120408391,2.205999999999989,97.00877300031189,9.638891081202152
MDA,Moldova,2023,Europe & Central Asia,Upper middle income,70.064,71.679,15980.5668889856,1.615000000000009,97.74689937080593,9.679128693596278
MNG,Mongolia,2013,East Asia & Pacific,Upper middle income,53.647,65.577,13210.0945665668,11.93,81.80764597343581,9.48873655620133
MNG,Mongolia,2011,East Asia & Pacific,Upper middle income,53.903,65.911,10960.0959283864,12.008000000000003,81.78149322571345,9.302016313053702
MNG,Mongolia,2012,East Asia & Pacific,Upper middle income,53.787,65.739,12078.9185320062,11.952000000000005,81.81901154565783,9.399216941984983
MNG,Mongolia,1992,East Asia & Pacific,Upper middle income,52.489,64.563,5324.48759689987,12.074000000000005,81.29888635906013,8.580071760013317
MNG,Mongolia,2000,East Asia & Pacific,Upper middle income,53.834,65.487,5818.24307842901,11.652999999999992,82.20562859804237,8.668753618592994
MNG,Mongolia,1990,East Asia & Pacific,Upper middle income,51.433,63.191,6637.81926731198,11.758000000000003,81.3929198778307,8.800538764930046
MNG,Mongolia,1991,East Asia & Pacific,Upper middle income,51.968,63.938,5874.25558231388,11.969999999999999,81.27873877819137,8.678334621590665
MNG,Mongolia,2008,East Asia & Pacific,Upper middle income,53.369,63.733,9379.85489687765,10.363999999999997,83.73840867368554,9.14631957246459
MNG,Mongolia,2009,East Asia & Pacific,Upper middle income,53.541,64,9095.9769892529,10.459000000000003,83.65781249999999,9.11558750566166
MNG,Mongolia,2010,East Asia & Pacific,Upper middle income,53.202,64.606,9507.118823625,11.403999999999996,82.3483886945485,9.159796146821474
MNG,Mongolia,2023,East Asia & Pacific,Upper middle income,52.467,69.493,16222.8638898529,17.025999999999996,75.49969061632108,9.694176877425928
MNG,Mongolia,2024,East Asia & Pacific,Upper middle income,52.1,68.818,16842.6505873797,16.717999999999996,75.70693713853935,9.731669673710963
MNG,Mongolia,1999,East Asia & Pacific,Upper middle income,53.654,65.313,5829.16641455929,11.658999999999999,82.14903617962733,8.670629287056327
MNG,Mongolia,2004,East Asia & Pacific,Upper middle income,53.878,65.038,7070.667158451,11.159999999999997,82.84080076263109,8.863710119141661
MNG,Mongolia,2001,East Asia & Pacific,Upper middle income,53.93,65.545,5917.07088396343,11.615000000000002,82.27935006484095,8.68559682231821
MNG,Mongolia,2002,East Asia & Pacific,Upper middle income,53.967,65.508,6117.9824222592,11.540999999999997,82.38230445136472,8.718987651587923
MNG,Mongolia,2003,East Asia & Pacific,Upper middle income,53.946,65.357,6463.78966651762,11.411000000000001,82.54050828526401,8.773971060457043
MNG,Mongolia,1995,East Asia & Pacific,Upper middle income,53.016,64.889,5457.68501570005,11.872999999999998,81.70259982431537,8.604779989031336
MNG,Mongolia,2005,East Asia & Pacific,Upper middle income,53.887,64.868,7499.84803935428,10.980999999999995,83.07177653080102,8.922638037899707
MNG,Mongolia,1993,East Asia & Pacific,Upper middle income,52.803,64.857,5162.0998701038,12.054000000000002,81.41449650770156,8.54909872726378
MNG,Mongolia,1994,East Asia & Pacific,Upper middle income,52.968,64.954,5213.84632608076,11.98599999999999,81.54694091203007,8.559073120733585
MNG,Mongolia,2015,East Asia & Pacific,Upper middle income,53.429,66.168,13974.5967260365,12.739000000000004,80.74749123443355,9.544996440793803
MNG,Mongolia,1996,East Asia & Pacific,Upper middle income,53.198,65.028,5494.32133981897,11.830000000000005,81.80783662422341,8.611470354172852
MNG,Mongolia,1997,East Asia & Pacific,Upper middle income,53.335,65.098,5628.10663484223,11.762999999999998,81.93032043995207,8.635528365254896
MNG,Mongolia,1998,East Asia & Pacific,Upper middle income,53.492,65.2,5735.84383645771,11.708000000000006,82.04294478527606,8.654490156744568
MNG,Mongolia,2007,East Asia & Pacific,Upper middle income,54.032,64.439,8750.13407442299,10.406999999999996,83.84984248669285,9.076824302025466
MNG,Mongolia,2016,East Asia & Pacific,Upper middle income,52.092,64.948,13898.1456953585,12.855999999999995,80.20570302395762,9.539510707008164
MNG,Mongolia,2017,East Asia & Pacific,Upper middle income,52.687,65.829,14401.5375067562,13.141999999999996,80.03615427850947,9.575090251166957
MNG,Mongolia,2014,East Asia & Pacific,Upper middle income,53.531,66.001,13943.4277148653,12.470000000000006,81.1063468735322,9.542763544681298
MNG,Mongolia,2018,East Asia & Pacific,Upper middle income,51.717,68.051,15230.2408828847,16.334000000000003,75.99741370442756,9.63103826210587
MNG,Mongolia,2020,East Asia & Pacific,Upper middle income,56.048,71.039,14801.3420829185,14.991,78.89750700319543,9.602473136919185
MNG,Mongolia,2021,East Asia & Pacific,Upper middle income,53.158,69.498,14792.2509086422,16.340000000000003,76.48853204408759,9.601858735378629
MNG,Mongolia,2006,East Asia & Pacific,Upper middle income,53.928,64.668,8043.99678108557,10.740000000000009,83.39209500835032,8.9926813507290575
MNG,Mongolia,2019,East Asia & Pacific,Upper middle income,57.902,73.532,15790.6961126441,15.629999999999995,78.7439482130229,9.667176191942547
MNG,Mongolia,2022,East Asia & Pacific,Upper middle income,54.629,70.867,15310.4349469163,16.238000000000007,77.08665528384155,9.636289897583026
MNE,Montenegro,2019,Europe & Central Asia,Upper middle income,46.888,63.075,24585.1159529158,16.187000000000005,74.3369005152596,10.10989649624394
MNE,Montenegro,2020,Europe & Central Asia,Upper middle income,43.343,58.194,20904.5999314513,14.850999999999999,74.48018696085508,9.947724506150058
MNE,Montenegro,2017,Europe & Central Asia,Upper middle income,45.296,60.781,22513.7807637171,15.485,74.5232885276649,10.021882879091601
MNE,Montenegro,2018,Europe & Central Asia,Upper middle income,45.52,62.492,23562.1762558957,16.971999999999994,72.84132368943226,10.067398004293139
MNE,Montenegro,1997,Europe & Central Asia,Upper middle income,42.493,57.444,14638.7363489702,14.951,73.9729127498085,9.5914264688289
MNE,Montenegro,2014,Europe & Central Asia,Upper middle income,45.008,58.97,20641.764517656102,13.961999999999996,76.32355434966934,9.935071706137936
MNE,Montenegro,2015,Europe & Central Asia,Upper middle income,46.123,59.292,21131.8410316247,13.169000000000004,77.78958375497537,9.958536235618428
MNE,Montenegro,2016,Europe & Central Asia,Upper middle income,45.699,60.555,21834.0918741924,14.856000000000002,75.46693088927421,9.991227874681156
MNE,Montenegro,2002,Europe & Central Asia,Upper middle income,42.276,56.513,14770.255224547,14.236999999999995,74.80756640065118,9.600370655304836
MNE,Montenegro,2003,Europe & Central Asia,Upper middle income,42.081,56.22,15076.6513903781,14.138999999999996,74.85058697972252,9.620902560562813
MNE,Montenegro,2004,Europe & Central Asia,Upper middle income,41.87,55.937,15716.0755725572,14.067,74.85206571678853,9.662439389304941
MNE,Montenegro,2005,Europe & Central Asia,Upper middle income,41.711,55.755,16348.8994494652,14.044000000000004,74.81122769258361,9.701915862100533
MNE,Montenegro,2006,Europe & Central Asia,Upper middle income,41.638,55.527,17727.3660449403,13.889000000000003,74.98694328885045,9.782864828807213
MNE,Montenegro,2007,Europe & Central Asia,Upper middle income,41.693,55.456,18966.4529580465,13.763000000000005,75.18212637045585,9.850427063793017
MNE,Montenegro,2008,Europe & Central Asia,Upper middle income,41.828,55.458,20238.9216459135,13.629999999999995,75.42284251145011,9.915362843618102
MNE,Montenegro,2009,Europe & Central Asia,Upper middle income,41.62,55.607,18984.9379136097,13.987000000000002,74.84669196324202,9.851401202373998
MNE,Montenegro,2010,Europe & Central Asia,Upper middle income,41.589,55.651,19476.1626179487,14.062000000000005,74.73181074913299,9.87694656692622
MNE,Montenegro,1998,Europe & Central Asia,Upper middle income,42.342,57.085,15402.9879966714,14.743000000000002,74.17360077078041,9.64231679533904
MNE,Montenegro,1999,Europe & Central Asia,Upper middle income,42.493,57.306,13993.3577435418,14.812999999999995,74.1510487558022,9.546338049121987
MNE,Montenegro,2000,Europe & Central Asia,Upper middle income,42.421,56.98,14452.2161423496,14.558999999999997,74.44892944892946,9.578603048033743
MNE,Montenegro,2001,Europe & Central Asia,Upper middle income,42.402,56.776,14552.4956785923,14.374000000000002,74.6829646329435,9.585517782192904
MNE,Montenegro,2024,Europe & Central Asia,Upper middle income,51.429,65.813,28105.5927726624,14.384,78.14413565708902,10.243723866573387
MNE,Montenegro,2021,Europe & Central Asia,Upper middle income,41.433,55.535,23689.9791090651,14.101999999999997,74.60700459169894,10.07280741530631
MNE,Montenegro,2022,Europe & Central Asia,Upper middle income,48.489,63.286,25583.3155690619,14.797000000000004,76.61884144992572,10.149695682412176
MNE,Montenegro,2023,Europe & Central Asia,Upper middle income,51.777,66.13,27243.404228981,14.352999999999994,78.29578103735068,10.212566724150475
MNE,Montenegro,2011,Europe & Central Asia,Upper middle income,41.589,55.656,20110.4869725048,14.067,74.72509702457955,9.908996697913826
MNE,Montenegro,2012,Europe & Central Asia,Upper middle income,42.801,56.774,19576.412051459,13.972999999999999,75.38838200584776,9.882080653708657
MNE,Montenegro,2013,Europe & Central Asia,Upper middle income,42.866,56.667,20201.2916344369,13.801000000000002,75.6454373797801,9.91350182364393
MAR,Morocco,1995,"Middle East, North Africa, Afghanistan & Pakistan",Lower middle income,23.557,79.801,4444.228515625,56.244,29.519680204508713,8.39936157059524
MAR,Morocco,1999,"Middle East, North Africa, Afghanistan & Pakistan",Lower middle income,24.753,78.358,5043.6650390625,53.605000000000004,31.589627096148444,8.525888287080845
MAR,Morocco,1996,"Middle East, North Africa, Afghanistan & Pakistan",Lower middle income,24.236,78.901,4916.47998046875,54.66499999999999,30.716974436318935,8.500348102304821
MAR,Morocco,1997,"Middle East, North Africa, Afghanistan & Pakistan",Lower middle income,24.2,79.009,4766.1103515625,54.809,30.629421964586314,8.469285811306397
MAR,Morocco,1998,"Middle East, North Africa, Afghanistan & Pakistan",Lower middle income,24.618,78.477,5033.92333984375,53.85900000000001,31.369700676631368,8.523954947101705
MAR,Morocco,2019,"Middle East, North Africa, Afghanistan & Pakistan",Lower middle income,21.999,70.118,8768.17578125,48.119,31.37425482757637,9.07888405703086
MAR,Morocco,2020,"Middle East, North Africa, Afghanistan & Pakistan",Lower middle income,20.688,68.193,8054.56298828125,47.504999999999995,30.33742466235537,8.99399404066708
MAR,Morocco,2021,"Middle East, North Africa, Afghanistan & Pakistan",Lower middle income,20.697,69.717,8623.265625,49.019999999999996,29.68716381944145,9.062219134722346
MAR,Morocco,2022,"Middle East, North Africa, Afghanistan & Pakistan",Lower middle income,19.584,68.841,8690.4482421875,49.25699999999999,28.448163158582823,9.069979798308623
MAR,Morocco,2023,"Middle East, North Africa, Afghanistan & Pakistan",Lower middle income,19.671,68.622,8915.3515625,48.951,28.665734021159395,9.095529964460814
MAR,Morocco,2024,"Middle East, North Africa, Afghanistan & Pakistan",Lower middle income,19.827,68.291,9162.7470703125,48.464,29.033108315883503,9.12290131121334
MAR,Morocco,2011,"Middle East, North Africa, Afghanistan & Pakistan",Lower middle income,25.118,73.244,7503.79296875,48.126000000000005,34.29359401452678,8.923163900853172
MAR,Morocco,2000,"Middle East, North Africa, Afghanistan & Pakistan",Lower middle income,24.934,78.178,5100.11572265625,53.244,31.893883189644146,8.537018509171899
MAR,Morocco,2001,"Middle East, North Africa, Afghanistan & Pakistan",Lower middle income,25.365,77.629,5417.57861328125,52.26400000000001,32.6746447848098,8.597404244293925
MAR,Morocco,2002,"Middle East, North Africa, Afghanistan & Pakistan",Lower middle income,24.788,77.043,5544.07177734375,52.25500000000001,32.174240359279885,8.620484487637254
MAR,Morocco,1990,"Middle East, North Africa, Afghanistan & Pakistan",Lower middle income,22.819,80.296,4418.66015625,57.477000000000004,28.418601175650092,8.393591797047796
MAR,Morocco,1991,"Middle East, North Africa, Afghanistan & Pakistan",Lower middle income,23.234,79.824,4656.1259765625,56.589999999999996,29.10653437562638,8.445939045867087
MAR,Morocco,1992,"Middle East, North Africa, Afghanistan & Pakistan",Lower middle income,23.163,80.03,4483.24951171875,56.867000000000004,28.94289641384481,8.408103399916188
MAR,Morocco,1993,"Middle East, North Africa, Afghanistan & Pakistan",Lower middle income,23.177,80.12,4379.76416015625,56.943000000000005,28.92785821268098,8.384750157207629
MAR,Morocco,1994,"Middle East, North Africa, Afghanistan & Pakistan",Lower middle income,23.8,79.381,4771.0927734375,55.581,29.981985613685897,8.470330650608437
MAR,Morocco,2007,"Middle East, North Africa, Afghanistan & Pakistan",Lower middle income,26.029,75.423,6620.59033203125,49.394000000000005,34.51069302467417,8.797939818978135
MAR,Morocco,2008,"Middle East, North Africa, Afghanistan & Pakistan",Lower middle income,26.278,75.084,6901.95068359375,48.806000000000004,34.99813542166107,8.839559358398251
MAR,Morocco,2009,"Middle East, North Africa, Afghanistan & Pakistan",Lower middle income,25.909,74.421,7063.72705078125,48.51200000000001,34.81409817121511,8.862728102066894
MAR,Morocco,2010,"Middle East, North Africa, Afghanistan & Pakistan",Lower middle income,25.546,73.756,7210.63671875,48.21,34.635826237865395,8.883312536886093
MAR,Morocco,2015,"Middle East, North Africa, Afghanistan & Pakistan",Lower middle income,24.362,70.472,8198.80859375,46.11,34.56975820183903,9.011744129251108
MAR,Morocco,2012,"Middle East, North Africa, Afghanistan & Pakistan",Lower middle income,24.358,72.465,7628.64404296875,48.107,33.613468571034296,8.939665394588891
MAR,Morocco,2013,"Middle East, North Africa, Afghanistan & Pakistan",Lower middle income,24.718,71.87,7839.0322265625,47.152,34.392653401975785,8.966870665235572
MAR,Morocco,2014,"Middle East, North Africa, Afghanistan & Pakistan",Lower middle income,24.779,71.273,7951.79833984375,46.494,34.76632104724089,8.981153388337251
MAR,Morocco,2006,"Middle East, North Africa, Afghanistan & Pakistan",Lower middle income,25.784,75.764,6488.673828125,49.98,34.03199408690143,8.777813448004919
MAR,Morocco,2003,"Middle East, North Africa, Afghanistan & Pakistan",Lower middle income,25.041,76.744,5810.05322265625,51.703,32.62926091942041,8.667345010330033
MAR,Morocco,2004,"Middle East, North Africa, Afghanistan & Pakistan",Lower middle income,25.293,76.435,5996.39013671875,51.142,33.090861516321056,8.698912923269678
MAR,Morocco,2005,"Middle East, North Africa, Afghanistan & Pakistan",Lower middle income,25.54,76.107,6103.42236328125,50.567,33.55801700237823,8.71660493599639
MAR,Morocco,2018,"Middle East, North Africa, Afghanistan & Pakistan",Lower middle income,22.23,69.248,8611.75,47.018,32.10201016635859,9.0608828288014
MAR,Morocco,2016,"Middle East, North Africa, Afghanistan & Pakistan",Lower middle income,23.275,69.688,8141.9404296875,46.413000000000004,33.39886350591206,9.004783812613598
MAR,Morocco,2017,"Middle East, North Africa, Afghanistan & Pakistan",Lower middle income,22.45,68.393,8450.0087890625,45.943,32.82499671018964,9.041922760476417
MOZ,Mozambique,2000,Sub-Saharan Africa,Low income,87.427,82.293,711.976393527396,-5.134,106.23868372765605,6.56804475570418
MOZ,Mozambique,2005,Sub-Saharan Africa,Low income,86.481,83.347,970.38995609863,-3.1340000000000003,103.76018332993388,6.877698007306933
MOZ,Mozambique,2004,Sub-Saharan Africa,Low income,87.166,83.666,934.133964844421,-3.5,104.18330026534075,6.839619859254499
MOZ,Mozambique,2001,Sub-Saharan Africa,Low income,87.558,82.869,785.790173616246,-4.689000000000007,105.65832820475691,6.666689802103751
MOZ,Mozambique,2002,Sub-Saharan Africa,Low income,87.691,83.433,842.645266172761,-4.257999999999996,105.10349621852264,6.736546070120408
MOZ,Mozambique,2003,Sub-Saharan Africa,Low income,87.825,83.984,883.239121472194,-3.841000000000008,104.57349018860735,6.783595969686977
MOZ,Mozambique,2008,Sub-Saharan Africa,Low income,84.273,82.383,1141.94256161019,-1.8900000000000006,102.29416263063982,7.040486092637735
MOZ,Mozambique,1990,Sub-Saharan Africa,Low income,86.794,80.989,547.622781432196,-5.804999999999993,107.1676400498833,6.305586694872162
MOZ,Mozambique,2006,Sub-Saharan Africa,Low income,85.772,83.027,1041.80471709595,-2.7450000000000045,103.30615341997182,6.94870979313339
MOZ,Mozambique,2007,Sub-Saharan Africa,Low income,85.036,82.706,1095.12568701598,-2.3299999999999983,102.81720794138273,6.998624418326571
MOZ,Mozambique,2022,Sub-Saharan Africa,Low income,77.198,80.64,1476.73432917026,3.4420000000000073,95.73164682539682,7.2975883944298445
MOZ,Mozambique,2023,Sub-Saharan Africa,Low income,77.269,80.544,1512.66729609671,3.2749999999999915,95.93389948351214,7.321629792777833
MOZ,Mozambique,2024,Sub-Saharan Africa,Low income,77.206,80.55,1500.70758504856,3.343999999999994,95.8485412787089,7.313691999229519
MOZ,Mozambique,2011,Sub-Saharan Africa,Low income,81.819,81.409,1275.52959822581,-0.4099999999999966,100.50362981979879,7.151116742507306
MOZ,Mozambique,2012,Sub-Saharan Africa,Low income,80.944,81.082,1338.51594866104,0.13799999999999102,99.8298019289115,7.19931677821332
MOZ,Mozambique,2013,Sub-Saharan Africa,Low income,80.04,80.754,1385.83254864214,0.7139999999999986,99.1158332714169,7.234056356175462
MOZ,Mozambique,2014,Sub-Saharan Africa,Low income,79.107,80.425,1449.92926632722,1.3179999999999978,98.3612060926329,7.279270052381451
MOZ,Mozambique,1991,Sub-Saharan Africa,Low income,86.813,80.956,563.512103416232,-5.856999999999999,107.23479420920006,6.334188812248685
MOZ,Mozambique,1992,Sub-Saharan Africa,Low income,86.831,80.92,510.82282292831,-5.911000000000001,107.30474542758279,6.236022803912598
MOZ,Mozambique,1993,Sub-Saharan Africa,Low income,86.864,80.851,549.048759770955,-6.013000000000005,107.43713745037167,6.308187253177597
MOZ,Mozambique,1994,Sub-Saharan Africa,Low income,86.914,80.741,546.209688164263,-6.173000000000002,107.64543416603709,6.303002946275677
MOZ,Mozambique,1995,Sub-Saharan Africa,Low income,86.972,80.615,525.418671837499,-6.356999999999999,107.88562922533028,6.264195414947907
MOZ,Mozambique,1996,Sub-Saharan Africa,Low income,87.024,80.507,562.857456341656,-6.516999999999996,108.09494826536823,6.333026410188692
MOZ,Mozambique,1997,Sub-Saharan Africa,Low income,87.035,80.479,612.371551265915,-6.555999999999997,108.14622448092048,6.417339208207285
MOZ,Mozambique,1998,Sub-Saharan Africa,Low income,87.165,81.098,660.650177820748,-6.067000000000007,107.48107228291697,6.493224468020483
MOZ,Mozambique,1999,Sub-Saharan Africa,Low income,87.296,81.703,722.305561379979,-5.5930000000000035,106.84552586808319,6.582448264570257
MOZ,Mozambique,2015,Sub-Saharan Africa,Low income,78.143,80.094,1512.5997455554,1.9509999999999934,97.56411216820237,7.321585135205202
MOZ,Mozambique,2016,Sub-Saharan Africa,Low income,78.041,80.135,1537.90853271216,2.0940000000000083,97.38690959006675,7.338178676718515
MOZ,Mozambique,2017,Sub-Saharan Africa,Low income,77.942,80.168,1532.0073576114,2.2260000000000133,97.22333100488972,7.334334152907411
MOZ,Mozambique,2018,Sub-Saharan Africa,Low income,77.84,80.208,1538.83512127022,2.367999999999995,97.04767604229005,7.338780994422087
MOZ,Mozambique,2019,Sub-Saharan Africa,Low income,77.735,80.258,1528.88988354373,2.522999999999996,96.85638814822198,7.332297184724564
MOZ,Mozambique,2020,Sub-Saharan Africa,Low income,76.87,79.595,1466.12476474476,2.7249999999999943,96.57641811671589,7.290377984381095
MOZ,Mozambique,2021,Sub-Saharan Africa,Low income,76.785,79.529,1457.23540930922,2.7439999999999998,96.5496862779615,7.284296364392583
MOZ,Mozambique,2009,Sub-Saharan Africa,Low income,83.482,82.059,1178.70909947834,-1.4230000000000018,101.73411813451298,7.072175135130052
MOZ,Mozambique,2010,Sub-Saharan Africa,Low income,82.665,81.734,1224.23020471309,-0.9310000000000116,101.13906085594735,7.110067521134234
MMR,Myanmar,1991,East Asia & Pacific,Lower middle income,59.769,76.888,759.282764169726,17.119000000000007,77.73514722713557,6.632374256329947
MMR,Myanmar,1992,East Asia & Pacific,Lower middle income,59.24,77.189,821.327755047125,17.94899999999999,76.74668670406406,6.710922244217665
MMR,Myanmar,2009,East Asia & Pacific,Lower middle income,51.95,79.427,3578.17424704515,27.477000000000004,65.40597026200159,8.182607962448321
MMR,Myanmar,1990,East Asia & Pacific,Lower middle income,59.627,76.97,775.328254381998,17.342999999999996,77.46784461478498,6.653286493720942
MMR,Myanmar,2002,East Asia & Pacific,Lower middle income,55.154,79.073,1661.73588517132,23.91899999999999,69.75073666106005,7.415618048931244
MMR,Myanmar,2003,East Asia & Pacific,Lower middle income,54.568,79.246,1874.17128269389,24.677999999999997,68.85899603765489,7.5359218581381695
MMR,Myanmar,2004,East Asia & Pacific,Lower middle income,54.022,79.375,2110.23728495831,25.353,68.05921259842519,7.654555677473474
MMR,Myanmar,2005,East Asia & Pacific,Lower middle income,53.504,79.462,2377.90258162976,25.958000000000006,67.33281316855854,7.7739741098975985
MMR,Myanmar,2006,East Asia & Pacific,Lower middle income,53.031,79.507,2669.32700379999,26.476000000000006,66.69978744009961,7.889581661120336
MMR,Myanmar,2010,East Asia & Pacific,Lower middle income,51.675,79.362,3893.79030665874,27.686999999999998,65.11302638542375,8.267138334112039
MMR,Myanmar,2011,East Asia & Pacific,Lower middle income,51.532,79.32,4078.61220919965,27.787999999999997,64.96722138174484,8.313512064731835
MMR,Myanmar,2012,East Asia & Pacific,Lower middle income,51.346,79.251,4340.99945069174,27.90500000000001,64.7890878348538,8.375859888760019
MMR,Myanmar,2013,East Asia & Pacific,Lower middle income,51.14,79.157,4666.95376141392,28.016999999999996,64.60578344303094,8.448261838339972
MMR,Myanmar,2014,East Asia & Pacific,Lower middle income,50.951,79.051,5006.50667149767,28.1,64.45332759863885,8.518493679714167
MMR,Myanmar,2015,East Asia & Pacific,Lower middle income,50.799,78.951,5313.88615901476,28.151999999999994,64.34244024774861,8.57807870324775
MMR,Myanmar,1999,East Asia & Pacific,Lower middle income,56.857,78.409,1209.01642809997,21.552000000000007,72.51335943577905,7.097562438694492
MMR,Myanmar,2000,East Asia & Pacific,Lower middle income,56.2,78.689,1359.93038778036,22.48899999999999,71.42040183507225,7.21518879196446
MMR,Myanmar,2001,East Asia & Pacific,Lower middle income,55.683,78.89,1498.31163236525,23.207,70.58309037900875,7.312094174727998
MMR,Myanmar,2018,East Asia & Pacific,Lower middle income,48.438,76.629,6201.26341429803,28.191000000000003,63.21105586657792,8.732508326773255
MMR,Myanmar,2019,East Asia & Pacific,Lower middle income,46.289,75.071,6562.98898478625,28.781999999999996,61.6602949208083,8.789201416091428
MMR,Myanmar,2020,East Asia & Pacific,Lower middle income,44.726,75.973,5926.83450206681,31.247,58.870914667052766,8.687245538682758
MMR,Myanmar,2021,East Asia & Pacific,Lower middle income,41.042,69.716,5178.44718217164,28.673999999999992,58.870273681794714,8.55226051853145
MMR,Myanmar,1993,East Asia & Pacific,Lower middle income,58.943,77.355,859.345526733596,18.412000000000006,76.19804796070065,6.756171084102267
MMR,Myanmar,1994,East Asia & Pacific,Lower middle income,58.562,77.561,911.468427954616,18.99900000000001,75.50444166526991,6.815056956058175
MMR,Myanmar,1995,East Asia & Pacific,Lower middle income,58.22,77.741,962.209421824521,19.521,74.88969784283711,6.869232121178046
MMR,Myanmar,1996,East Asia & Pacific,Lower middle income,57.914,77.9,1011.15993423274,19.986000000000004,74.34403080872913,6.91885340060677
MMR,Myanmar,1997,East Asia & Pacific,Lower middle income,57.658,78.03,1054.76742791265,20.372,73.89209278482635,6.961075574131889
MMR,Myanmar,1998,East Asia & Pacific,Lower middle income,57.393,78.161,1102.79096369399,20.768,73.42920382287842,7.005599485149794
MMR,Myanmar,2007,East Asia & Pacific,Lower middle income,52.622,79.513,2968.3033151236,26.891000000000005,66.1803730207639,7.995745794188212
MMR,Myanmar,2016,East Asia & Pacific,Lower middle income,49.229,77.864,5580.98977273232,28.635000000000005,63.22433987465323,8.627121418271493
MMR,Myanmar,2017,East Asia & Pacific,Lower middle income,47.659,76.736,5877.87465558175,29.077000000000005,62.1077460383653,8.678950522420388
MMR,Myanmar,2022,East Asia & Pacific,Lower middle income,41.071,69.755,5350.47666899931,28.683999999999997,58.878933409791415,8.584940932930367
MMR,Myanmar,2008,East Asia & Pacific,Lower middle income,52.281,79.483,3254.738978881,27.202000000000005,65.77632952958494,8.087867360607245
MMR,Myanmar,2024,East Asia & Pacific,Lower middle income,40.959,69.714,5276.29433987853,28.754999999999995,58.75290472501937,8.570979300734182
MMR,Myanmar,2023,East Asia & Pacific,Lower middle income,41.051,69.736,5364.13797034429,28.685000000000002,58.866295743948605,8.58749096561147
NAM,Namibia,1995,Sub-Saharan Africa,Lower middle income,47.789,62.062,7506.10484034086,14.272999999999996,77.00203022783668,8.923471947135505
NAM,Namibia,1998,Sub-Saharan Africa,Lower middle income,47.005,61.144,7709.89004370134,14.138999999999996,76.8758995158969,8.950259204938343
NAM,Namibia,1999,Sub-Saharan Africa,Lower middle income,47.134,61.444,7773.94354148714,14.310000000000002,76.71050061844932,8.958532848906653
NAM,Namibia,2001,Sub-Saharan Africa,Lower middle income,47.749,61.801,7786.54169496761,14.052,77.2625038429799,8.960152098697607
NAM,Namibia,2017,Sub-Saharan Africa,Lower middle income,55.436,64.27,11408.7253099967,8.833999999999996,86.25486229967326,9.342133719700046
NAM,Namibia,2018,Sub-Saharan Africa,Lower middle income,55.388,62.663,11214.38604306,7.274999999999999,88.39027815457288,9.324952701190071
NAM,Namibia,2000,Sub-Saharan Africa,Lower middle income,47.264,61.742,7858.38789521253,14.477999999999994,76.55080820187231,8.969336761996617
NAM,Namibia,2016,Sub-Saharan Africa,Lower middle income,55.497,65.856,11846.7880832757,10.358999999999995,84.27022594752187,9.379812061998342
NAM,Namibia,1997,Sub-Saharan Africa,Lower middle income,46.878,60.845,7656.32512542986,13.966999999999999,77.04495028350728,8.94328739898004
NAM,Namibia,2011,Sub-Saharan Africa,Lower middle income,52.612,62.372,10965.2729759535,9.759999999999998,84.35195279933303,9.302488555749905
NAM,Namibia,2019,Sub-Saharan Africa,Lower middle income,55.322,62.816,10813.3044681944,7.494,88.06991849210392,9.288532550155185
NAM,Namibia,1996,Sub-Saharan Africa,Lower middle income,47.333,61.455,7538.92462342201,14.122,77.02058416727688,8.927834827942062
NAM,Namibia,2014,Sub-Saharan Africa,Lower middle income,57.204,64.797,11982.6963648348,7.592999999999996,88.28186490115284,9.391218918534378
NAM,Namibia,2015,Sub-Saharan Africa,Lower middle income,56.351,65.328,12166.5658392058,8.977000000000004,86.258572128337,9.40644696367957
NAM,Namibia,2012,Sub-Saharan Africa,Lower middle income,53.096,62.425,11266.6089486464,9.329,85.0556668001602,9.329598669888671
NAM,Namibia,2013,Sub-Saharan Africa,Lower middle income,58.57,65.144,11593.5753768689,6.574000000000005,89.90851037701091,9.358206376843004
NAM,Namibia,1990,Sub-Saharan Africa,Lower middle income,48.217,62.806,7281.77892577888,14.588999999999999,76.77132758016751,8.893130469276853
NAM,Namibia,1991,Sub-Saharan Africa,Lower middle income,48.232,62.728,7618.3327818444895,14.496000000000002,76.89070271649024,8.938312829708035
NAM,Namibia,1992,Sub-Saharan Africa,Lower middle income,48.232,62.706,7911.01025804281,14.474000000000004,76.91767932893183,8.976010771701482
NAM,Namibia,1993,Sub-Saharan Africa,Lower middle income,48.237,62.687,7541.56081791845,14.449999999999996,76.9489686856924,8.92818444460839
NAM,Namibia,1994,Sub-Saharan Africa,Lower middle income,48.245,62.664,7437.33529036109,14.419000000000004,76.9899782969488,8.91426790377486
NAM,Namibia,2009,Sub-Saharan Africa,Lower middle income,51.637,62.257,10166.2899453939,10.619999999999997,82.94167724111345,9.226832618689437
NAM,Namibia,2010,Sub-Saharan Africa,Lower middle income,52.125,62.314,10614.6201576671,10.189,83.64893924318773,9.269987589951853
NAM,Namibia,2022,Sub-Saharan Africa,Lower middle income,54.735,63.38,9953.09752403491,8.645000000000003,86.36005048911328,9.205639090654294
NAM,Namibia,2023,Sub-Saharan Africa,Lower middle income,54.828,63.258,10126.2359555611,8.43,86.6736223086408,9.222884954209889
NAM,Namibia,2024,Sub-Saharan Africa,Lower middle income,54.911,63.114,10276.3686426386,8.202999999999996,87.0028836708179,9.237602231723974
NAM,Namibia,2005,Sub-Saharan Africa,Lower middle income,49.688,62.026,9245.1365329555,12.338000000000001,80.1083416631735,9.131852912014555
NAM,Namibia,2002,Sub-Saharan Africa,Lower middle income,48.233,61.858,8017.28134128559,13.625,77.97374632222186,8.98935465851509
NAM,Namibia,2003,Sub-Saharan Africa,Lower middle income,48.717,61.913,8237.36597245597,13.195999999999998,78.68622098751474,9.016435908263341
NAM,Namibia,2004,Sub-Saharan Africa,Lower middle income,49.202,61.969,9130.82442337694,12.767000000000003,79.39776339782793,9.11941126780119
NAM,Namibia,2020,Sub-Saharan Africa,Lower middle income,52.45,59.787,9652.24827219463,7.336999999999996,87.72810142673157,9.174946148771612
NAM,Namibia,2006,Sub-Saharan Africa,Lower middle income,50.174,62.082,9773.29833199798,11.908000000000001,80.81891691633646,9.187409286016171
NAM,Namibia,2007,Sub-Saharan Africa,Lower middle income,50.661,62.14,10162.2400708746,11.479,81.52719665271967,9.226434176247249
NAM,Namibia,2008,Sub-Saharan Africa,Lower middle income,51.149,62.199,10286.5124067605,11.049999999999997,82.23444106818438,9.23858884103425
NAM,Namibia,2021,Sub-Saharan Africa,Lower middle income,53.111,60.105,9709.09930646771,6.994,88.36369686382164,9.180818797607847
NPL,Nepal,2010,South Asia,Lower middle income,24.652,58.587,3085.31407004502,33.935,42.0775940054961,8.034408736682785
NPL,Nepal,1990,South Asia,Lower middle income,20.63,62.041,1808.26490041654,41.411,33.25220418755339,7.5001230459368555
NPL,Nepal,1991,South Asia,Lower middle income,20.689,61.947,1874.27513595212,41.258,33.397904660435536,7.535977269498855
NPL,Nepal,2009,South Asia,Lower middle income,24.107,59.112,2961.83900365912,35.005,40.781905535255106,7.993565639420441
NPL,Nepal,2005,South Asia,Lower middle income,22.502,60.717,2580.23106308364,38.215,37.06046082645717,7.85563423324021
NPL,Nepal,2006,South Asia,Lower middle income,22.826,60.403,2641.34799494749,37.577,37.789513765872556,7.879044669973198
NPL,Nepal,2007,South Asia,Lower middle income,23.184,60.036,2708.7143922589,36.852000000000004,38.61682990205876,7.904229407312907
NPL,Nepal,2008,South Asia,Lower middle income,23.611,59.602,2852.60983167965,35.991,39.61444246837355,7.955989584651303
NPL,Nepal,2020,South Asia,Lower middle income,27.209,53.269,4412.5420439395,26.06,51.07848842666467,8.392206229567716
NPL,Nepal,2021,South Asia,Lower middle income,27.256,53.344,4546.22970006289,26.088,51.09478104379124,8.422053531086476
NPL,Nepal,2022,South Asia,Lower middle income,27.24,53.201,4763.38751073946,25.961000000000002,51.20204507434071,8.468714356034255
NPL,Nepal,2023,South Asia,Lower middle income,27.302,53.169,4861.230303797,25.866999999999997,51.34947055615115,8.48904683378718
NPL,Nepal,2024,South Asia,Lower middle income,27.378,53.066,5047.42449022702,25.688000000000002,51.59235668789809,8.52663339023894
NPL,Nepal,2000,South Asia,Lower middle income,21.283,61.505,2340.81563141298,40.222,34.60369075684903,7.758254708051569
NPL,Nepal,2001,South Asia,Lower middle income,21.497,61.366,2413.8142127556,39.869,35.030798813675325,7.788963436291245
NPL,Nepal,2002,South Asia,Lower middle income,21.723,61.225,2380.24424587571,39.502,35.48060432829726,7.774958385717531
NPL,Nepal,2003,South Asia,Lower middle income,21.954,61.089,2439.49479601556,39.135,35.9377301969258,7.799546246035973
NPL,Nepal,2004,South Asia,Lower middle income,22.211,60.939,2521.54105171428,38.728,36.44792333316923,7.832625522056184
NPL,Nepal,1992,South Asia,Lower middle income,20.791,61.86,1896.97166297747,41.069,33.60976398318785,7.548014032015047
NPL,Nepal,1993,South Asia,Lower middle income,20.847,61.817,1916.94352666156,40.97,33.72373295371823,7.558487283384566
NPL,Nepal,1994,South Asia,Lower middle income,20.839,61.802,2023.11519682155,40.963,33.718973496003365,7.612393779106359
NPL,Nepal,1995,South Asia,Lower middle income,20.814,61.808,2043.60517160069,40.994,33.67525239451204,7.622470768085996
NPL,Nepal,1996,South Asia,Lower middle income,20.794,61.825,2105.50832713857,41.031000000000006,33.63364334816013,7.652312202540051
NPL,Nepal,1997,South Asia,Lower middle income,20.84,61.801,2166.3126334505,40.961,33.72113719842721,7.68078175391847
NPL,Nepal,1998,South Asia,Lower middle income,20.951,61.726,2188.2220157023,40.775,33.94193694715355,7.690844628093576
NPL,Nepal,1999,South Asia,Lower middle income,21.106,61.621,2242.65011822095,40.515,34.25131042988592,7.7154135340428915
NPL,Nepal,2011,South Asia,Lower middle income,25.22,57.972,3176.65040602417,32.752,43.50376043607259,8.063582589191855
NPL,Nepal,2012,South Asia,Lower middle income,25.73,57.282,3316.50073452021,31.551999999999996,44.91812436716596,8.106665510440095
NPL,Nepal,2013,South Asia,Lower middle income,26.161,56.578,3426.5579593796,30.417,46.238820743045004,8.139311525921373
NPL,Nepal,2014,South Asia,Lower middle income,26.575,55.885,3621.73168937112,29.31,47.553010646864095,8.19470755766828
NPL,Nepal,2015,South Asia,Lower middle income,27.006,55.24,3745.26182249477,28.234,48.88848660391021,8.228246806056221
NPL,Nepal,2016,South Asia,Lower middle income,27.346,54.67,3743.7445783578,27.324,50.02012072434607,8.227841613677816
NPL,Nepal,2017,South Asia,Lower middle income,27.53,54.2,4071.70431755798,26.67,50.79335793357933,8.311816942027555
NPL,Nepal,2018,South Asia,Lower middle income,27.628,53.83,4371.38571771897,26.201999999999998,51.32454021920863,8.382835335700925
NPL,Nepal,2019,South Asia,Lower middle income,27.537,53.912,4607.52454717112,26.375,51.07768214868674,8.43544601718494
NLD,Netherlands,2015,Europe & Central Asia,High income,60.755,72.374,63081.4083495966,11.618999999999993,83.94589217122171,11.052181367232256
NLD,Netherlands,2016,Europe & Central Asia,High income,60.816,71.926,64267.7476553623,11.11,84.55356894586103,11.070813192712533
NLD,Netherlands,2017,Europe & Central Asia,High income,60.887,71.53,65665.9910229578,10.643,85.1209282818398,11.092336430008594
NLD,Netherlands,2018,Europe & Central Asia,High income,61.139,71.784,66758.2454283317,10.645000000000003,85.17079014822244,11.108833095649867
NLD,Netherlands,1991,Europe & Central Asia,High income,55.609,77.975,43833.4785051351,22.365999999999993,71.31644757935236,10.688153153830585
NLD,Netherlands,1992,Europe & Central Asia,High income,56.13,77.802,44245.5198247957,21.672000000000004,72.14467494408883,10.69750939841299
NLD,Netherlands,1993,Europe & Central Asia,High income,56.342,77.716,44490.7504466441,21.373999999999995,72.49729785372382,10.703036591417867
NLD,Netherlands,1994,Europe & Central Asia,High income,56.465,77.623,45532.7986659915,21.158,72.74261494660088,10.726188195053624
NLD,Netherlands,1995,Europe & Central Asia,High income,56.429,77.647,46720.2819318959,21.218000000000004,72.67376717709635,10.751933651985098
NLD,Netherlands,2011,Europe & Central Asia,High income,60.534,72.463,62318.1391154389,11.928999999999995,83.53780550073832,11.040007819948597
NLD,Netherlands,2012,Europe & Central Asia,High income,61.08,72.696,61480.8416416324,11.616,84.02112908550676,11.026480887240554
NLD,Netherlands,2013,Europe & Central Asia,High income,61.038,72.647,61281.3125686741,11.609000000000009,84.01998706071826,11.023230223386685
NLD,Netherlands,2014,Europe & Central Asia,High income,60.271,72.26,62045.849197561,11.989000000000004,83.4085247716579,11.035628893915943
NLD,Netherlands,1999,Europe & Central Asia,High income,58.288,77.186,54134.3514543153,18.89800000000001,75.51628533671908,10.899224225518351
NLD,Netherlands,2000,Europe & Central Asia,High income,58.952,77.032,56016.8327946434,18.08,76.52923460380102,10.933407510169111
NLD,Netherlands,2001,Europe & Central Asia,High income,59.537,76.71,56887.3976406444,17.172999999999995,77.61308825446487,10.948829112993803
NLD,Netherlands,2002,Europe & Central Asia,High income,59.843,76.228,56664.4027354437,16.38499999999999,78.50527365272603,10.944901474838733
NLD,Netherlands,2003,Europe & Central Asia,High income,59.915,75.742,56452.8695506734,15.827000000000005,79.10406379551635,10.941161401778716
NLD,Netherlands,1990,Europe & Central Asia,High income,55.163,78.017,43128.3071656086,22.854,70.70638450594102,10.671934839291465
NLD,Netherlands,2005,Europe & Central Asia,High income,59.523,75.211,58422.0304069674,15.687999999999995,79.14134900479984,10.975448330677859
NLD,Netherlands,2006,Europe & Central Asia,High income,59.755,74.892,60391.5155033324,15.136999999999993,79.78822838220371,11.008603902256686
NLD,Netherlands,2007,Europe & Central Asia,High income,59.953,74.688,62601.6612832425,14.735,80.2712617823479,11.044547094807028
NLD,Netherlands,2008,Europe & Central Asia,High income,60.233,74.358,63678.4005491428,14.125000000000007,81.00406143252911,11.06160070319816
NLD,Netherlands,1996,Europe & Central Asia,High income,56.787,77.541,48095.986838021,20.753999999999998,73.23480481293767,10.78095401889209
NLD,Netherlands,1997,Europe & Central Asia,High income,57.214,77.432,49881.8947516083,20.218000000000004,73.88934807314806,10.817413385271559
NLD,Netherlands,1998,Europe & Central Asia,High income,57.667,77.335,51879.3596710206,19.667999999999992,74.56778948729554,10.856676295852681
NLD,Netherlands,2022,Europe & Central Asia,High income,62.565,72.012,71324.0360229425,9.447000000000003,86.88135310781536,11.174988660714414
NLD,Netherlands,2004,Europe & Central Asia,High income,59.759,75.406,57391.3516342059,15.647000000000006,79.24966183062355,10.95764890256241
NLD,Netherlands,2020,Europe & Central Asia,High income,61.776,71.444,64862.1890353474,9.668,86.46772297183809,11.08002012945132
NLD,Netherlands,2021,Europe & Central Asia,High income,61.894,71.296,68573.5648786447,9.402000000000008,86.81272441651706,11.135662387823706
NLD,Netherlands,2023,Europe & Central Asia,High income,63.079,72.478,70198.9546022361,9.398999999999994,87.03192692955103,11.159088698196982
NLD,Netherlands,2009,Europe & Central Asia,High income,60.136,73.768,61029.7329801783,13.631999999999998,81.52044246827893,11.019116450306592
NLD,Netherlands,2010,Europe & Central Asia,High income,60.276,72.972,61518.5768954231,12.69599999999999,82.60154579838843,11.027094471522876
NLD,Netherlands,2019,Europe & Central Asia,High income,61.656,71.904,67847.8818461095,10.247999999999998,85.74766355140187,11.125023446590154
NLD,Netherlands,2024,Europe & Central Asia,High income,62.882,72.151,70493.9051219267,9.268999999999998,87.15333120816067,11.163281532891903
NZL,New Zealand,1998,East Asia & Pacific,High income,56.304,73.333,33565.7312220905,17.028999999999996,76.7785308115037,10.421260921390749
NZL,New Zealand,2002,East Asia & Pacific,High income,58.305,74.295,38072.2713835052,15.990000000000002,78.4776902887139,10.547241510940733
NZL,New Zealand,1999,East Asia & Pacific,High income,56.624,73.187,35187.2357200331,16.562999999999995,77.36893164086518,10.468438674233113
NZL,New Zealand,2001,East Asia & Pacific,High income,57.605,73.589,36995.0603198774,15.984000000000002,78.27936240470721,10.518539677845615
NZL,New Zealand,2006,East Asia & Pacific,High income,60.655,75.318,41596.8311289998,14.662999999999997,80.53187816989299,10.63577926856425
NZL,New Zealand,2007,East Asia & Pacific,High income,61.148,75.354,42473.1182614499,14.205999999999996,81.14764975980042,10.656626643297425
NZL,New Zealand,2000,East Asia & Pacific,High income,56.721,73.332,35984.6288016116,16.610999999999997,77.34822451317297,10.490847148524288
NZL,New Zealand,2005,East Asia & Pacific,High income,60.095,74.775,40970.295838255,14.680000000000007,80.36776997659645,10.620602591365591
NZL,New Zealand,2022,East Asia & Pacific,High income,66.366,75.627,49842.9845334162,9.260999999999996,87.75437343805784,10.81663303396012
NZL,New Zealand,2023,East Asia & Pacific,High income,66.922,76.215,49592.5875512098,9.293000000000006,87.80686216624022,10.81159665701301
NZL,New Zealand,2024,East Asia & Pacific,High income,66.255,74.968,48325.3650985684,8.713000000000008,88.37770782200406,10.785711859114073
NZL,New Zealand,2011,East Asia & Pacific,High income,61.873,74.364,41961.9202263641,12.491000000000007,83.20289387337958,10.64451782472252
NZL,New Zealand,2012,East Asia & Pacific,High income,62.023,73.662,42693.4234516571,11.639000000000003,84.19945154896689,10.661800169829204
NZL,New Zealand,2013,East Asia & Pacific,High income,61.923,73.268,43453.2814172317,11.344999999999999,84.51575039580717,10.679441649527345
NZL,New Zealand,2003,East Asia & Pacific,High income,58.614,73.521,39092.3455202712,14.907000000000004,79.72416044395479,10.573681960063665
NZL,New Zealand,2004,East Asia & Pacific,High income,59.107,74.24,40091.1399487332,15.132999999999996,79.61610991379311,10.598910639972457
NZL,New Zealand,1990,East Asia & Pacific,High income,53.354,74.172,30785.701752556,20.817999999999998,71.93280483201208,10.334805632360993
NZL,New Zealand,1991,East Asia & Pacific,High income,53.666,73.729,29014.1499420181,20.063000000000002,72.78818375401809,10.275538919005053
NZL,New Zealand,1992,East Asia & Pacific,High income,53.383,73.039,29029.5811361611,19.656,73.08835005955723,10.276070628260124
NZL,New Zealand,1993,East Asia & Pacific,High income,53.291,72.977,30532.5880166798,19.686000000000007,73.02437754360962,10.326549851762117
NZL,New Zealand,1994,East Asia & Pacific,High income,54.42,73.454,31669.5406509196,19.033999999999992,74.08718381572142,10.363110635193825
NZL,New Zealand,1995,East Asia & Pacific,High income,55.188,73.936,32687.4657703706,18.748000000000005,74.6429344297771,10.394746973628775
NZL,New Zealand,1996,East Asia & Pacific,High income,56.512,74.265,33329.5301011769,17.753,76.09506497003973,10.414199072827872
NZL,New Zealand,1997,East Asia & Pacific,High income,56.404,74.084,33577.7254994905,17.68,76.13519788348361,10.421618194552222
NZL,New Zealand,2015,East Asia & Pacific,High income,62.855,74.233,45097.016468387,11.378000000000007,84.67258496894911,10.716571369608216
NZL,New Zealand,2016,East Asia & Pacific,High income,64.048,75.289,45746.135981069,11.241,85.06953206975787,10.730862607706584
NZL,New Zealand,2017,East Asia & Pacific,High income,64.928,76.248,46285.9810980642,11.320000000000007,85.15370894974293,10.74259441016689
NZL,New Zealand,2014,East Asia & Pacific,High income,62.829,74.126,44369.7664241859,11.297000000000004,84.75973342686775,10.700313580085623
NZL,New Zealand,2019,East Asia & Pacific,High income,65.314,75.19,47392.1933135172,9.876000000000005,86.86527463758478,10.766212796091896
NZL,New Zealand,2020,East Asia & Pacific,High income,64.693,75.194,46326.3804672976,10.501000000000005,86.0347900098412,10.743466850327426
NZL,New Zealand,2008,East Asia & Pacific,High income,61.45,74.948,41682.2459069155,13.49799999999999,81.99017985803492,10.637830559498454
NZL,New Zealand,2018,East Asia & Pacific,High income,65.221,75.974,46974.6818400482,10.753,85.84647379366626,10.757364051295413
NZL,New Zealand,2010,East Asia & Pacific,High income,61.387,74.134,41395.370375582,12.747,82.80546038255052,10.630924326883573
NZL,New Zealand,2009,East Asia & Pacific,High income,61.519,74.417,41250.9985717425,12.898000000000003,82.66793877742988,10.62743059926964
NZL,New Zealand,2021,East Asia & Pacific,High income,65.596,75.343,48202.0913368233,9.747,87.06316446119746,10.783157687828202
NIC,Nicaragua,1991,Latin America & Caribbean,Lower middle income,32.942,84.976,4113.68724441326,52.034,38.76623987949539,8.322075045060851
NIC,Nicaragua,1992,Latin America & Caribbean,Lower middle income,32.909,84.839,4037.27523925249,51.93,38.78994330437652,8.303325297684777
NIC,Nicaragua,1990,Latin America & Caribbean,Lower middle income,33.026,85.097,4217.60862404171,52.07099999999999,38.8098287836234,8.347023569640728
NIC,Nicaragua,2002,Latin America & Caribbean,Lower middle income,37.562,85.909,4935.48508468148,48.34700000000001,43.72300923069759,8.504206241805251
NIC,Nicaragua,2003,Latin America & Caribbean,Lower middle income,38.409,85.717,5000.61145616409,47.308,44.80908104576689,8.517315475172092
NIC,Nicaragua,2005,Latin America & Caribbean,Lower middle income,40.118,85.311,5356.95817825808,45.193000000000005,47.02558872829998,8.586151588917144
NIC,Nicaragua,2006,Latin America & Caribbean,Lower middle income,40.979,85.097,5500.40543544526,44.117999999999995,48.155634158666,8.612577084039208
NIC,Nicaragua,2008,Latin America & Caribbean,Lower middle income,42.708,84.646,5809.09928522386,41.938,50.45483543227086,8.667180809467038
NIC,Nicaragua,2004,Latin America & Caribbean,Lower middle income,39.261,85.518,5204.38170601052,46.257,45.909633059706735,8.557256185522558
NIC,Nicaragua,2010,Latin America & Caribbean,Lower middle income,44.445,84.166,5701.12754906379,39.721,52.806358862248416,8.648419249884936
NIC,Nicaragua,2011,Latin America & Caribbean,Lower middle income,45.316,83.918,5976.25247519395,38.602000000000004,54.00033365904812,8.695548974111983
NIC,Nicaragua,2012,Latin America & Caribbean,Lower middle income,46.189,83.666,6275.78730248003,37.477,55.206415987378385,8.7444542226604
NIC,Nicaragua,2009,Latin America & Caribbean,Lower middle income,43.576,84.409,5538.36555049931,40.833000000000006,51.62482673648544,8.619454709226623
NIC,Nicaragua,1999,Latin America & Caribbean,Lower middle income,35.058,86.447,4750.94857427409,51.389,40.55432808541649,8.466099576938504
NIC,Nicaragua,2000,Latin America & Caribbean,Lower middle income,35.885,86.273,4878.2474679883,50.388,41.594705180067926,8.492541308933985
NIC,Nicaragua,2001,Latin America & Caribbean,Lower middle income,36.72,86.094,4958.32740448527,49.373999999999995,42.651055822705416,8.508823746010943
NIC,Nicaragua,2016,Latin America & Caribbean,Lower middle income,48.728,82.776,7158.75755467501,34.047999999999995,58.867304532714805,8.876091719013955
NIC,Nicaragua,2017,Latin America & Caribbean,Lower middle income,49.116,82.595,7391.19638215265,33.479,59.46606937465948,8.90804489287604
NIC,Nicaragua,2018,Latin America & Caribbean,Lower middle income,48.852,82.494,7049.02709828403,33.642,59.21885228016583,8.860644886040005
NIC,Nicaragua,2019,Latin America & Caribbean,Lower middle income,48.634,82.383,6756.59334024487,33.748999999999995,59.03402400980785,8.818274098263922
NIC,Nicaragua,1993,Latin America & Caribbean,Lower middle income,32.839,84.689,3934.09251375615,51.849999999999994,38.775992159548466,8.277435515133135
NIC,Nicaragua,1994,Latin America & Caribbean,Lower middle income,33.025,84.537,3979.9850907218,51.51200000000001,39.065734530442285,8.289033352221669
NIC,Nicaragua,1995,Latin America & Caribbean,Lower middle income,33.388,84.379,4130.28587120845,50.99100000000001,39.5690870951303,8.326101901769887
NIC,Nicaragua,1996,Latin America & Caribbean,Lower middle income,33.694,85.135,4311.49290177286,51.441,39.57714218593998,8.369039504043549
NIC,Nicaragua,1997,Latin America & Caribbean,Lower middle income,33.963,85.884,4408.32862712595,51.921,39.545200503004054,8.391250900487147
NIC,Nicaragua,1998,Latin America & Caribbean,Lower middle income,34.241,86.62,4502.59808761279,52.379000000000005,39.530131609328095,8.412409861957247
NIC,Nicaragua,2013,Latin America & Caribbean,Lower middle income,47.063,83.41,6494.14920922407,36.346999999999994,56.42369020501139,8.778656928873131
NIC,Nicaragua,2014,Latin America & Caribbean,Lower middle income,47.937,83.15,6712.21708286288,35.21300000000001,57.651232711966315,8.811684590124464
NIC,Nicaragua,2015,Latin America & Caribbean,Lower middle income,48.342,82.961,6939.03243274344,34.619,58.27075372765517,8.844917624868081
NIC,Nicaragua,2020,Latin America & Caribbean,Lower middle income,48.119,81.622,6523.36944661195,33.503,58.95346842762981,8.783146307722827
NIC,Nicaragua,2007,Latin America & Caribbean,Lower middle income,41.843,84.876,5697.2107429964,43.033,49.29897733163674,8.647731990721153
NIC,Nicaragua,2022,Latin America & Caribbean,Lower middle income,50.144,82.096,7277.82041652584,31.952000000000005,61.07971155720132,8.892586703029238
NIC,Nicaragua,2023,Latin America & Caribbean,Lower middle income,50.728,81.974,7496.53056557505,31.246000000000002,61.8830360846122,8.922195601239398
NIC,Nicaragua,2024,Latin America & Caribbean,Lower middle income,51.082,81.873,7661.09410113202,30.791000000000004,62.391753080991286,8.943910085580924
NIC,Nicaragua,2021,Latin America & Caribbean,Lower middle income,49.078,82.45,7119.16874782601,33.372,59.524560339599766,8.870546248689497
NER,Niger,1997,Sub-Saharan Africa,Low income,69.141,88.673,1224.5393437877,19.531999999999996,77.97300192843369,7.110320006368251
NER,Niger,1999,Sub-Saharan Africa,Low income,69.057,88.855,1255.05402413613,19.798000000000002,77.71875527544876,7.134933897759806
NER,Niger,1996,Sub-Saharan Africa,Low income,69.174,88.617,1246.83503070085,19.442999999999998,78.05951454009953,7.128363643986171
NER,Niger,2017,Sub-Saharan Africa,Low income,60.962,84.497,1515.48307317618,23.534999999999997,72.14694012805188,7.323489527300662
NER,Niger,1998,Sub-Saharan Africa,Low income,69.102,88.753,1301.84495065524,19.650999999999996,77.85877660473449,7.171537730159022
NER,Niger,1994,Sub-Saharan Africa,Low income,69.206,88.635,1299.34992459816,19.429000000000002,78.07976532972302,7.169619360377514
NER,Niger,1995,Sub-Saharan Africa,Low income,69.194,88.61,1287.93637668331,19.415999999999997,78.08825189030584,7.16079650845922
NER,Niger,2009,Sub-Saharan Africa,Low income,68.578,90.137,1285.27757373191,21.558999999999997,76.08196412128206,7.158729984688683
NER,Niger,1993,Sub-Saharan Africa,Low income,69.215,88.67,1317.38596790337,19.455,78.0590955227247,7.183404724793688
NER,Niger,2011,Sub-Saharan Africa,Low income,68.533,90.244,1325.92646987416,21.711,75.9418908736315,7.189866716624667
NER,Niger,2012,Sub-Saharan Africa,Low income,66.419,88.608,1411.52001409831,22.189000000000007,74.95824304803178,7.252422426904609
NER,Niger,2013,Sub-Saharan Africa,Low income,64.262,86.782,1431.71115490341,22.519999999999996,74.0499181857989,7.266625619705217
NER,Niger,2010,Sub-Saharan Africa,Low income,68.551,90.205,1344.4988701596,21.653999999999996,75.99467878720692,7.203776635366134
NER,Niger,2014,Sub-Saharan Africa,Low income,62.074,84.758,1471.50554729559,22.683999999999997,73.23674461407774,7.294041337490132
NER,Niger,2015,Sub-Saharan Africa,Low income,61.705,84.671,1480.39815168147,22.966000000000008,72.87619137603193,7.300066351984789
NER,Niger,2016,Sub-Saharan Africa,Low income,61.334,84.585,1488.08648074655,23.25099999999999,72.511674646805,7.30524633248549
NER,Niger,1990,Sub-Saharan Africa,Low income,69.238,88.815,1420.23063248259,19.576999999999998,77.95755221527895,7.258574554648315
NER,Niger,1991,Sub-Saharan Africa,Low income,69.231,88.759,1370.83565180587,19.528000000000006,77.99885082076183,7.223175797691044
NER,Niger,1992,Sub-Saharan Africa,Low income,69.223,88.712,1355.33099264922,19.489000000000004,78.03115700243484,7.211800978501391
NER,Niger,2007,Sub-Saharan Africa,Low income,68.652,89.933,1260.18545165015,21.281000000000006,76.3368285279041,7.1390141729643695
NER,Niger,2008,Sub-Saharan Africa,Low income,68.612,90.044,1308.2751730424,21.432000000000002,76.19830305184132,7.176464886834749
NER,Niger,2021,Sub-Saharan Africa,Low income,67.799,84.986,1587.84784907329,17.186999999999998,79.77666909843974,7.37013482429059
NER,Niger,2022,Sub-Saharan Africa,Low income,72.608,86.417,1724.89699425215,13.808999999999997,84.02050522466644,7.452922614205525
NER,Niger,2023,Sub-Saharan Africa,Low income,72.501,86.417,1712.97031726521,13.915999999999997,83.89668699445711,7.445984170249419
NER,Niger,2024,Sub-Saharan Africa,Low income,72.787,86.14,1795.65266888022,13.352999999999994,84.49849082888322,7.4931238386675165
NER,Niger,2000,Sub-Saharan Africa,Low income,69.009,88.972,1197.63477205432,19.962999999999994,77.56260396529245,7.0881038674654135
NER,Niger,2001,Sub-Saharan Africa,Low income,68.958,89.099,1240.385444402,20.141000000000005,77.39480802253672,7.123177452557314
NER,Niger,2002,Sub-Saharan Africa,Low income,68.906,89.236,1256.23701340852,20.33,77.21771482361379,7.135876034168695
NER,Niger,2003,Sub-Saharan Africa,Low income,68.852,89.379,1238.58780880353,20.527,77.03375513263741,7.121727145732713
NER,Niger,2004,Sub-Saharan Africa,Low income,68.798,89.527,1199.15937505794,20.729,76.84609112334827,7.089376069511707
NER,Niger,2005,Sub-Saharan Africa,Low income,68.746,89.671,1241.20064789059,20.92500000000001,76.66469650165604,7.123834454561352
NER,Niger,2006,Sub-Saharan Africa,Low income,68.697,89.808,1267.601412271,21.111000000000004,76.49318546231962,7.144881741945997
NER,Niger,2019,Sub-Saharan Africa,Low income,60.214,84.318,1605.19476569029,24.104,71.41298417894163,7.381000377541625
NER,Niger,2020,Sub-Saharan Africa,Low income,63.669,84.325,1622.27873602911,20.656000000000006,75.50429884375926,7.391587067031623
NER,Niger,2018,Sub-Saharan Africa,Low income,60.589,84.408,1565.01970005142,23.819000000000003,71.78111079518528,7.355653690787308
NGA,Nigeria,2000,Sub-Saharan Africa,Lower middle income,77.553,89.278,4889.00321921229,11.725000000000009,86.86686529716167,8.494743721038704
NGA,Nigeria,2001,Sub-Saharan Africa,Lower middle income,77.4,89.042,5039.54869754112,11.641999999999996,86.925271220323,8.525071812917432
NGA,Nigeria,2003,Sub-Saharan Africa,Lower middle income,77.134,88.258,5905.31482781101,11.123999999999995,87.3960434181604,8.683608042673582
NGA,Nigeria,2018,Sub-Saharan Africa,Lower middle income,76.355,85.497,8362.62330860296,9.141999999999996,89.30722715416915,9.031527449751145
NGA,Nigeria,2019,Sub-Saharan Africa,Lower middle income,76.597,85.345,8361.78664836,8.748000000000005,89.74983888921436,9.03142739716384
NGA,Nigeria,2002,Sub-Saharan Africa,Lower middle income,77.38,88.565,5654.89706044216,11.185000000000002,87.37085756224242,8.64027718510287
NGA,Nigeria,2021,Sub-Saharan Africa,Lower middle income,75.893,84.327,7588.47885587002,8.4339999999999975,89.99845838225006,8.934386436057682
NGA,Nigeria,2022,Sub-Saharan Africa,Lower middle income,76.927,85.537,7752.26206495247,8.61,89.93418053006302,8.955739959107609
NGA,Nigeria,2023,Sub-Saharan Africa,Lower middle income,80.693,84.391,7843.00399007675,3.6980000000000075,95.61801613916175,8.967377201956225
NGA,Nigeria,2020,Sub-Saharan Africa,Lower middle income,74.894,83.67,7664.21099575168,8.775999999999996,89.51117485359148,8.944316850032651
NGA,Nigeria,1998,Sub-Saharan Africa,Lower middle income,77.553,89.905,4880.87997109799,12.352000000000004,86.26105333407486,8.493080804537454
NGA,Nigeria,1999,Sub-Saharan Africa,Lower middle income,77.628,89.681,4781.67310983975,12.052999999999997,86.56014094401266,8.472545787220776
NGA,Nigeria,2014,Sub-Saharan Africa,Lower middle income,75.662,85.829,8884.77428628672,10.166999999999987,88.15435342366801,9.092094336359114
NGA,Nigeria,2015,Sub-Saharan Africa,Lower middle income,75.759,85.782,8892.05798673631,10.022999999999996,88.31573057284746,9.09291379628823
NGA,Nigeria,2016,Sub-Saharan Africa,Lower middle income,75.887,85.748,8534.69281482375,9.861000000000004,88.50002332415916,9.051894643347536
NGA,Nigeria,2017,Sub-Saharan Africa,Lower middle income,76.156,85.569,8396.78452243227,9.412999999999997,88.99952085451507,9.035604116598178
NGA,Nigeria,1990,Sub-Saharan Africa,Lower middle income,74.633,89.185,5423.80689586993,14.552000000000007,83.68335482424175,8.59855322719258
NGA,Nigeria,1991,Sub-Saharan Africa,Lower middle income,75.406,89.597,5301.3634227925,14.190999999999988,84.16130004352826,8.575719316040704
NGA,Nigeria,1992,Sub-Saharan Africa,Lower middle income,76.264,89.973,5403.15311796788,13.709000000000003,84.76320673979971,8.594737972877619
NGA,Nigeria,1993,Sub-Saharan Africa,Lower middle income,76.759,90.259,5154.7575789977,13.5,85.04304279905604,8.547675368962686
NGA,Nigeria,1994,Sub-Saharan Africa,Lower middle income,77.541,90.547,4929.26827912601,13.006,85.63618894055021,8.502945833937115
NGA,Nigeria,1995,Sub-Saharan Africa,Lower middle income,77.721,90.626,4797.5115213682,12.905000000000001,85.76015712930064,8.475852629414813
NGA,Nigeria,1996,Sub-Saharan Africa,Lower middle income,77.554,90.377,4869.82113323478,12.822999999999993,85.81165562034589,8.490812487113589
NGA,Nigeria,1997,Sub-Saharan Africa,Lower middle income,77.624,90.112,4884.0474326173,12.488,86.1416903409091,8.49372954702154
NGA,Nigeria,2011,Sub-Saharan Africa,Lower middle income,75.937,86.282,8153.53178650271,10.344999999999999,88.01024547414292,9.006206460403908
NGA,Nigeria,2012,Sub-Saharan Africa,Lower middle income,75.916,86.166,8265.90551181051,10.25,88.10435670682172,9.019894564061572
NGA,Nigeria,2013,Sub-Saharan Africa,Lower middle income,75.766,85.89,8581.20782264031,10.123999999999995,88.21283036441962,9.057329954444079
NGA,Nigeria,2005,Sub-Saharan Africa,Lower middle income,76.755,87.616,6496.93228175977,10.861000000000004,87.6038623082542,8.779085387824791
NGA,Nigeria,2006,Sub-Saharan Africa,Lower middle income,76.729,87.216,6702.94533333874,10.486999999999995,87.97583012291324,8.810302310773267
NGA,Nigeria,2007,Sub-Saharan Africa,Lower middle income,76.71,86.896,6949.42650711567,10.186000000000007,88.27794144724727,8.846414418192351
NGA,Nigeria,2004,Sub-Saharan Africa,Lower middle income,76.993,87.915,6275.29894506434,10.922000000000011,87.57663652391513,8.74437640351291
NGA,Nigeria,2009,Sub-Saharan Africa,Lower middle income,76.452,86.578,7581.40572089092,10.126000000000005,88.30418813093395,8.933453912747321
NGA,Nigeria,2010,Sub-Saharan Africa,Lower middle income,76.357,86.195,7962.63957281031,9.837999999999994,88.58634491559836,8.982515828494178
NGA,Nigeria,2008,Sub-Saharan Africa,Lower middle income,76.59,86.631,7215.76946195762,10.040999999999997,88.40946081656682,8.884024113055501
NGA,Nigeria,2024,Sub-Saharan Africa,Lower middle income,80.714,84.385,7994.03754470824,3.6710000000000065,95.6497007762043,8.986451235871227
MKD,North Macedonia,2015,Europe & Central Asia,Upper middle income,42.307,66.418,19215.0740381192,24.111000000000004,63.69809389021049,9.863450356133296
MKD,North Macedonia,2012,Europe & Central Asia,Upper middle income,42.408,66.868,17189.9956305456,24.459999999999994,63.420470180056235,9.752082844191033
MKD,North Macedonia,2013,Europe & Central Asia,Upper middle income,43.551,66.456,17758.2275594412,22.905,65.53358613217767,9.784604211984838
MKD,North Macedonia,2014,Europe & Central Asia,Upper middle income,42.995,66.937,18452.2062280148,23.942,64.23203908152442,9.822939221073893
MKD,North Macedonia,1992,Europe & Central Asia,Upper middle income,44.866,67.758,11486.7282993524,22.891999999999996,66.21505947637179,9.34894758698436
MKD,North Macedonia,1993,Europe & Central Asia,Upper middle income,44.089,67.55,10764.7022358488,23.461,65.26868985936343,9.284027749020998
MKD,North Macedonia,1994,Europe & Central Asia,Upper middle income,43.369,67.304,10650.7391780911,23.935000000000002,64.43747771306312,9.27338457512259
MKD,North Macedonia,1991,Europe & Central Asia,Upper middle income,45.666,67.967,12153.4983960276,22.301000000000002,67.18848853119897,9.405372341153138
MKD,North Macedonia,2010,Europe & Central Asia,Upper middle income,40.714,66.471,16731.0901838425,25.757000000000005,61.250771012922925,9.725023955267421
MKD,North Macedonia,2011,Europe & Central Asia,Upper middle income,42.815,66.977,17201.236162644,24.162000000000006,63.92492945339444,9.752736530140188
MKD,North Macedonia,1997,Europe & Central Asia,Upper middle income,41.528,67.177,10787.5306257229,25.649000000000008,61.81877726007412,9.286146174388618
MKD,North Macedonia,2009,Europe & Central Asia,Upper middle income,42.205,68.021,16084.2279730567,25.816000000000003,62.04701489245967,9.685594441819768
MKD,North Macedonia,1999,Europe & Central Asia,Upper middle income,40.275,65.981,11518.9567330226,25.705999999999996,61.04029948015338,9.351749368779387
MKD,North Macedonia,2000,Europe & Central Asia,Upper middle income,40.873,65.565,11988.2448826829,24.692,62.33966292991687,9.391681855545478
MKD,North Macedonia,2001,Europe & Central Asia,Upper middle income,41.163,65.516,11571.8112316434,24.35300000000001,62.82892728493802,9.356327353453763
MKD,North Macedonia,1998,Europe & Central Asia,Upper middle income,40.89,66.58,11092.8286175909,25.689999999999998,61.41483929107841,9.314054108019647
MKD,North Macedonia,1990,Europe & Central Asia,Upper middle income,45.469,67.718,12904.4868211184,22.249000000000002,67.14462919755456,9.465330345466517
MKD,North Macedonia,2004,Europe & Central Asia,Upper middle income,42.49,64.998,12683.3809111151,22.508000000000003,65.37124219206744,9.448047825819556
MKD,North Macedonia,2005,Europe & Central Asia,Upper middle income,42.567,64.718,13354.4611473701,22.151000000000003,65.77304613863222,9.49960577634892
MKD,North Macedonia,2006,Europe & Central Asia,Upper middle income,41.555,65.744,14118.2297877525,24.189,63.20728887807252,9.555222134048524
MKD,North Macedonia,2007,Europe & Central Asia,Upper middle income,42.73,66.618,15118.2436719552,23.887999999999998,64.14182353117775,9.623657483724292
MKD,North Macedonia,1995,Europe & Central Asia,Upper middle income,42.736,67.087,10501.0888473538,24.351000000000006,63.70235664137611,9.259234230517148
MKD,North Macedonia,1996,Europe & Central Asia,Upper middle income,42.15,66.951,10551.5225095076,24.800999999999995,62.95649056772864,9.264025442189396
MKD,North Macedonia,2024,Europe & Central Asia,Upper middle income,42.884,62.244,24203.1855800189,19.36,68.89660047554784,10.094239539019553
MKD,North Macedonia,2002,Europe & Central Asia,Upper middle income,41.436,65.431,11830.2626132426,23.994999999999997,63.32778040989745,9.378416155647646
MKD,North Macedonia,2003,Europe & Central Asia,Upper middle income,42.44,65.301,12077.849005462,22.861000000000004,64.99134775883982,9.399128393172049
MKD,North Macedonia,2018,Europe & Central Asia,Upper middle income,41.277,65.083,20805.9221192555,23.805999999999997,63.422091790482924,9.942992942437037
MKD,North Macedonia,2019,Europe & Central Asia,Upper middle income,42.856,63.897,21766.8842062487,21.040999999999997,67.07044149177584,9.988145020707973
MKD,North Macedonia,2020,Europe & Central Asia,Upper middle income,41.861,63.107,20971.4421033593,21.246000000000002,66.33337030757285,9.950916891362583
MKD,North Macedonia,2021,Europe & Central Asia,Upper middle income,40.931,63.12,22144.1924252732,22.189,64.84632446134347,10.005330548104768
MKD,North Macedonia,2008,Europe & Central Asia,Upper middle income,42.32,67.916,16038.0413530579,25.595999999999997,62.31226809588315,9.682718763805967
MKD,North Macedonia,2023,Europe & Central Asia,Upper middle income,42.158,62.096,23455.2221318176,19.937999999999995,67.89165163617625,10.062848441270585
MKD,North Macedonia,2016,Europe & Central Asia,Upper middle income,41.114,66.538,19825.7724685057,25.424,61.79025519252157,9.894738010107423
MKD,North Macedonia,2017,Europe & Central Asia,Upper middle income,41.241,65.841,20121.0510180726,24.599999999999994,62.63726249601312,9.909521860328104
MKD,North Macedonia,2022,Europe & Central Asia,Upper middle income,42.206,64.48,22822.2333994259,22.274,65.45595533498759,10.035490488891147
NOR,Norway,1995,Europe & Central Asia,High income,56.185,72.026,66033.8837831197,15.840999999999994,78.00655318912617,11.097923279921998
NOR,Norway,1999,Europe & Central Asia,High income,60.578,72.436,74703.5199133097,11.858000000000004,83.62968689601855,11.221282490670868
NOR,Norway,1996,Europe & Central Asia,High income,57.433,72.12,68964.9756218258,14.687000000000005,79.63533000554631,11.141354055023381
NOR,Norway,1997,Europe & Central Asia,High income,58.543,72.43,72084.8139194678,13.887000000000008,80.82700538450918,11.185598675838328
NOR,Norway,1998,Europe & Central Asia,High income,59.561,72.603,73610.1896687065,13.041999999999994,82.03655496329353,11.20653874171981
NOR,Norway,2019,Europe & Central Asia,High income,62.64,69.201,90772.9017041865,6.560999999999993,90.5189231369489,11.416116080666285
NOR,Norway,2020,Europe & Central Asia,High income,62.481,68.844,89012.2723804504,6.362999999999992,90.75736447620709,11.396529531123234
NOR,Norway,2021,Europe & Central Asia,High income,62.182,69.14,92205.7698636049,6.957999999999998,89.93636100665316,11.43177798745221
NOR,Norway,2022,Europe & Central Asia,High income,62.358,69.538,95109.8201605729,7.18,89.67471023037763,11.462787504617456
NOR,Norway,2023,Europe & Central Asia,High income,62.371,69.489,94364.9641754336,7.118000000000002,89.75665213199211,11.454925141033886
NOR,Norway,2024,Europe & Central Asia,High income,62.292,69.345,94803.6704931641,7.052999999999997,89.82911529309973,11.459563405775901
NOR,Norway,2000,Europe & Central Asia,High income,61.266,72.512,76775.9420600924,11.246000000000002,84.4908428949691,11.248646615635467
NOR,Norway,2001,Europe & Central Asia,High income,61.699,72.692,78041.0146260585,10.992999999999995,84.87729048588565,11.264989796011559
NOR,Norway,2002,Europe & Central Asia,High income,62.262,72.521,78752.5931631095,10.259,85.8537527061127,11.27406648520109
NOR,Norway,2003,Europe & Central Asia,High income,62.565,72.381,79150.3962863661,9.8160000000000025,86.43842997471712,11.279105072073202
NOR,Norway,2004,Europe & Central Asia,High income,63.079,72.346,82091.1935035949,9.267000000000003,87.1907223619827,11.315586024201112
NOR,Norway,2005,Europe & Central Asia,High income,63.318,72.646,83955.3365007578,9.328000000000003,87.1596509098918,11.33804022809414
NOR,Norway,1990,Europe & Central Asia,High income,52.775,70.677,56608.2547514372,17.902000000000008,74.67068494701246,10.943910097222089
NOR,Norway,1991,Europe & Central Asia,High income,53.287,70.856,57949.698676313,17.568999999999996,75.20464039742578,10.96733064903588
NOR,Norway,1992,Europe & Central Asia,High income,53.797,71.185,59669.7590202519,17.388000000000005,75.57350565428109,10.996580621966862
NOR,Norway,1993,Europe & Central Asia,High income,54.486,71.449,61019.8161031696,16.963,76.25859004324764,11.018953944552084
NOR,Norway,1994,Europe & Central Asia,High income,55.448,71.588,63730.8964637618,16.139999999999993,77.45432195340001,11.06242475479911
NOR,Norway,2009,Europe & Central Asia,High income,64.319,71.783,84812.6851277638,7.463999999999999,89.60199490129975,11.34820039936351
NOR,Norway,2010,Europe & Central Asia,High income,63.773,70.934,84604.5143891947,7.160999999999994,89.90470014379565,11.345742905745041
NOR,Norway,2011,Europe & Central Asia,High income,63.764,70.547,84670.8344398355,6.782999999999994,90.38513331537841,11.346526481788368
NOR,Norway,2012,Europe & Central Asia,High income,63.542,70.619,85925.8723352057,7.076999999999998,89.97861765247313,11.361240253952863
NOR,Norway,2013,Europe & Central Asia,High income,63.593,70.294,85973.7694976801,6.700999999999993,90.46718069821038,11.361797522870974
NOR,Norway,2014,Europe & Central Asia,High income,63.176,69.927,86790.7924625691,6.751000000000005,90.34564617386702,11.371255817401641
NOR,Norway,2015,Europe & Central Asia,High income,63.205,69.901,87688.1196708993,6.695999999999998,90.42073790074534,11.381541703629818
NOR,Norway,2016,Europe & Central Asia,High income,62.972,69.407,88041.6414808956,6.434999999999995,90.72860086158457,11.385565180183711
NOR,Norway,2017,Europe & Central Asia,High income,62.638,68.657,89664.9086415829,6.018999999999998,91.23323186273797,11.403834763495961
NOR,Norway,2018,Europe & Central Asia,High income,62.625,69.167,90064.0687974358,6.542000000000002,90.54173232900082,11.408276571576272
NOR,Norway,2006,Europe & Central Asia,High income,64.012,72.455,85653.1367825864,8.442999999999998,88.3472500172521,11.358061126345941
NOR,Norway,2007,Europe & Central Asia,High income,64.497,72.439,87670.8617980792,7.941999999999993,89.03629260481233,11.381344874556893
NOR,Norway,2008,Europe & Central Asia,High income,64.55,72.372,87297.3980291813,7.822000000000003,89.1919526888852,11.377075936448596
OMN,Oman,2017,"Middle East, North Africa, Afghanistan & Pakistan",High income,30.484,88.433,38691.1077105097,57.949000000000005,34.47129465244875,10.56336507769334
OMN,Oman,2021,"Middle East, North Africa, Afghanistan & Pakistan",High income,29.564,85.426,38719.4587682049,55.862,34.607730667478286,10.564097563198937
OMN,Oman,2018,"Middle East, North Africa, Afghanistan & Pakistan",High income,30.37,88.648,38673.6045360857,58.27799999999999,34.25909213969859,10.562912592982563
OMN,Oman,2019,"Middle East, North Africa, Afghanistan & Pakistan",High income,30.19,88.699,38292.3859682752,58.509,34.03646038850495,10.553006355621504
OMN,Oman,2020,"Middle East, North Africa, Afghanistan & Pakistan",High income,29.074,85.008,37560.5998714953,55.934,34.201486918878224,10.53371090421424
OMN,Oman,2012,"Middle East, North Africa, Afghanistan & Pakistan",High income,27.61,84.686,41964.0828578552,57.07600000000001,32.60279148855773,10.64456936134793
OMN,Oman,2013,"Middle East, North Africa, Afghanistan & Pakistan",High income,28.245,85.955,40854.4853548905,57.709999999999994,32.86021755569775,10.617771894869819
OMN,Oman,2014,"Middle East, North Africa, Afghanistan & Pakistan",High income,28.935,86.873,39639.9870514802,57.938,33.30724160556214,10.587593661791
OMN,Oman,2015,"Middle East, North Africa, Afghanistan & Pakistan",High income,29.621,87.569,39813.7887054675,57.94800000000001,33.825897292420834,10.591968581158744
OMN,Oman,2016,"Middle East, North Africa, Afghanistan & Pakistan",High income,30.269,88.075,39860.9893909688,57.806000000000004,34.367300596082885,10.593153415108729
OMN,Oman,2002,"Middle East, North Africa, Afghanistan & Pakistan",High income,24.261,76.154,42654.1482671623,51.893,31.857814428657722,10.660879811195063
OMN,Oman,1990,"Middle East, North Africa, Afghanistan & Pakistan",High income,22.864,76.974,35201.5524871089,54.11,29.703536258996543,10.468845465361015
OMN,Oman,1991,"Middle East, North Africa, Afghanistan & Pakistan",High income,23.01,77.417,35574.6761369599,54.407,29.722154048852325,10.479389319247181
OMN,Oman,1992,"Middle East, North Africa, Afghanistan & Pakistan",High income,23.09,77.741,36841.4011555658,54.650999999999996,29.70118727569751,10.514377523184688
OMN,Oman,1993,"Middle East, North Africa, Afghanistan & Pakistan",High income,23.228,78.11,37455.340258395,54.882,29.737549609525033,10.530904575799271
OMN,Oman,1994,"Middle East, North Africa, Afghanistan & Pakistan",High income,23.337,78.086,37782.723828978,54.748999999999995,29.88627923059191,10.539607235570921
OMN,Oman,1995,"Middle East, North Africa, Afghanistan & Pakistan",High income,23.34,77.578,38946.7742715175,54.238,30.085849080925005,10.569951230706783
OMN,Oman,1996,"Middle East, North Africa, Afghanistan & Pakistan",High income,23.431,77.161,39455.8264119985,53.730000000000004,30.36637679656822,10.582937006420698
OMN,Oman,1997,"Middle East, North Africa, Afghanistan & Pakistan",High income,23.445,76.638,41191.0312402444,53.193000000000005,30.591873483128474,10.62597582329649
OMN,Oman,1998,"Middle East, North Africa, Afghanistan & Pakistan",High income,23.675,76.467,40574.674486189,52.792,30.961068173198896,10.610899369829083
OMN,Oman,1999,"Middle East, North Africa, Afghanistan & Pakistan",High income,23.896,76.35,40145.9312841691,52.45399999999999,31.297969875573024,10.600276376361151
OMN,Oman,2000,"Middle East, North Africa, Afghanistan & Pakistan",High income,23.917,76.035,42086.0431536301,52.117999999999995,31.45525087130927,10.647471448165863
OMN,Oman,2001,"Middle East, North Africa, Afghanistan & Pakistan",High income,23.987,75.901,43492.2863754557,51.914,31.60300918301472,10.680338876650724
OMN,Oman,2006,"Middle East, North Africa, Afghanistan & Pakistan",High income,25.111,77.122,42540.4398485334,52.010999999999996,32.56009958247971,10.6582104283466
OMN,Oman,2003,"Middle East, North Africa, Afghanistan & Pakistan",High income,24.597,76.557,41247.5873733105,51.96,32.12900192013794,10.627347902132597
OMN,Oman,2004,"Middle East, North Africa, Afghanistan & Pakistan",High income,24.75,76.831,41351.7687385072,52.081,32.21355963087816,10.62987047434977
OMN,Oman,2005,"Middle East, North Africa, Afghanistan & Pakistan",High income,24.907,76.86,41551.1413844552,51.953,32.40567265157429,10.634680270049623
OMN,Oman,2010,"Middle East, North Africa, Afghanistan & Pakistan",High income,26.53,80.806,48191.6145135737,54.275999999999996,32.831720416800735,10.782940312156244
OMN,Oman,2007,"Middle East, North Africa, Afghanistan & Pakistan",High income,25.373,77.675,43696.9691440917,52.30199999999999,32.66559382040553,10.685034022708003
OMN,Oman,2008,"Middle East, North Africa, Afghanistan & Pakistan",High income,25.695,78.479,46586.3955926767,52.784,32.74124288026096,10.749063837419623
OMN,Oman,2009,"Middle East, North Africa, Afghanistan & Pakistan",High income,26.081,79.536,48304.1178923167,53.455,32.791440354053506,10.785272092576234
OMN,Oman,2022,"Middle East, North Africa, Afghanistan & Pakistan",High income,30.795,88.14,39780.2122774985,57.345,34.93873383253914,10.591124888680767
OMN,Oman,2011,"Middle East, North Africa, Afghanistan & Pakistan",High income,27.045,82.812,44440.3092616125,55.766999999999996,32.65831038979859,10.701902202811542
OMN,Oman,2024,"Middle East, North Africa, Afghanistan & Pakistan",High income,30.061,88.06,36721.0804548374,57.999,34.136952078128544,10.51110626845289
OMN,Oman,2023,"Middle East, North Africa, Afghanistan & Pakistan",High income,30.321,88.06,37793.6163957515,57.739000000000004,34.43220531455825,10.53989548892684
PAK,Pakistan,1990,"Middle East, North Africa, Afghanistan & Pakistan",Lower middle income,11.195,84.027,3199.72962609833,72.832,13.323098527854144,8.070821593373909
PAK,Pakistan,1991,"Middle East, North Africa, Afghanistan & Pakistan",Lower middle income,13.768,82.384,3252.35104026309,68.616,16.711982909302776,8.087133410802315
PAK,Pakistan,1992,"Middle East, North Africa, Afghanistan & Pakistan",Lower middle income,13.795,82.542,3404.12138406329,68.747,16.712703835623078,8.132742148300524
PAK,Pakistan,2004,"Middle East, North Africa, Afghanistan & Pakistan",Lower middle income,17.777,81.878,3859.64601808903,64.101,21.711570873738978,8.25833075309542
PAK,Pakistan,1993,"Middle East, North Africa, Afghanistan & Pakistan",Lower middle income,14.175,81.436,3369.23795906028,67.26100000000001,17.40630679306449,8.122441872868388
PAK,Pakistan,1994,"Middle East, North Africa, Afghanistan & Pakistan",Lower middle income,14.476,81.167,3395.50432067539,66.691,17.834834353863023,8.130207577024068
PAK,Pakistan,1995,"Middle East, North Africa, Afghanistan & Pakistan",Lower middle income,12.553,81.533,3462.47336165841,68.98,15.396219935486247,8.149738457082147
PAK,Pakistan,1996,"Middle East, North Africa, Afghanistan & Pakistan",Lower middle income,13.706,82.239,3526.14160875155,68.533,16.666058682620168,8.16795952345357
PAK,Pakistan,2000,"Middle East, North Africa, Afghanistan & Pakistan",Lower middle income,16.13,82.505,3531.71291531612,66.375,19.55033028301315,8.16953827736604
PAK,Pakistan,2001,"Middle East, North Africa, Afghanistan & Pakistan",Lower middle income,16.17,82.541,3559.72784658715,66.371,19.59026423232091,8.17743937333593
PAK,Pakistan,2002,"Middle East, North Africa, Afghanistan & Pakistan",Lower middle income,16.224,82.647,3563.67846926558,66.423,19.630476605321427,8.17854856826552
PAK,Pakistan,2003,"Middle East, North Africa, Afghanistan & Pakistan",Lower middle income,16.995,82.3,3668.77938852508,65.30499999999999,20.650060753341435,8.207614294045197
PAK,Pakistan,2017,"Middle East, North Africa, Afghanistan & Pakistan",Lower middle income,22.358,79.186,5031.56060738433,56.828,28.234788977849618,8.523485474890492
PAK,Pakistan,2005,"Middle East, North Africa, Afghanistan & Pakistan",Lower middle income,18.348,80.702,4042.15457513378,62.354,22.73549602240341,8.304533139472277
PAK,Pakistan,2006,"Middle East, North Africa, Afghanistan & Pakistan",Lower middle income,18.947,79.509,4185.86655659206,60.562,23.830006665912034,8.339469023996157
PAK,Pakistan,2007,"Middle East, North Africa, Afghanistan & Pakistan",Lower middle income,19.308,79.257,4257.92556870432,59.949000000000005,24.361255157273174,8.356537364958772
PAK,Pakistan,2008,"Middle East, North Africa, Afghanistan & Pakistan",Lower middle income,19.851,78.879,4233.34830715497,59.028000000000006,25.166394097288247,8.35074852089554
PAK,Pakistan,2009,"Middle East, North Africa, Afghanistan & Pakistan",Lower middle income,20.98,78.736,4270.43882264229,57.756,26.646006909164804,8.359471869711008
PAK,Pakistan,1997,"Middle East, North Africa, Afghanistan & Pakistan",Lower middle income,14.936,82.872,3462.58145605889,67.936,18.02297519065547,8.149769675434444
PAK,Pakistan,1998,"Middle East, North Africa, Afghanistan & Pakistan",Lower middle income,15.245,82.335,3454.17665330544,67.08999999999999,18.515819517823527,8.147339401957396
PAK,Pakistan,1999,"Middle East, North Africa, Afghanistan & Pakistan",Lower middle income,15.686,82.442,3484.45678319813,66.756,19.026709686810122,8.156067438218257
PAK,Pakistan,2013,"Middle East, North Africa, Afghanistan & Pakistan",Lower middle income,22.79,78.923,4407.14705841377,56.133,28.876246468076477,8.390982833564522
PAK,Pakistan,2014,"Middle East, North Africa, Afghanistan & Pakistan",Lower middle income,22.987,77.866,4520.23463399286,54.879000000000005,29.521228777643643,8.416319181654401
PAK,Pakistan,2015,"Middle East, North Africa, Afghanistan & Pakistan",Lower middle income,23.983,78.943,4645.28631071145,54.959999999999994,30.38014770150615,8.443608287822306
PAK,Pakistan,2016,"Middle East, North Africa, Afghanistan & Pakistan",Lower middle income,23.162,79.072,4886.61212115378,55.910000000000004,29.29229057061918,8.494254524599823
PAK,Pakistan,2021,"Middle East, North Africa, Afghanistan & Pakistan",Lower middle income,24.365,80.123,5367.27364714762,55.75800000000001,30.409495400821235,8.588075357861873
PAK,Pakistan,2018,"Middle East, North Africa, Afghanistan & Pakistan",Lower middle income,21.571,79.288,5255.06350681272,57.717,27.20588235294118,8.566947368264236
PAK,Pakistan,2019,"Middle East, North Africa, Afghanistan & Pakistan",Lower middle income,23.241,78.887,5295.95295138203,55.646,29.46112794250003,8.574698213774896
PAK,Pakistan,2020,"Middle East, North Africa, Afghanistan & Pakistan",Lower middle income,23.406,78.737,5135.01459288839,55.330999999999996,29.72681204516301,8.543837964206409
PAK,Pakistan,2012,"Middle East, North Africa, Afghanistan & Pakistan",Lower middle income,22.508,78.508,4292.02110293486,56,28.669689713150255,8.364513020545319
PAK,Pakistan,2022,"Middle East, North Africa, Afghanistan & Pakistan",Lower middle income,24.027,79.939,5526.27928310213,55.91199999999999,30.056668209509755,8.617270044036548
PAK,Pakistan,2010,"Middle East, North Africa, Afghanistan & Pakistan",Lower middle income,22.036,78.671,4228.7817715945,56.635000000000005,28.010321465343008,8.349669233302166
PAK,Pakistan,2011,"Middle East, North Africa, Afghanistan & Pakistan",Lower middle income,22.228,78.087,4246.06710882497,55.859,28.465685709529115,8.353748447325529
PAK,Pakistan,2024,"Middle East, North Africa, Afghanistan & Pakistan",Lower middle income,23.989,80.083,5502.0736120186,56.093999999999994,29.955171509558838,8.612880320533261
PAK,Pakistan,2023,"Middle East, North Africa, Afghanistan & Pakistan",Lower middle income,23.997,80.077,5418.7693189297,56.08,29.96740637136756,8.597624005722903
PAN,Panama,2003,Latin America & Caribbean,High income,46.927,80.789,14957.5590503323,33.862,58.08587802794934,9.612972073130859
PAN,Panama,2008,Latin America & Caribbean,High income,48.586,82.893,21867.8272186787,34.307,58.61291061971456,9.992771758880634
PAN,Panama,2009,Latin America & Caribbean,High income,47.013,80.201,21822.996136155,33.187999999999995,58.61896983828132,9.990719561425188
PAN,Panama,2006,Latin America & Caribbean,High income,46.8,80.768,18190.281154717,33.968,57.94374009508716,9.808642727946703
PAN,Panama,2007,Latin America & Caribbean,High income,47.576,80.744,20208.8293911964,33.168,58.922025165956605,9.91387488646362
PAN,Panama,1997,Latin America & Caribbean,High income,42.378,80.94,13013.8959932208,38.562,52.357301704966645,9.473772988108195
PAN,Panama,1998,Latin America & Caribbean,High income,44.198,81.581,13826.5376778781,37.383,54.17683038942891,9.534345044645201
PAN,Panama,1999,Latin America & Caribbean,High income,44.074,81.354,14261.7464595428,37.28,54.175578336652165,9.565336159087838
PAN,Panama,2000,Latin America & Caribbean,High income,44.853,81.246,14572.9808700068,36.392999999999994,55.20641016173104,9.58692446783173
PAN,Panama,2001,Latin America & Caribbean,High income,45.634,81.123,14427.8355424862,35.489000000000004,56.252850609568185,9.57691464346153
PAN,Panama,2004,Latin America & Caribbean,High income,47.255,81.652,15875.1188201453,34.397,57.87365894283055,9.672508308466444
PAN,Panama,2005,Latin America & Caribbean,High income,47.954,81.259,16867.9674513124,33.305,59.013770782313344,9.73317168525304
PAN,Panama,1990,Latin America & Caribbean,High income,32.404,76.44,10263.6928426466,44.035999999999994,42.39141810570383,9.23636798015075
PAN,Panama,1991,Latin America & Caribbean,High income,37.691,77.89,10994.5538811637,40.199,48.39003723199384,9.305155327464794
PAN,Panama,1992,Latin America & Caribbean,High income,38.659,79.307,11649.8002384174,40.648,48.74601233182443,9.363044311929874
PAN,Panama,1993,Latin America & Caribbean,High income,39.627,80.641,12032.8122579156,41.014,49.14001562480624,9.395392552048982
PAN,Panama,1994,Latin America & Caribbean,High income,40.446,80.552,12123.3539257861,40.10600000000001,50.211043797795206,9.402888947891585
PAN,Panama,1995,Latin America & Caribbean,High income,41.434,81.207,12086.6481153656,39.772999999999996,51.02269508786188,9.399856660782875
PAN,Panama,1996,Latin America & Caribbean,High income,41.898,81.1,12327.8562890077,39.20199999999999,51.662145499383485,9.419616719648399
PAN,Panama,2012,Latin America & Caribbean,High income,48.671,81.444,26926.8956928065,32.773,59.760080546142134,10.200880905964242
PAN,Panama,2013,Latin America & Caribbean,High income,50.208,81.477,28135.3387835383,31.269000000000005,61.622298317316535,10.24478167315043
PAN,Panama,2014,Latin America & Caribbean,High income,50.661,80.931,28931.8156401199,30.269999999999996,62.59776846943693,10.272697155769963
PAN,Panama,2015,Latin America & Caribbean,High income,51.485,80.006,29933.1671530011,28.521,64.35142364322675,10.306722413925293
PAN,Panama,2016,Latin America & Caribbean,High income,52.16,80.403,30765.2490653506,28.24300000000001,64.8732012487096,10.334141054878879
PAN,Panama,2002,Latin America & Caribbean,High income,46.414,80.985,14507.1494232714,34.571,57.311847873062916,9.582396870566605
PAN,Panama,2018,Latin America & Caribbean,High income,54.501,80.825,32681.4729886331,26.324000000000005,67.43086916176925,10.394563621049766
PAN,Panama,2019,Latin America & Caribbean,High income,56.345,80.85,33163.7172814857,24.504999999999995,69.69078540507113,10.409211704338047
PAN,Panama,2020,Latin America & Caribbean,High income,55.932,77.026,26881.8277221689,21.093999999999994,72.6144418767689,10.19920578794189
PAN,Panama,2021,Latin America & Caribbean,High income,48.894,76.929,30932.7627780514,28.035000000000004,63.557306087431265,10.339571185261015
PAN,Panama,2022,Latin America & Caribbean,High income,52.137,80.73,33915.1693306309,28.593000000000004,64.5819397993311,10.431617666162376
PAN,Panama,2010,Latin America & Caribbean,High income,48.359,81.58,22739.1194141341,33.221,59.27800931600883,10.031842042462122
PAN,Panama,2011,Latin America & Caribbean,High income,46.159,80.05,24999.4702655482,33.891,57.66271080574641,10.126609914247767
PAN,Panama,2024,Latin America & Caribbean,High income,54.832,77.999,36394.9235366316,23.166999999999994,70.2983371581687,10.502184580619573
PAN,Panama,2017,Latin America & Caribbean,High income,52.246,79.685,31979.8246437748,27.439,65.56566480517036,10.372860503063807
PAN,Panama,2023,Latin America & Caribbean,High income,52.694,77.802,35872.9719200069,25.108000000000004,67.72833603249273,10.487739419617439
PNG,Papua New Guinea,2006,East Asia & Pacific,Lower middle income,48.095,49.029,3202.89763507367,0.9340000000000046,98.09500499704255,8.071811190020613
PNG,Papua New Guinea,2004,East Asia & Pacific,Lower middle income,48.297,49.041,3046.72321896172,0.7439999999999998,98.48290206154034,8.02182193763026
PNG,Papua New Guinea,2005,East Asia & Pacific,Lower middle income,48.178,49.035,3136.98756942536,0.8569999999999993,98.2522687876007,8.051018245615202
PNG,Papua New Guinea,1996,East Asia & Pacific,Lower middle income,47.138,48.82,4167.57013807001,1.6820000000000022,96.55469070053256,8.335088444254179
PNG,Papua New Guinea,2007,East Asia & Pacific,Lower middle income,47.923,49.011,3346.27900337124,1.088000000000001,97.78009018383628,8.1156042622221
PNG,Papua New Guinea,2008,East Asia & Pacific,Lower middle income,48.056,49.025,3234.33247673,0.9690000000000012,98.02345741968384,8.0815778415102
PNG,Papua New Guinea,2010,East Asia & Pacific,Lower middle income,47.67,48.971,3579.63000710983,1.3009999999999948,97.34332564170633,8.18301472408445
PNG,Papua New Guinea,2011,East Asia & Pacific,Lower middle income,48.065,49.369,3515.28312517363,1.304000000000002,97.35866636958414,8.164875348703287
PNG,Papua New Guinea,1997,East Asia & Pacific,Lower middle income,47.392,48.903,3864.72542324923,1.5109999999999957,96.91021000756601,8.259645916647797
PNG,Papua New Guinea,2009,East Asia & Pacific,Lower middle income,47.919,49.01,3350.07263964739,1.091000000000001,97.77392368904304,8.116737308060863
PNG,Papua New Guinea,1990,East Asia & Pacific,Lower middle income,48.134,49.023,3164.55429204087,0.8890000000000029,98.18656548966811,8.059767500661922
PNG,Papua New Guinea,1991,East Asia & Pacific,Lower middle income,47.899,48.999,3358.61893269232,1.1000000000000014,97.75505622563726,8.11928513652366
PNG,Papua New Guinea,1992,East Asia & Pacific,Lower middle income,47.548,48.937,3690.81786572429,1.3889999999999958,97.16165682407994,8.21360335630293
PNG,Papua New Guinea,1993,East Asia & Pacific,Lower middle income,47.103,48.804,4206.96808195882,1.7010000000000005,96.51462994836488,8.344497496672941
PNG,Papua New Guinea,1994,East Asia & Pacific,Lower middle income,47.036,48.778,4298.44184540518,1.7419999999999973,96.4287178646111,8.36600787447917
PNG,Papua New Guinea,1995,East Asia & Pacific,Lower middle income,47.264,48.863,4009.23567052359,1.5989999999999966,96.72758528948285,8.296355896278545
PNG,Papua New Guinea,2019,East Asia & Pacific,Lower middle income,49.962,52.249,4302.16255230002,2.286999999999999,95.6228827345978,8.366873094399748
PNG,Papua New Guinea,2020,East Asia & Pacific,Lower middle income,49.809,52.134,4078.15378358566,2.325000000000003,95.54033835884451,8.313399660964244
PNG,Papua New Guinea,1998,East Asia & Pacific,Lower middle income,47.655,48.966,3590.56011797751,1.311,97.32263203038843,8.186063491032957
PNG,Papua New Guinea,1999,East Asia & Pacific,Lower middle income,47.717,48.978,3532.1120397137,1.2610000000000028,97.42537465800972,8.169651282543985
PNG,Papua New Guinea,2000,East Asia & Pacific,Lower middle income,47.944,49.013,3327.22485837041,1.0689999999999955,97.81894599392,8.10989385965903
PNG,Papua New Guinea,2001,East Asia & Pacific,Lower middle income,48.083,49.028,3212.17084845522,0.9450000000000003,98.07252998286693,8.074702264329295
PNG,Papua New Guinea,2002,East Asia & Pacific,Lower middle income,48.224,49.038,3101.1924006365,0.8140000000000001,98.34006280843427,8.039541961882787
PNG,Papua New Guinea,2003,East Asia & Pacific,Lower middle income,48.272,49.04,3064.83667344612,0.7680000000000007,98.43393148450245,8.027749559330939
PNG,Papua New Guinea,2014,East Asia & Pacific,Lower middle income,48.584,50.414,3999.13038811865,1.8299999999999983,96.37005593684295,8.29383221349624
PNG,Papua New Guinea,2015,East Asia & Pacific,Lower middle income,48.779,50.755,4155.05563962107,1.975999999999999,96.10678750861985,8.332081098203757
PNG,Papua New Guinea,2016,East Asia & Pacific,Lower middle income,49.008,51.103,4276.29643263164,2.094999999999999,95.90043637359842,8.360842594492237
PNG,Papua New Guinea,2017,East Asia & Pacific,Lower middle income,49.297,51.473,4322.77662200998,2.176000000000002,95.77254094379578,8.371653211347851
PNG,Papua New Guinea,2018,East Asia & Pacific,Lower middle income,49.709,51.892,4211.68504310327,2.183,95.79318584752949,8.345618094366653
PNG,Papua New Guinea,2023,East Asia & Pacific,Lower middle income,50.644,53.215,4206.37834691367,2.571000000000005,95.1686554542892,8.344357306309664
PNG,Papua New Guinea,2024,East Asia & Pacific,Lower middle income,50.697,53.163,4292.71205430013,2.465999999999994,95.36143558489928,8.364673992669696
PNG,Papua New Guinea,2021,East Asia & Pacific,Lower middle income,50.567,52.72,3977.44297360749,2.1529999999999987,95.91616084977238,8.288394422864032
PNG,Papua New Guinea,2022,East Asia & Pacific,Lower middle income,50.645,53.265,4126.03032145403,2.6199999999999974,95.0811977846616,8.325071042478172
PNG,Papua New Guinea,2012,East Asia & Pacific,Lower middle income,48.328,49.743,3577.91014722774,1.4149999999999991,97.15537864624169,8.182534151184234
PNG,Papua New Guinea,2013,East Asia & Pacific,Lower middle income,48.617,50.121,3615.74646029074,1.5040000000000049,96.99926178647672,8.193053602983781
PRY,Paraguay,2015,Latin America & Caribbean,Upper middle income,54.827,81.034,14425.777586033,26.207000000000008,67.65925414023742,9.576771995367682
PRY,Paraguay,2016,Latin America & Caribbean,Upper middle income,56.466,83.485,14824.7906280812,27.019,67.63610229382525,9.60405610087117
PRY,Paraguay,2009,Latin America & Caribbean,Upper middle income,55.126,84.077,11599.8198579092,28.951,65.56608822864754,9.358744847483287
PRY,Paraguay,2010,Latin America & Caribbean,Upper middle income,53.036,82.403,12736.9672867807,29.367000000000004,64.36173440287368,9.45226385422505
PRY,Paraguay,2011,Latin America & Caribbean,Upper middle income,54.453,81.353,13107.8104435989,26.89999999999999,66.9342249210232,9.48096354859108
PRY,Paraguay,2012,Latin America & Caribbean,Upper middle income,59.861,82.675,12833.1801619413,22.814,72.40520108859994,9.459789296103393
PRY,Paraguay,2013,Latin America & Caribbean,Upper middle income,57.676,82.048,13698.9722320262,24.372,70.2954368174727,9.525076089441978
PRY,Paraguay,2014,Latin America & Caribbean,Upper middle income,54.388,81.52,14217.5580896983,27.131999999999998,66.71736997055937,9.56223296496113
PRY,Paraguay,1998,Latin America & Caribbean,Upper middle income,52.264,87.561,10801.1950460495,35.297000000000004,59.6886741814278,9.287412059402776
PRY,Paraguay,1999,Latin America & Caribbean,Upper middle income,51.985,87.134,10434.0803694109,35.149,59.6609819358689,9.252832686198916
PRY,Paraguay,2017,Latin America & Caribbean,Upper middle income,57.843,84.267,15318.4012187276,26.423999999999992,68.64252910391968,9.636810078757906
PRY,Paraguay,2018,Latin America & Caribbean,Upper middle income,59.414,84.364,15591.0142663085,24.950000000000003,70.42577402683608,9.654450018710993
PRY,Paraguay,2019,Latin America & Caribbean,Upper middle income,60.256,84.58,15319.3889991221,24.323999999999998,71.24142823362497,9.63687455993542
PRY,Paraguay,1990,Latin America & Caribbean,Upper middle income,51.305,86.891,9961.22171124749,35.586000000000006,59.04524058878364,9.20645500482814
PRY,Paraguay,1991,Latin America & Caribbean,Upper middle income,51.201,87.15,10039.0438461622,35.949000000000005,58.75043029259896,9.214237154264636
PRY,Paraguay,1992,Latin America & Caribbean,Upper middle income,50.964,87.195,9947.16439036842,36.230999999999995,58.44830552210563,9.20504280364382
PRY,Paraguay,1993,Latin America & Caribbean,Upper middle income,51.198,87.428,10177.1689434494,36.23,58.56018666788672,9.227902151569955
PRY,Paraguay,1994,Latin America & Caribbean,Upper middle income,51.534,87.644,10457.768545827,36.11000000000001,58.79923326183195,9.255100382721466
PRY,Paraguay,1995,Latin America & Caribbean,Upper middle income,52.094,87.936,10906.894612986,35.842000000000006,59.2408114992722,9.297150401553832
PRY,Paraguay,1996,Latin America & Caribbean,Upper middle income,52.069,87.804,10823.9199218797,35.735,59.301398569541256,9.289513771622934
PRY,Paraguay,1997,Latin America & Caribbean,Upper middle income,52.407,87.849,11031.6219154476,35.44200000000001,59.65577297408052,9.308521147262176
PRY,Paraguay,2002,Latin America & Caribbean,Upper middle income,51.724,85.695,9609.53364585336,33.971,60.35824727230293,9.170510972779882
PRY,Paraguay,2003,Latin America & Caribbean,Upper middle income,51.514,83.606,9902.19918003817,32.09199999999999,61.61519508169271,9.200512150851173
PRY,Paraguay,2000,Latin America & Caribbean,Upper middle income,51.653,86.587,9997.3297251405,34.934000000000005,59.65445159204037,9.210073308832046
PRY,Paraguay,2001,Latin America & Caribbean,Upper middle income,51.598,86.119,9748.02702767691,34.521,59.914769098572904,9.184820187379426
PRY,Paraguay,2006,Latin America & Caribbean,Upper middle income,50.993,83.033,10671.6449984385,32.04,61.41293220767646,9.275345502838112
PRY,Paraguay,2007,Latin America & Caribbean,Upper middle income,54.017,83.558,11140.4629098064,29.541000000000004,64.64611407644989,9.318339066460524
PRY,Paraguay,2004,Latin America & Caribbean,Upper middle income,56.882,85.796,10185.9074387779,28.91400000000001,66.299128164483193,9.228760420301152
PRY,Paraguay,2005,Latin America & Caribbean,Upper middle income,55.653,84.841,10288.800866577,29.187999999999995,65.59682229110926,9.238811288177148
PRY,Paraguay,2020,Latin America & Caribbean,Upper middle income,57.105,83.201,14989.7667130162,26.095999999999997,68.6349923678802,9.615123028134727
PRY,Paraguay,2021,Latin America & Caribbean,Upper middle income,59.85,84.076,15400.9446332428,24.225999999999992,71.18559398639327,9.642184126341471
PRY,Paraguay,2008,Latin America & Caribbean,Upper middle income,53.755,84.796,11749.6546354418,31.041000000000004,63.393320439643375,9.371579126411973
PRY,Paraguay,2024,Latin America & Caribbean,Upper middle income,58.944,81.715,16367.4940166481,22.771,72.13363519549655,9.70305257475221
PRY,Paraguay,2022,Latin America & Caribbean,Upper middle income,58.986,82.277,15222.8920228598,23.291000000000004,71.69196737848974,9.630555628007743
PRY,Paraguay,2023,Latin America & Caribbean,Upper middle income,58.994,82.624,15831.5849831308,23.629999999999995,71.40056158017042,9.669762273139597
PER,Peru,2020,Latin America & Caribbean,Upper middle income,59.864,78.185,13607.7640705828,18.321000000000005,76.56711645456289,9.518395796372696
PER,Peru,2021,Latin America & Caribbean,Upper middle income,64.845,79.192,15285.7706852395,14.346999999999994,81.88327103747855,9.634677654070488
PER,Peru,2017,Latin America & Caribbean,Upper middle income,69.388,84.749,15067.489279382,15.36099999999999,81.87471238598687,9.620294673850857
PER,Peru,2018,Latin America & Caribbean,Upper middle income,69.85,84.653,15384.1846082423,14.803000000000011,82.51331907906393,9.641095287212366
PER,Peru,2019,Latin America & Caribbean,Upper middle income,70.044,84.828,15461.4572585466,14.784000000000006,82.57179233272032,9.646105577631088
PER,Peru,1993,Latin America & Caribbean,Upper middle income,44.734,75.24,6354.40466195469,30.505999999999993,59.45507708665604,8.756903498976385
PER,Peru,2022,Latin America & Caribbean,Upper middle income,66.725,82.42,15566.5242612563,15.695000000000007,80.95729191943703,9.652878006847867
PER,Peru,2023,Latin America & Caribbean,Upper middle income,65.083,80.483,15342.2741359642,15.400000000000006,80.8655243964564,9.63836731269256
PER,Peru,2024,Latin America & Caribbean,Upper middle income,64.939,80.88,15708.8329440963,15.941000000000003,80.29055390702274,9.661978441036132
PER,Peru,1997,Latin America & Caribbean,Upper middle income,54.186,77.375,7772.77834225556,23.189,70.03037156704362,8.958382952453565
PER,Peru,2016,Latin America & Caribbean,Upper middle income,67.721,83.173,14915.4366324454,15.451999999999998,81.42185565027113,9.610151971240125
PER,Peru,1990,Latin America & Caribbean,Upper middle income,43.739,74.767,6316.2269138715,31.028,58.50040793398157,8.750877301562273
PER,Peru,1991,Latin America & Caribbean,Upper middle income,43.703,74.826,6321.7220102527,31.12299999999999,58.406168978697245,8.751746920004393
PER,Peru,1992,Latin America & Caribbean,Upper middle income,43.393,74.699,6160.80456813974,31.305999999999997,58.09046975193778,8.725962659709595
PER,Peru,2006,Latin America & Caribbean,Upper middle income,67.54,84.767,9546.62529545456,17.22699999999999,79.67723288543893,9.163942998820396
PER,Peru,1994,Latin America & Caribbean,Upper middle income,46.074,75.76,6996.76185617847,29.686000000000007,60.8157338965153,8.85320272903427
PER,Peru,1995,Latin America & Caribbean,Upper middle income,49.1,76.984,7371.04799020402,27.883999999999993,63.779486646575926,8.905315171845617
PER,Peru,1996,Latin America & Caribbean,Upper middle income,51.655,77.19,7436.18931908276,25.534999999999997,66.91929006347974,8.914113808318579
PER,Peru,2010,Latin America & Caribbean,Upper middle income,72.014,86.523,12057.3912963716,14.509,83.2310483917571,9.397433136465756
PER,Peru,1998,Latin America & Caribbean,Upper middle income,54.985,78.893,7602.78356076635,23.908,69.6956637471005,8.936269717213907
PER,Peru,1999,Latin America & Caribbean,Upper middle income,57.65,78.819,7584.30465257181,21.169000000000004,73.14226265240615,8.933836213562094
PER,Peru,2000,Latin America & Caribbean,Upper middle income,53.528,78.19,7668.06078201131,24.662,68.45888221000128,8.944819030843993
PER,Peru,2001,Latin America & Caribbean,Upper middle income,58.578,79.118,7610.63949294843,20.539999999999992,74.03877752218206,8.937302480564089
PER,Peru,2002,Latin America & Caribbean,Upper middle income,60.045,79.863,7930.50980631714,19.817999999999998,75.18500431989783,8.978472600874865
PER,Peru,2003,Latin America & Caribbean,Upper middle income,61.491,80.583,8173.27672987692,19.092,76.30765794274227,9.00862517597595
PER,Peru,2004,Latin America & Caribbean,Upper middle income,62.915,81.28,8494.84031217202,18.365000000000002,77.4052657480315,9.047214236068493
PER,Peru,2005,Latin America & Caribbean,Upper middle income,64.315,81.955,8948.74710742664,17.64,78.47599292294551,9.099268813472642
PER,Peru,2014,Latin America & Caribbean,Upper middle income,69.302,84.952,14242.6444760801,15.649999999999991,81.5778321875883,9.563995875314342
PER,Peru,2007,Latin America & Caribbean,Upper middle income,70.087,86.383,10284.9672238506,16.295999999999992,81.13517706030122,9.238438615290594
PER,Peru,2008,Latin America & Caribbean,Upper middle income,70.266,86.197,11150.0262166889,15.930999999999997,81.517918257015907,9.319197128158049
PER,Peru,2009,Latin America & Caribbean,Upper middle income,70.561,86.633,11202.8654418496,16.07199999999999,81.44817794604829,9.323924867583226
PER,Peru,2011,Latin America & Caribbean,Upper middle income,71.205,86.172,12724.8832049429,14.966999999999999,82.63124912964767,9.451314662983117
PER,Peru,2012,Latin America & Caribbean,Upper middle income,70.91,86.1,13393.5923851679,15.189999999999998,82.35772357723577,9.502531691363036
PER,Peru,2013,Latin America & Caribbean,Upper middle income,70.2,85.634,14050.2420319137,15.433999999999997,81.97678492187683,9.550394901084244
PER,Peru,2015,Latin America & Caribbean,Upper middle income,67.657,84.294,14540.8313160635,16.637,80.26312667568273,9.584715923872889
PHL,Philippines,1998,East Asia & Pacific,Upper middle income,47.269,75.794,4616.67292900617,28.525,62.36509486239016,8.437429579409885
PHL,Philippines,1990,East Asia & Pacific,Upper middle income,47.352,75.855,4504.46230383567,28.503000000000007,62.42436227012062,8.412823807499628
PHL,Philippines,2022,East Asia & Pacific,Upper middle income,50.38,72.739,9457.10395402883,22.359,69.26133161027785,9.154521479238996
PHL,Philippines,2023,East Asia & Pacific,Upper middle income,50.445,72.641,9898.53294588106,22.196000000000005,69.44425324541237,9.20014183785712
PHL,Philippines,2024,East Asia & Pacific,Upper middle income,50.511,72.54,10378.1717703535,22.029000000000003,69.63192721257238,9.247460011183417
PHL,Philippines,2011,East Asia & Pacific,Upper middle income,48.935,75.915,6388.31296959977,26.980000000000004,64.46025159718106,8.762225501497287
PHL,Philippines,1999,East Asia & Pacific,Upper middle income,47.234,75.759,4650.75926947589,28.525,62.347707863092175,8.444785769010316
PHL,Philippines,2000,East Asia & Pacific,Upper middle income,47.176,75.719,4740.43891694569,28.542999999999992,62.304045219825944,8.463885008913893
PHL,Philippines,2001,East Asia & Pacific,Upper middle income,47.148,75.696,4778.4008437474,28.547999999999995,62.28598604946101,8.471861217993379
PHL,Philippines,2002,East Asia & Pacific,Upper middle income,47.108,75.673,4856.49948429567,28.565000000000005,62.25205819777199,8.488073186653905
PHL,Philippines,2003,East Asia & Pacific,Upper middle income,47.034,75.627,5003.38317718716,28.592999999999996,62.192074259193156,8.517869598039121
PHL,Philippines,1991,East Asia & Pacific,Upper middle income,47.429,75.889,4378.39532090518,28.459999999999994,62.497858714701735,8.384437571152265
PHL,Philippines,1992,East Asia & Pacific,Upper middle income,47.48,75.909,4293.71810131081,28.42900000000001,62.5485779024885,8.364908326845145
PHL,Philippines,1993,East Asia & Pacific,Upper middle income,47.483,75.905,4283.15967786629,28.422000000000004,62.55582636189973,8.362446258701018
PHL,Philippines,1994,East Asia & Pacific,Upper middle income,47.432,75.891,4374.06721651165,28.459000000000003,62.500164709912895,8.383448568405251
PHL,Philippines,1995,East Asia & Pacific,Upper middle income,47.374,75.871,4477.32317711022,28.496999999999993,62.440194540733614,8.40678064172239
PHL,Philippines,1996,East Asia & Pacific,Upper middle income,47.279,75.82,4631.77197705972,28.54099999999999,62.35689791611713,8.440694790290614
PHL,Philippines,1997,East Asia & Pacific,Upper middle income,47.204,75.775,4758.70845808515,28.571000000000005,62.29495216100297,8.467731578073135
PHL,Philippines,2015,East Asia & Pacific,Upper middle income,48.67,74.436,7691.76308685047,25.766000000000005,65.3850287495298,8.947905306292906
PHL,Philippines,2012,East Asia & Pacific,Upper middle income,48.459,75.367,6697.55620962768,26.908,64.29737152865313,8.809497994011792
PHL,Philippines,2013,East Asia & Pacific,Upper middle income,48.338,74.881,7016.53846470436,26.543,64.55309090423472,8.856025279211988
PHL,Philippines,2014,East Asia & Pacific,Upper middle income,49.121,75.539,7340.361585912,26.418,65.0273368723441,8.90114338278104
PHL,Philippines,2006,East Asia & Pacific,Upper middle income,47.6,75.638,5578.57225112139,28.038000000000004,62.931330812554535,8.626688153660645
PHL,Philippines,2016,East Asia & Pacific,Upper middle income,48.19,75.275,8131.82537948653,27.085000000000008,64.01859847226834,9.003540701262216
PHL,Philippines,2004,East Asia & Pacific,Upper middle income,46.711,76.732,5229.45080700165,30.021,60.87551477871032,8.562061543323738
PHL,Philippines,2005,East Asia & Pacific,Upper middle income,47.449,76.113,5386.81653712891,28.664,62.340204695649895,8.591709865506742
PHL,Philippines,2010,East Asia & Pacific,Upper middle income,48.119,75.164,6273.03927731515,27.045,64.01867915491458,8.744016249405876
PHL,Philippines,2007,East Asia & Pacific,Upper middle income,47.605,75.333,5840.06810169965,27.728,63.19275749007739,8.672497737004221
PHL,Philippines,2008,East Asia & Pacific,Upper middle income,47.063,75.514,5987.03757861835,28.450999999999993,62.32354265434225,8.697352007608234
PHL,Philippines,2009,East Asia & Pacific,Upper middle income,47.866,75.452,5965.30730902221,27.586,63.43900758097863,8.69371585190107
PHL,Philippines,2018,East Asia & Pacific,Upper middle income,45.532,72.705,9016.28659637608,27.173000000000002,62.625679114228724,9.106787842745021
PHL,Philippines,2019,East Asia & Pacific,Upper middle income,46.566,72.591,9452.2939715981,26.02499999999999,64.14844815472993,9.154012739346442
PHL,Philippines,2020,East Asia & Pacific,Upper middle income,42.675,67.07,8455.18457134106,24.394999999999996,63.62755330251976,9.0425350909396
PHL,Philippines,2017,East Asia & Pacific,Upper middle income,45.045,73.525,8584.13622709699,28.480000000000004,61.26487589255355,9.057671154070093
PHL,Philippines,2021,East Asia & Pacific,Upper middle income,44.203,69,8857.78995115514,24.796999999999997,64.0623188405797,9.089052571304624
POL,Poland,1991,Europe & Central Asia,High income,53.616,69.746,11879.7539252619,16.129999999999995,76.87322570469992,9.382590879340318
POL,Poland,1990,Europe & Central Asia,High income,53.509,69.43,12821.4636316574,15.921000000000006,77.06899034999279,9.458875891794
POL,Poland,2002,Europe & Central Asia,High income,48.686,62.679,19166.9137058143,13.993000000000002,77.67513840361205,9.860940827033277
POL,Poland,1992,Europe & Central Asia,High income,53.346,69.427,12141.2351323725,16.08100000000001,76.83754159044751,9.404362800160865
POL,Poland,1993,Europe & Central Asia,High income,52.826,68.701,12563.1045363124,15.874999999999993,76.89262165033989,9.438519585937115
POL,Poland,1994,Europe & Central Asia,High income,52.502,67.646,13200.1614164951,15.143999999999998,77.61286698400497,9.48798433702205
POL,Poland,2003,Europe & Central Asia,High income,48.245,62.263,19855.6317989181,14.018,77.48582625315194,9.89624296370467
POL,Poland,1999,Europe & Central Asia,High income,49.181,63.708,17556.0026927987,14.527000000000001,77.1975262133484,9.773151204191498
POL,Poland,2000,Europe & Central Asia,High income,48.629,62.971,18566.3546288772,14.341999999999999,77.22443664543997,9.8291063307619
POL,Poland,2001,Europe & Central Asia,High income,49.542,63.543,18800.6018648402,14.000999999999998,77.96610169491525,9.841644162392845
POL,Poland,2015,Europe & Central Asia,High income,49.527,65.256,31700.3682364154,15.729,75.8964692901802,10.36408357608861
POL,Poland,2016,Europe & Central Asia,High income,49.64,65.614,32675.3052259954,15.974000000000004,75.65458591154326,10.394374879718736
POL,Poland,2004,Europe & Central Asia,High income,47.719,62.098,20878.6545002534,14.378999999999998,76.84466488453735,9.946482600277216
POL,Poland,2005,Europe & Central Asia,High income,47.653,62.596,21568.9476594356,14.942999999999998,76.12786759537352,9.97900995096245
POL,Poland,2006,Europe & Central Asia,High income,46.917,62.147,22921.1975887696,15.229999999999997,75.49358778380292,10.039817420282567
POL,Poland,2007,Europe & Central Asia,High income,46.706,62.001,24484.0656663756,15.294999999999995,75.33104304769279,10.10577780397911
POL,Poland,1995,Europe & Central Asia,High income,51.458,66.574,14227.5663687798,15.116,77.29443927058611,9.562936655290141
POL,Poland,1996,Europe & Central Asia,High income,50.86,65.982,15083.09812162,15.122,77.08162832287594,9.621330066191632
POL,Poland,1997,Europe & Central Asia,High income,49.805,65.298,16031.7211485265,15.493000000000002,76.27339275322367,9.682324610303091
POL,Poland,1998,Europe & Central Asia,High income,49.533,64.607,16766.6492883267,15.073999999999998,76.66816289256583,9.727147030937674
POL,Poland,2012,Europe & Central Asia,High income,49.354,64.801,28952.9157305301,15.447000000000003,76.16240490115894,10.273426194010105
POL,Poland,2013,Europe & Central Asia,High income,49.227,64.862,29168.624211075,15.634999999999998,75.89497702815208,10.280848897233717
POL,Poland,2014,Europe & Central Asia,High income,49.534,65.246,30334.8786569618,15.711999999999996,75.9188302731202,10.320053440268243
POL,Poland,2019,Europe & Central Asia,High income,49.596,65.996,38181.6230334689,16.4,75.15000909146009,10.550109606419923
POL,Poland,2020,Europe & Central Asia,High income,49.333,66.132,37852.8021313639,16.799000000000007,74.59777414867234,10.541460288658055
POL,Poland,2017,Europe & Central Asia,High income,49.757,66.016,34354.5987616319,16.259000000000007,75.37112215220552,10.444491168212922
POL,Poland,2018,Europe & Central Asia,High income,49.857,65.847,36500.4114282584,15.989999999999995,75.71643355050345,10.505078811514133
POL,Poland,2010,Europe & Central Asia,High income,48.879,64.171,27112.1333797381,15.292000000000009,76.16992099234857,10.207736632857927
POL,Poland,2011,Europe & Central Asia,High income,48.967,64.478,28521.6612623568,15.510999999999996,75.94373274605292,10.258419121862566
POL,Poland,2008,Europe & Central Asia,High income,47.117,62.762,25553.9058406534,15.645000000000003,75.07249609636403,10.14854545442402
POL,Poland,2009,Europe & Central Asia,High income,47.813,63.454,26204.410367111,15.640999999999998,75.35064771330413,10.173683010205062
POL,Poland,2022,Europe & Central Asia,High income,51.594,66.927,43405.0215797441,15.333000000000006,77.08996369178358,10.678330417997634
POL,Poland,2023,Europe & Central Asia,High income,52.209,66.852,43672.7668014946,14.643,78.09639203015617,10.684480001502509
POL,Poland,2024,Europe & Central Asia,High income,51.913,65.976,45153.0439773281,14.063000000000002,78.68467321450224,10.717812975782483
POL,Poland,2021,Europe & Central Asia,High income,50.969,67.082,41059.5847829682,16.112999999999992,75.98014370471961,10.622779578075816
PRT,Portugal,1996,Europe & Central Asia,High income,49.536,68.395,30378.7557756391,18.858999999999995,72.42634695518679,10.321498819933819
PRT,Portugal,1997,Europe & Central Asia,High income,50.474,68.707,31574.4021979124,18.232999999999997,73.46267483662508,10.360102014273428
PRT,Portugal,1992,Europe & Central Asia,High income,48.598,70.423,28776.0475772622,21.825000000000003,69.00870454255002,10.267298638740169
PRT,Portugal,1993,Europe & Central Asia,High income,48.803,69.346,28153.6155177218,20.543000000000006,70.37608513829203,10.245431062894925
PRT,Portugal,1994,Europe & Central Asia,High income,49.148,68.857,28348.8658386375,19.708999999999996,71.37691157035596,10.25234230266385
PRT,Portugal,1995,Europe & Central Asia,High income,49.08,68.405,29460.8141864854,19.325000000000003,71.74914114465317,10.290816326650523
PRT,Portugal,2007,Europe & Central Asia,High income,55.919,69.113,37226.4702626704,13.194000000000003,80.9095249808285,10.524775353418857
PRT,Portugal,2008,Europe & Central Asia,High income,55.787,68.906,37291.5048969664,13.119000000000007,80.96101935970742,10.526520828941194
PRT,Portugal,1998,Europe & Central Asia,High income,51.886,70.134,32925.6638725861,18.247999999999998,73.98123591981064,10.402007689584703
PRT,Portugal,1999,Europe & Central Asia,High income,52.28,69.849,34018.9637066508,17.569000000000003,74.84717032455725,10.434673404188155
PRT,Portugal,2000,Europe & Central Asia,High income,52.728,69.664,35069.8275705133,16.936,75.68902158934313,10.465096426398821
PRT,Portugal,1990,Europe & Central Asia,High income,48.05,72.653,27190.5720267046,24.60300000000001,66.13629168788624,10.210625575533376
PRT,Portugal,1991,Europe & Central Asia,High income,50.134,72.993,28443.7945360375,22.858999999999995,68.68329839847657,10.255685297522021
PRT,Portugal,2005,Europe & Central Asia,High income,55.269,69.105,35870.3092741502,13.836000000000006,79.97829390058607,10.487665192573077
PRT,Portugal,2006,Europe & Central Asia,High income,55.517,69.272,36387.5367379523,13.755000000000003,80.14349232012934,10.501981597684487
PRT,Portugal,2020,Europe & Central Asia,High income,53.157,62.592,36852.2287338103,9.435000000000002,84.92618865030674,10.514671377031721
PRT,Portugal,2021,Europe & Central Asia,High income,52.886,61.269,38657.6677223429,8.382999999999996,86.3177136888149,10.562500423015537
PRT,Portugal,2009,Europe & Central Asia,High income,55.59,67.669,36092.8109314688,12.078999999999994,82.14987660524022,10.493848981316729
PRT,Portugal,2010,Europe & Central Asia,High income,55.835,67.196,36703.1141882825,11.360999999999997,83.0927436156914,10.51061688570921
PRT,Portugal,2011,Europe & Central Asia,High income,54.621,67.03,36127.2949766157,12.408999999999999,81.4873937043115,10.494803952161316
PRT,Portugal,2012,Europe & Central Asia,High income,54.674,66.26,34804.6333340484,11.586000000000006,82.51433745849683,10.457505798682986
PRT,Portugal,2013,Europe & Central Asia,High income,54.157,65.02,34651.7719455059,10.863,83.29283297446939,10.453104141708964
PRT,Portugal,2001,Europe & Central Asia,High income,53.478,70.198,35500.2266804093,16.71999999999999,76.18165759708255,10.477294360806763
PRT,Portugal,2002,Europe & Central Asia,High income,54.08,70.735,35578.5200309,16.655,76.45437195165053,10.4794973648207
PRT,Portugal,2003,Europe & Central Asia,High income,54.783,69.909,35115.379514413,15.126000000000005,78.36330086254988,10.466394476292455
PRT,Portugal,2004,Europe & Central Asia,High income,54.28,69.472,35658.1298257507,15.191999999999993,78.1321971441732,10.4817324454471
PRT,Portugal,2018,Europe & Central Asia,High income,54.337,64.193,39123.6151282575,9.855999999999995,84.64630099855125,10.574481531133124
PRT,Portugal,2019,Europe & Central Asia,High income,54.511,64.039,40188.2868799223,9.527999999999999,85.1215665453864,10.601330861004081
PRT,Portugal,2024,Europe & Central Asia,High income,54.888,62.434,42228.1580446502,7.545999999999999,87.91363680046129,10.650842529753197
PRT,Portugal,2016,Europe & Central Asia,High income,53.484,64.011,36636.2978441636,10.526999999999994,83.55438908937526,10.508794772311962
PRT,Portugal,2022,Europe & Central Asia,High income,53.799,62.259,41070.8611529744,8.46,86.41160314171445,10.623054174662954
PRT,Portugal,2023,Europe & Central Asia,High income,54.719,62.861,41768.2583096874,8.141999999999996,87.04761298738487,10.639891959463322
PRT,Portugal,2015,Europe & Central Asia,High income,53.7,64.065,35803.3575649772,10.364999999999995,83.82111917583704,10.485796954722298
PRT,Portugal,2017,Europe & Central Asia,High income,54.028,64.39,37943.1150505677,10.362000000000002,83.9074390433297,10.543843344772469
PRT,Portugal,2014,Europe & Central Asia,High income,53.777,64.441,35097.4098263232,10.664000000000001,83.45152930587669,10.46588261260919
PRI,Puerto Rico (US),2012,Latin America & Caribbean,High income,32.758,47.932,41347.4542013586,15.174,68.34265209046148,10.629766131479327
PRI,Puerto Rico (US),2013,Latin America & Caribbean,High income,32.484,46.976,41556.7852350074,14.491999999999997,69.15020435967303,10.634816089839394
PRI,Puerto Rico (US),2008,Latin America & Caribbean,High income,36.166,54.488,41358.0689136668,18.322000000000003,66.37424754074291,10.630022818384063
PRI,Puerto Rico (US),2010,Latin America & Caribbean,High income,33.856,50.933,40777.6892825687,17.076999999999998,66.47163921229851,10.615890379515895
PRI,Puerto Rico (US),2011,Latin America & Caribbean,High income,33.028,48.898,40972.5364074959,15.870000000000005,67.54468485418626,10.620657277521294
PRI,Puerto Rico (US),1997,Latin America & Caribbean,High income,34.868,62.039,32915.7905705568,27.171,56.20335595351311,10.401707778163036
PRI,Puerto Rico (US),2009,Latin America & Caribbean,High income,34.884,52.536,40772.3514249612,17.652,66.40018273184101,10.615759469523237
PRI,Puerto Rico (US),2014,Latin America & Caribbean,High income,31.866,45.547,41593.6798280708,13.680999999999997,69.96289547061278,10.63570350749741
PRI,Puerto Rico (US),2015,Latin America & Caribbean,High income,31.876,44.97,41737.6068571153,13.093999999999998,70.88281076273071,10.639157844467029
PRI,Puerto Rico (US),2016,Latin America & Caribbean,High income,32.231,44.867,41858.2626698462,12.635999999999996,71.83676198542359,10.642044491790546
PRI,Puerto Rico (US),1998,Latin America & Caribbean,High income,34.742,61.872,34537.1851859472,27.130000000000003,56.15140936126196,10.449791854052878
PRI,Puerto Rico (US),1990,Latin America & Caribbean,High income,30.609,60.039,26738.8144405273,29.43,50.981861789836614,10.193871513118339
PRI,Puerto Rico (US),1991,Latin America & Caribbean,High income,31.168,61.641,27162.1507880615,30.473,50.56374815463733,10.209579768083016
PRI,Puerto Rico (US),1992,Latin America & Caribbean,High income,31.926,60.679,28219.1160498293,28.753000000000004,52.61457835494981,10.247754901380752
PRI,Puerto Rico (US),1993,Latin America & Caribbean,High income,33.963,61.719,29282.1121792431,27.756,55.0284353278569,10.284732102742712
PRI,Puerto Rico (US),1994,Latin America & Caribbean,High income,33.724,60.938,30225.7807602628,27.214000000000006,55.34149463389018,10.31645050675442
PRI,Puerto Rico (US),1995,Latin America & Caribbean,High income,33.488,60.154,31310.1801642693,26.666000000000004,55.6704458556372,10.351698568512433
PRI,Puerto Rico (US),1996,Latin America & Caribbean,High income,33.969,61.293,31677.2302541644,27.323999999999998,55.42068425431942,10.363353413260418
PRI,Puerto Rico (US),2021,Latin America & Caribbean,High income,35.6,47.818,40559.226188957,12.217999999999996,74.44895227738509,10.610518559901541
PRI,Puerto Rico (US),2022,Latin America & Caribbean,High income,35.916,48.617,42310.8139725719,12.701,73.87539338091614,10.652797981831396
PRI,Puerto Rico (US),1999,Latin America & Caribbean,High income,36.372,59.592,36216.8380896225,23.22,61.03503826016915,10.497279430266815
PRI,Puerto Rico (US),2000,Latin America & Caribbean,High income,34.734,58.481,37298.5450447133,23.747,59.3936492194046,10.526709598026972
PRI,Puerto Rico (US),2001,Latin America & Caribbean,High income,35.359,58.055,39568.5528383032,22.695999999999998,60.906037378348124,10.585789961517191
PRI,Puerto Rico (US),2002,Latin America & Caribbean,High income,35.99,57.628,39879.7295566967,21.637999999999998,62.45228014159784,10.593623442625917
PRI,Puerto Rico (US),2003,Latin America & Caribbean,High income,36.728,57.886,39876.0670237773,21.158,63.44884773520367,10.59353159894611
PRI,Puerto Rico (US),2004,Latin America & Caribbean,High income,36.235,58.357,43355.8226365269,22.122,62.09195126548658,10.677196290063884
PRI,Puerto Rico (US),2005,Latin America & Caribbean,High income,37.572,59.047,42555.7081189669,21.474999999999994,63.63066709570343,10.658569275861135
PRI,Puerto Rico (US),2006,Latin America & Caribbean,High income,37.921,57.664,42133.9682748773,19.743000000000002,65.76200055493895,10.648609541728362
PRI,Puerto Rico (US),2007,Latin America & Caribbean,High income,37.02,56.347,41888.6232716478,19.326999999999998,65.70003726906491,10.642769548078679
PRI,Puerto Rico (US),2019,Latin America & Caribbean,High income,33.291,44.65,41656.3291581369,11.359000000000002,74.5599104143337,10.637208596629668
PRI,Puerto Rico (US),2020,Latin America & Caribbean,High income,33.797,45.49,40171.3744461738,11.693000000000005,74.2954495493515,10.600909942505444
PRI,Puerto Rico (US),2017,Latin America & Caribbean,High income,32.498,44.765,41479.9977732034,12.267000000000003,72.59689489556573,10.63296660865984
PRI,Puerto Rico (US),2023,Latin America & Caribbean,High income,36.29,48.847,42837.872737145,12.557000000000002,74.29320122013634,10.665177867333103
PRI,Puerto Rico (US),2024,Latin America & Caribbean,High income,36.681,49.436,44216.4333367133,12.755000000000003,74.19896431750142,10.696851793915439
PRI,Puerto Rico (US),2018,Latin America & Caribbean,High income,32.997,44.958,41119.3088051648,11.960999999999999,73.39516882423595,10.624233090774853
QAT,Qatar,2017,"Middle East, North Africa, Afghanistan & Pakistan",High income,57.571,95.543,115064.943662853,37.97200000000001,60.25663837225124,11.653251975449889
QAT,Qatar,2020,"Middle East, North Africa, Afghanistan & Pakistan",High income,59.452,95.871,103061.913422502,36.419,62.01249595811038,11.543085187812157
QAT,Qatar,2018,"Middle East, North Africa, Afghanistan & Pakistan",High income,58.369,95.667,114909.945485127,37.298,61.01267939832962,11.651904017837913
QAT,Qatar,2023,"Middle East, North Africa, Afghanistan & Pakistan",High income,63.308,95.584,116159.142564088,32.276,66.23284231670571,11.662716448523872
QAT,Qatar,2024,"Middle East, North Africa, Afghanistan & Pakistan",High income,61.78,95.769,111314.250355891,33.989000000000004,64.50939239211017,11.620112564610382
QAT,Qatar,2021,"Middle East, North Africa, Afghanistan & Pakistan",High income,60.582,94.687,116832.570294098,34.105,63.981327954207025,11.668497165761051
QAT,Qatar,2022,"Middle East, North Africa, Afghanistan & Pakistan",High income,63.54,95.365,114740.12361423,31.824999999999996,66.62821789964872,11.65042505549736
QAT,Qatar,2011,"Middle East, North Africa, Afghanistan & Pakistan",High income,52.429,95.65,149025.116325024,43.221000000000004,54.81338212232097,11.911870136661713
QAT,Qatar,2012,"Middle East, North Africa, Afghanistan & Pakistan",High income,52.914,95.586,147077.406092637,42.672,55.3574791287427,11.898714299229212
QAT,Qatar,2013,"Middle East, North Africa, Afghanistan & Pakistan",High income,53.302,95.596,138046.596315458,42.294000000000004,55.75756307795305,11.835346561606745
QAT,Qatar,2014,"Middle East, North Africa, Afghanistan & Pakistan",High income,54.571,95.526,128013.987050891,40.955,57.12685551577581,11.75989481076689
QAT,Qatar,2015,"Middle East, North Africa, Afghanistan & Pakistan",High income,55.988,95.498,123070.887876565,39.510000000000005,58.62740580954575,11.72051579254326
QAT,Qatar,2019,"Middle East, North Africa, Afghanistan & Pakistan",High income,59.083,95.858,113160.973779334,36.775000000000006,61.635961526424495,11.636566630710167
QAT,Qatar,1990,"Middle East, North Africa, Afghanistan & Pakistan",High income,50.382,95.23,75303.560170822,44.848000000000006,52.90559697574293,11.229282692495323
QAT,Qatar,1991,"Middle East, North Africa, Afghanistan & Pakistan",High income,51.01,95.294,71662.2042981946,44.284,53.52907843096103,11.17971875089652
QAT,Qatar,1992,"Middle East, North Africa, Afghanistan & Pakistan",High income,50.511,95.175,77267.1145459223,44.663999999999994,53.07171000788023,11.255023717741993
QAT,Qatar,1993,"Middle East, North Africa, Afghanistan & Pakistan",High income,51.085,95.342,73900.5913615776,44.257,53.58079335445029,11.210476109090711
QAT,Qatar,1994,"Middle East, North Africa, Afghanistan & Pakistan",High income,51.36,95.513,72711.0242088213,44.153000000000006,53.77278485651168,11.194248291761662
QAT,Qatar,1995,"Middle East, North Africa, Afghanistan & Pakistan",High income,51.508,95.708,72303.4779620852,44.199999999999996,53.8178626656079,11.188627511583023
QAT,Qatar,1996,"Middle East, North Africa, Afghanistan & Pakistan",High income,51.451,95.893,73369.8292439364,44.442,53.65459418309991,11.20326808437722
QAT,Qatar,1997,"Middle East, North Africa, Afghanistan & Pakistan",High income,49.179,95.539,91667.4239830935,46.36,51.47531374621882,11.425922349580219
QAT,Qatar,1998,"Middle East, North Africa, Afghanistan & Pakistan",High income,48.624,95.274,96675.8124711663,46.65,51.03595944328988,11.479118520589822
QAT,Qatar,1999,"Middle East, North Africa, Afghanistan & Pakistan",High income,48.921,95.168,95556.8522490874,46.24700000000001,51.40488399462003,11.467476660849988
QAT,Qatar,2000,"Middle East, North Africa, Afghanistan & Pakistan",High income,48.853,95.082,98028.5232918526,46.22899999999999,51.379861593151176,11.493013769303207
QAT,Qatar,2001,"Middle East, North Africa, Afghanistan & Pakistan",High income,49.246,95.162,96901.5943725606,45.916000000000004,51.74964796872701,11.48145125153669
QAT,Qatar,2002,"Middle East, North Africa, Afghanistan & Pakistan",High income,49.253,95.259,99001.4939977461,46.006,51.704300905951136,11.502890219889185
QAT,Qatar,2003,"Middle East, North Africa, Afghanistan & Pakistan",High income,49.618,95.475,98068.1232492499,45.85699999999999,51.96962555642839,11.493417651354573
QAT,Qatar,2004,"Middle East, North Africa, Afghanistan & Pakistan",High income,47.904,95.349,112583.929924606,47.445,50.24069471100903,11.631454266248564
QAT,Qatar,2005,"Middle East, North Africa, Afghanistan & Pakistan",High income,47.704,95.28,113384.267001706,47.576,50.067170445004194,11.63853792168862
QAT,Qatar,2006,"Middle East, North Africa, Afghanistan & Pakistan",High income,47.426,94.828,121378.43895737,47.402,50.01265449023495,11.706668538517642
QAT,Qatar,2007,"Middle East, North Africa, Afghanistan & Pakistan",High income,49.405,94.659,115272.510003238,45.254000000000005,52.19260714776196,11.655054256349207
QAT,Qatar,2008,"Middle East, North Africa, Afghanistan & Pakistan",High income,49.177,95.116,114879.221727674,45.939,51.702132133395004,11.651636609604454
QAT,Qatar,2009,"Middle East, North Africa, Afghanistan & Pakistan",High income,49.08,95.798,114069.652335284,46.718,51.23280235495522,11.644564526198275
QAT,Qatar,2010,"Middle East, North Africa, Afghanistan & Pakistan",High income,50.779,95.87,132502.281828313,45.091,52.96651715865234,11.794355145605886
QAT,Qatar,2016,"Middle East, North Africa, Afghanistan & Pakistan",High income,56.79,95.503,120054.408736518,38.713,59.4641006041695,11.69570032514433
ROU,Romania,2019,Europe & Central Asia,High income,42.958,61.868,36399.4746080793,18.910000000000004,69.43492597142303,10.502309619676687
ROU,Romania,2021,Europe & Central Asia,High income,42.751,63.021,37534.0002643549,20.270000000000003,67.83611811935704,10.533002474894296
ROU,Romania,2022,Europe & Central Asia,High income,43.223,62.869,39256.8260854977,19.646,68.75089471758736,10.577880621095751
ROU,Romania,2023,Europe & Central Asia,High income,42.172,62.134,40116.689141690404,19.962000000000003,67.87266231049023,10.599547714784507
ROU,Romania,2020,Europe & Central Asia,High income,42.742,62.048,35283.6060358241,19.306000000000004,68.88537906137184,10.471173716797223
ROU,Romania,1998,Europe & Central Asia,High income,42.124,60.431,14509.9931843509,18.306999999999995,69.70594562393474,9.582592876157303
ROU,Romania,2024,Europe & Central Asia,High income,41.904,61.846,40503.8323253789,19.941999999999993,67.75539242634933,10.609151873935936
ROU,Romania,2000,Europe & Central Asia,High income,42.361,60.676,14853.6063681531,18.315000000000005,69.81508339376359,9.605997967821095
ROU,Romania,2001,Europe & Central Asia,High income,42.249,60.447,15848.3039143162,18.198,69.894287557695165,9.67081776501911
ROU,Romania,2002,Europe & Central Asia,High income,42.143,60.197,17061.6293695412,18.054000000000002,70.00847218299914,9.744587324664492
ROU,Romania,1990,Europe & Central Asia,High income,41.399,59.48,16316.8446680419,18.080999999999996,69.60154673839946,9.699953268406235
ROU,Romania,1991,Europe & Central Asia,High income,41.559,59.804,14332.9706803349,18.245000000000005,69.49200722359707,9.57031780431552
ROU,Romania,1992,Europe & Central Asia,High income,41.909,60.259,13195.0418065067,18.35,69.54811729368227,9.48759641729214
ROU,Romania,1993,Europe & Central Asia,High income,41.958,60.347,13415.0188040185,18.389000000000003,69.52789699570815,9.50413016457462
ROU,Romania,1994,Europe & Central Asia,High income,41.85,60.238,13962.7738625239,18.387999999999998,69.47441814137257,9.544150057331844
ROU,Romania,1995,Europe & Central Asia,High income,41.635,59.939,14863.1855937298,18.304000000000002,69.4622866581024,9.606642669033848
ROU,Romania,1996,Europe & Central Asia,High income,41.57,59.778,15488.557478307,18.208,69.54063367794173,9.647856803077454
ROU,Romania,1997,Europe & Central Asia,High income,41.873,60.144,14779.9977262321,18.271,69.62124235168928,9.601030040661321
ROU,Romania,2011,Europe & Central Asia,High income,41.865,58.706,26150.7476231736,16.841,71.31298334071475,10.171633058880703
ROU,Romania,1999,Europe & Central Asia,High income,42.305,60.64,14478.0493538392,18.335,69.7641820580475,9.580388943732427
ROU,Romania,2013,Europe & Central Asia,High income,41.706,59.227,26941.9318849595,17.520999999999994,70.41720836780523,10.20143915804507
ROU,Romania,2014,Europe & Central Asia,High income,42.049,59.756,28156.1307843293,17.707,70.367829171966,10.24552039970691
ROU,Romania,2015,Europe & Central Asia,High income,42.473,60.794,29181.8781722441,18.320999999999998,69.86380234891601,10.281303185058352
ROU,Romania,2003,Europe & Central Asia,High income,42.148,60.193,17587.462617764,18.044999999999995,70.02143106341269,9.774941575920115
ROU,Romania,2004,Europe & Central Asia,High income,42.091,59.926,19532.4800205184,17.835,70.23829389580483,9.879834000986383
ROU,Romania,2005,Europe & Central Asia,High income,42.069,59.845,20570.925514681,17.775999999999996,70.2965995488345,9.931633975056366
ROU,Romania,2006,Europe & Central Asia,High income,42.202,59.783,22354.5637860053,17.581000000000003,70.59197430707725,10.014785775438348
ROU,Romania,2007,Europe & Central Asia,High income,42.447,59.775,24328.3931332788,17.327999999999996,71.01129234629863,10.09939938893063
ROU,Romania,2008,Europe & Central Asia,High income,42.91,59.802,27039.6000864291,16.892000000000003,71.7534530617705,10.205057740344467
ROU,Romania,2009,Europe & Central Asia,High income,38.904,56.305,25761.6305517205,17.400999999999996,69.09510700648256,10.156641476030305
ROU,Romania,2010,Europe & Central Asia,High income,41.865,59.452,24902.9044891466,17.586999999999996,70.41815245912669,10.122739721800631
ROU,Romania,2012,Europe & Central Asia,High income,41.763,59.092,26767.4556487181,17.329,70.67454139308197,10.194942087123165
ROU,Romania,2017,Europe & Central Asia,High income,43.175,61.265,32852.6355672255,18.090000000000003,70.47253733779482,10.399787251051414
ROU,Romania,2018,Europe & Central Asia,High income,42.932,61.518,34828.8958637884,18.586,69.7877044117169,10.45820266213372
ROU,Romania,2016,Europe & Central Asia,High income,42.123,60.536,30189.147723024,18.413000000000004,69.5833883969869,10.31523779186265
RUS,Russian Federation,2000,Europe & Central Asia,High income,54.659,69.099,20104.75,14.440000000000005,79.10244721341843,9.90871138453633
RUS,Russian Federation,1992,Europe & Central Asia,High income,58.014,75.173,23965.244140625,17.159,77.1739853404813,10.084359898924482
RUS,Russian Federation,1990,Europe & Central Asia,High income,59.955,76.272,29643.595703125,16.317000000000007,78.60682819383258,10.29700138457334
RUS,Russian Federation,1991,Europe & Central Asia,High income,59.301,75.834,28066.921875,16.533,78.19843342036553,10.24234700445446
RUS,Russian Federation,2024,Europe & Central Asia,High income,55.214,69.783,41891.171875,14.569000000000003,79.12242236647894,10.642830388603498
RUS,Russian Federation,2023,Europe & Central Asia,High income,55.363,70.282,39881.44921875,14.918999999999997,78.77265871773712,10.593666562902722
RUS,Russian Federation,1997,Europe & Central Asia,High income,51.71,67.732,17977.3515625,16.022,76.34500679147227,9.796867998093722
RUS,Russian Federation,1998,Europe & Central Asia,High income,51.031,66.498,17052.755859375,15.467000000000006,76.74065385425125,9.744067103631236
RUS,Russian Federation,1999,Europe & Central Asia,High income,54.487,69.255,18200.3203125,14.767999999999994,78.67590787668762,9.809194472497929
RUS,Russian Federation,2013,Europe & Central Asia,High income,55.985,71.147,36260.06640625,15.162000000000006,78.68919279800974,10.498472315698505
RUS,Russian Federation,2001,Europe & Central Asia,High income,53.51,67.583,21219.904296875,14.073,79.17671603805691,9.962694902114213
RUS,Russian Federation,2002,Europe & Central Asia,High income,54.308,67.402,22319.677734375,13.094000000000001,80.57327675736626,10.013223977966954
RUS,Russian Federation,2003,Europe & Central Asia,High income,54.12,66.955,24057.927734375,12.835,80.83040848330968,10.088219856741002
RUS,Russian Federation,2004,Europe & Central Asia,High income,54.719,67.556,25894.146484375,12.836999999999996,80.99798685534965,10.161772217680486
RUS,Russian Federation,2005,Europe & Central Asia,High income,55.155,67.803,27656.658203125,12.647999999999996,81.34595814344499,10.22762178096842
RUS,Russian Federation,1993,Europe & Central Asia,High income,55.963,73.171,21899.517578125,17.208000000000006,76.48248623088382,9.994219887165844
RUS,Russian Federation,1994,Europe & Central Asia,High income,54.034,71.151,19153.36328125,17.116999999999997,75.94271338421105,9.860233607451661
RUS,Russian Federation,1995,Europe & Central Asia,High income,53.582,70.677,18363.712890625,17.095000000000006,75.81249911569535,9.81813187088755
RUS,Russian Federation,1996,Europe & Central Asia,High income,52.735,69.447,17699.869140625,16.712000000000003,75.93560556971502,9.781312525349563
RUS,Russian Federation,2010,Europe & Central Asia,High income,56.019,70.628,33063.5859375,14.609000000000002,79.31556889618848,10.406187833051819
RUS,Russian Federation,2011,Europe & Central Asia,High income,56.336,70.888,34444.64453125,14.552000000000007,79.47184290712109,10.447108808080012
RUS,Russian Federation,2012,Europe & Central Asia,High income,56.272,71.021,35740.69921875,14.749000000000002,79.2329029441996,10.484045352560937
RUS,Russian Federation,2017,Europe & Central Asia,High income,55.335,71.116,35570.703125,15.780999999999999,77.80949434726364,10.479277632107264
RUS,Russian Federation,2014,Europe & Central Asia,High income,55.858,71.238,35853.24609375,15.380000000000003,78.4103989443836,10.487189388476793
RUS,Russian Federation,2015,Europe & Central Asia,High income,55.555,71.312,35037.15234375,15.756999999999998,77.904139555755,10.46416427301925
RUS,Russian Federation,2016,Europe & Central Asia,High income,55.684,71.528,35005.4453125,15.844000000000008,77.84923386645788,10.463258908727324
RUS,Russian Federation,2008,Europe & Central Asia,High income,56.159,70.236,34342.2265625,14.077000000000005,79.95757161569564,10.44413097109443
RUS,Russian Federation,2018,Europe & Central Asia,High income,55.416,70.902,36536.6953125,15.486000000000004,78.15858508927815,10.506072385571095
RUS,Russian Federation,2006,Europe & Central Asia,High income,55.583,67.996,30022.671875,12.412999999999997,81.74451438319902,10.309708104391463
RUS,Russian Federation,2007,Europe & Central Asia,High income,56.152,69.082,32630.369140625,12.929999999999993,81.2831128224429,10.392998702444768
RUS,Russian Federation,2020,Europe & Central Asia,High income,54.63,69.519,36376.3359375,14.889000000000003,78.58283346998662,10.501673730603505
RUS,Russian Federation,2009,Europe & Central Asia,High income,56.352,70.254,31654.00390625,13.902000000000008,80.21180288666837,10.362619925297846
RUS,Russian Federation,2022,Europe & Central Asia,High income,55.3,69.915,38214.69140625,14.615000000000009,79.09604519774011,10.550975312444852
RUS,Russian Federation,2019,Europe & Central Asia,High income,54.794,70.003,37319.3203125,15.209000000000003,78.27378826621715,10.527266442375819
RUS,Russian Federation,2021,Europe & Central Asia,High income,55.132,70.185,38638.4296875,15.053000000000004,78.5523972358766,10.562002647943192
RWA,Rwanda,1995,Sub-Saharan Africa,Low income,51.76,78.079,966.810405419343,26.318999999999996,66.29183263105317,6.874002411513801
RWA,Rwanda,1991,Sub-Saharan Africa,Low income,51.799,74.012,1113.51791998185,22.213,69.98729935686104,7.015279579950817
RWA,Rwanda,1992,Sub-Saharan Africa,Low income,51.879,73.845,1154.92927021895,21.966,70.25391021734715,7.051794383175106
RWA,Rwanda,1993,Sub-Saharan Africa,Low income,51.975,73.626,1021.6713088588,21.651000000000003,70.59326868225898,6.929195103436219
RWA,Rwanda,1994,Sub-Saharan Africa,Low income,51.81,75.44,597.262798593604,23.629999999999995,68.67709437963946,6.392357215182853
RWA,Rwanda,2006,Sub-Saharan Africa,Low income,54.026,69.263,1501.7646218593,15.237000000000002,78.00124164416789,7.314396110229766
RWA,Rwanda,1996,Sub-Saharan Africa,Low income,51.934,77.217,921.92827675502,25.283,67.25721019982646,6.826467429592566
RWA,Rwanda,1997,Sub-Saharan Africa,Low income,52.117,76.358,907.980685925245,24.241000000000007,68.25349013855784,6.811223107367622
RWA,Rwanda,1998,Sub-Saharan Africa,Low income,52.39,75.23,948.490660501395,22.840000000000003,69.6397713678054,6.854871942728167
RWA,Rwanda,1999,Sub-Saharan Africa,Low income,52.737,73.912,981.722501554685,21.175000000000004,71.35106613269834,6.889308683444946
RWA,Rwanda,1990,Sub-Saharan Africa,Low income,51.773,74.02,1165.72605253503,22.246999999999993,69.94460956498244,7.061099392938317
RWA,Rwanda,2003,Sub-Saharan Africa,Low income,53.836,70.077,1266.94449487196,16.241,76.8240649571186,7.144363371052103
RWA,Rwanda,2004,Sub-Saharan Africa,Low income,53.935,69.683,1325.79557312503,15.748000000000005,77.40051375514831,7.189767990780016
RWA,Rwanda,2005,Sub-Saharan Africa,Low income,53.997,69.419,1412.06107949967,15.421999999999997,77.7841801235973,7.252805674553638
RWA,Rwanda,2019,Sub-Saharan Africa,Low income,51.87,65.693,2753.53959810856,13.823,78.95818428143029,7.920642489608231
RWA,Rwanda,2007,Sub-Saharan Africa,Low income,54.039,69.167,1573.96811218011,15.128,78.12829817687626,7.36135516967436
RWA,Rwanda,2008,Sub-Saharan Africa,Low income,54.053,69.071,1704.25449057727,15.018,78.25715568038684,7.4408830451681425
RWA,Rwanda,2009,Sub-Saharan Africa,Low income,54.086,68.921,1764.63484961094,14.835000000000008,78.47535584219612,7.475699063890813
RWA,Rwanda,2010,Sub-Saharan Africa,Low income,54.141,68.704,1846.86326840066,14.562999999999995,78.80327200745226,7.521243948439282
RWA,Rwanda,2011,Sub-Saharan Africa,Low income,54.209,68.449,1945.53705383878,14.239999999999995,79.19618986398633,7.573293338163967
RWA,Rwanda,2012,Sub-Saharan Africa,Low income,54.283,68.187,2063.66474823031,13.903999999999996,79.60901638142168,7.632238685225579
RWA,Rwanda,2000,Sub-Saharan Africa,Low income,53.087,72.649,1055.35042339776,19.561999999999998,73.07327010695262,6.961628145638341
RWA,Rwanda,2001,Sub-Saharan Africa,Low income,53.416,71.517,1134.78453153468,18.101,74.689933861879,7.034198071836047
RWA,Rwanda,2002,Sub-Saharan Africa,Low income,53.674,70.651,1267.19396540218,16.976999999999997,75.97061612716027,7.144560258897765
RWA,Rwanda,2016,Sub-Saharan Africa,Low income,54.612,67.135,2386.74841002826,12.523000000000003,81.34654055261785,7.777687220711904
RWA,Rwanda,2017,Sub-Saharan Africa,Low income,54.723,66.8,2441.08540816509,12.076999999999998,81.92065868263472,7.80019805878745
RWA,Rwanda,2018,Sub-Saharan Africa,Low income,54.156,67.241,2577.69730366075,13.085,80.54014663672461,7.854651761423409
RWA,Rwanda,2023,Sub-Saharan Africa,Low income,58.044,69.791,3168.03075281515,11.747,83.16831683168317,8.060865460215215
RWA,Rwanda,2020,Sub-Saharan Africa,Low income,56.652,69.257,2617.70706034364,12.605000000000004,81.79967367919487,7.8700540457644435
RWA,Rwanda,2021,Sub-Saharan Africa,Low income,52.58,64.35,2776.39276387923,11.769999999999996,81.70940170940172,7.928907797165833
RWA,Rwanda,2022,Sub-Saharan Africa,Low income,54.695,66.14,2983.10774007304,11.445,82.69579679467796,8.000720901889006
RWA,Rwanda,2014,Sub-Saharan Africa,Low income,54.433,67.692,2176.09492014666,13.258999999999993,80.4127518761449,7.685287228415376
RWA,Rwanda,2024,Sub-Saharan Africa,Low income,57.099,70.508,3325.00769683815,13.408999999999999,80.98229988086459,8.109227267925817
RWA,Rwanda,2013,Sub-Saharan Africa,Low income,54.357,67.937,2109.74668811567,13.579999999999998,80.01089244447061,7.654323166237422
RWA,Rwanda,2015,Sub-Saharan Africa,Low income,54.516,67.431,2313.09716940962,12.915,80.84708813453753,7.74634267146993
WSM,Samoa,2005,East Asia & Pacific,Upper middle income,41.864,68.328,5915.6475736791,26.464000000000006,61.26917222807633,8.685356250331935
WSM,Samoa,2000,East Asia & Pacific,Upper middle income,42.495,69.268,4639.18880250252,26.773000000000003,61.34867471271005,8.442294802889402
WSM,Samoa,1995,East Asia & Pacific,Upper middle income,42.784,68.905,4078.51336477469,26.121000000000002,62.091285102677595,8.313487829620074
WSM,Samoa,1996,East Asia & Pacific,Upper middle income,42.559,68.864,4334.06811985266,26.305000000000007,61.80152184014869,8.374261899520699
WSM,Samoa,1997,East Asia & Pacific,Upper middle income,42.63,69.134,4325.69239692206,26.503999999999998,61.66285763878845,8.372327498326547
WSM,Samoa,1998,East Asia & Pacific,Upper middle income,42.64,69.269,4387.08119898787,26.629000000000005,61.5571179026693,8.386419409996035
WSM,Samoa,1999,East Asia & Pacific,Upper middle income,42.631,69.366,4448.88973694004,26.735,61.458063027996424,8.400409846713808
WSM,Samoa,2001,East Asia & Pacific,Upper middle income,42.289,68.983,4941.74832450316,26.694000000000003,61.303509560326454,8.505474459412689
WSM,Samoa,2002,East Asia & Pacific,Upper middle income,42.148,68.78,5184.11871218152,26.631999999999998,61.27944169816808,8.55335513749629
WSM,Samoa,2003,East Asia & Pacific,Upper middle income,42.037,68.626,5426.13899111084,26.589000000000006,61.25520939585579,8.59898310865026
WSM,Samoa,2004,East Asia & Pacific,Upper middle income,41.978,68.571,5569.06081180669,26.592999999999996,61.21829928103718,8.624981703229581
WSM,Samoa,1990,East Asia & Pacific,Upper middle income,43.033,68.24,3991.43806561639,25.206999999999994,63.06125439624854,8.291906862396859
WSM,Samoa,1991,East Asia & Pacific,Upper middle income,43.096,68.421,3892.12846832793,25.32500000000001,62.986509989623066,8.266711451067385
WSM,Samoa,1992,East Asia & Pacific,Upper middle income,43.083,68.552,3862.38380056991,25.46900000000001,62.84718170148208,8.259039836758623
WSM,Samoa,1993,East Asia & Pacific,Upper middle income,42.9,68.556,3986.96465991694,25.656,62.57657973043935,8.290785483513865
WSM,Samoa,1994,East Asia & Pacific,Upper middle income,43.052,68.955,3854.53321958721,25.903,62.43492132550214,8.257005194252946
WSM,Samoa,2009,East Asia & Pacific,Upper middle income,41.61,68.114,6104.90962936041,26.504000000000005,61.08876295622044,8.716848583709677
WSM,Samoa,2010,East Asia & Pacific,Upper middle income,41.495,67.835,6428.13508590333,26.339999999999996,61.17048721161642,8.768439741867347
WSM,Samoa,2011,East Asia & Pacific,Upper middle income,41.41,67.654,6617.61889509588,26.244,61.208502084133976,8.797490900709162
WSM,Samoa,2012,East Asia & Pacific,Upper middle income,41.437,67.861,6312.76944621145,26.424000000000007,61.06158176272085,8.750329757221005
WSM,Samoa,2013,East Asia & Pacific,Upper middle income,41.461,67.887,6263.12610411359,26.426000000000002,61.07354869120745,8.742434717100547
WSM,Samoa,2014,East Asia & Pacific,Upper middle income,41.461,67.878,6248.70534550413,26.417,61.08164648339668,8.740129576553677
WSM,Samoa,2015,East Asia & Pacific,Upper middle income,41.422,67.708,6433.1839621351,26.286,61.17740887339753,8.76922486763435
WSM,Samoa,2016,East Asia & Pacific,Upper middle income,41.385,67.365,6888.18769751001,25.979999999999997,61.43397906924961,8.837563295665158
WSM,Samoa,2017,East Asia & Pacific,Upper middle income,41.376,67.33,6919.90225366914,25.954,61.452547155799785,8.842156923319633
WSM,Samoa,2018,East Asia & Pacific,Upper middle income,39.417,65.243,6805.91709392797,25.825999999999993,60.41567677758534,8.825547673665467
WSM,Samoa,2006,East Asia & Pacific,Upper middle income,41.812,68.253,6018.2480546697,26.441000000000003,61.26031090208489,8.702551475129104
WSM,Samoa,2007,East Asia & Pacific,Upper middle income,41.753,68.235,6014.046762066,26.482,61.19000512933246,8.701853139052997
WSM,Samoa,2008,East Asia & Pacific,Upper middle income,41.65,68.07,6183.55546849942,26.419999999999995,61.18701336859116,8.729648703546895
WSM,Samoa,2022,East Asia & Pacific,Upper middle income,31.149,56.519,6450.19151677842,25.369999999999997,55.112440064403124,8.77186510187279
WSM,Samoa,2023,East Asia & Pacific,Upper middle income,31.158,55.907,7384.69163688613,24.748999999999995,55.73184037777024,8.907164438763456
WSM,Samoa,2024,East Asia & Pacific,Upper middle income,31.145,55.203,7687.23425552485,24.058000000000003,56.419035197362454,8.947316343130261
WSM,Samoa,2020,East Asia & Pacific,Upper middle income,35.207,60.097,6746.15667963109,24.89,58.58362314258615,8.81672824091238
WSM,Samoa,2021,East Asia & Pacific,Upper middle income,33.491,57.892,6350.92787033711,24.401000000000003,57.850825675395555,8.756356202524989
WSM,Samoa,2019,East Asia & Pacific,Upper middle income,37.466,62.891,7034.42233036815,25.424999999999997,59.572911863382686,8.85857085251218
STP,Sao Tome and Principe,2006,Sub-Saharan Africa,Lower middle income,22.752,25.318,4644.18044669991,2.5660000000000025,89.86491823998736,8.443370197941446
STP,Sao Tome and Principe,2007,Sub-Saharan Africa,Lower middle income,22.746,25.327,4698.08416961839,2.581000000000003,89.80929442887037,8.454910081111665
STP,Sao Tome and Principe,2011,Sub-Saharan Africa,Lower middle income,22.754,25.292,4876.47315792145,2.5380000000000003,89.96520638937213,8.492177524023178
STP,Sao Tome and Principe,2010,Sub-Saharan Africa,Lower middle income,22.727,25.356,4882.04796466341,2.6290000000000013,89.63164536993217,8.493320075702556
STP,Sao Tome and Principe,1996,Sub-Saharan Africa,Lower middle income,21.881,27.399,3801.08164933857,5.518000000000001,79.86057885324281,8.24304094977368
STP,Sao Tome and Principe,2008,Sub-Saharan Africa,Lower middle income,22.73,25.36,4873.1813112046,2.629999999999999,89.62933753943219,8.491502249457836
STP,Sao Tome and Principe,2009,Sub-Saharan Africa,Lower middle income,22.719,25.38,4919.19529822865,2.660999999999998,89.51536643026006,8.500900238838804
STP,Sao Tome and Principe,2014,Sub-Saharan Africa,Lower middle income,22.731,25.335,5223.09572886388,2.603999999999999,89.72172883362937,8.560845556597627
STP,Sao Tome and Principe,2015,Sub-Saharan Africa,Lower middle income,22.768,25.248,5210.2037755431,2.4800000000000004,90.17743979721166,8.558374246370853
STP,Sao Tome and Principe,2012,Sub-Saharan Africa,Lower middle income,22.752,25.294,4919.55294386577,2.5420000000000016,89.95018581481774,8.500972940289941
STP,Sao Tome and Principe,2013,Sub-Saharan Africa,Lower middle income,22.728,25.344,5072.11200195866,2.6159999999999997,89.67803030303031,8.531512578278347
STP,Sao Tome and Principe,1990,Sub-Saharan Africa,Lower middle income,21.72,27.699,3883.20429842266,5.979000000000003,78.4143831907289,8.264415941899685
STP,Sao Tome and Principe,1991,Sub-Saharan Africa,Lower middle income,21.705,27.753,3844.8963771482,6.048000000000002,78.2077613231002,8.25450193155011
STP,Sao Tome and Principe,1992,Sub-Saharan Africa,Lower middle income,21.691,27.802,3798.88352929514,6.111000000000001,78.01956693763039,8.2424624944642
STP,Sao Tome and Principe,1993,Sub-Saharan Africa,Lower middle income,21.7,27.793,3771.28612416062,6.093,78.07721368689958,8.235171369256859
STP,Sao Tome and Principe,1994,Sub-Saharan Africa,Lower middle income,21.734,27.724,3788.48370442152,5.989999999999998,78.39417111527919,8.239721140034876
STP,Sao Tome and Principe,1995,Sub-Saharan Africa,Lower middle income,21.795,27.592,3802.29132302174,5.796999999999997,78.99028703972166,8.2433591437378
STP,Sao Tome and Principe,2022,Sub-Saharan Africa,Lower middle income,23.014,24.015,5632.13890715047,1.0010000000000012,95.83177180928585,8.63624456144539
STP,Sao Tome and Principe,1997,Sub-Saharan Africa,Lower middle income,21.997,27.135,3784.7902343178,5.138000000000002,81.06504514464713,8.238745744076292
STP,Sao Tome and Principe,1998,Sub-Saharan Africa,Lower middle income,22.144,26.794,3828.99823839083,4.650000000000002,82.6453683660521,8.25035849140689
STP,Sao Tome and Principe,1999,Sub-Saharan Africa,Lower middle income,22.317,26.389,3878.13108525246,4.071999999999999,84.56932812914472,8.263108637514051
STP,Sao Tome and Principe,2000,Sub-Saharan Africa,Lower middle income,22.502,25.951,3852.89042721453,3.4490000000000016,86.70956803206042,8.25657890591774
STP,Sao Tome and Principe,2001,Sub-Saharan Africa,Lower middle income,22.612,25.689,3907.0192818698,3.0770000000000017,88.02211063100938,8.270530030254001
STP,Sao Tome and Principe,2002,Sub-Saharan Africa,Lower middle income,22.652,25.59,3942.76040695115,2.937999999999999,88.51895271590465,8.279636367880041
STP,Sao Tome and Principe,2003,Sub-Saharan Africa,Lower middle income,22.691,25.486,4161.63833167542,2.7950000000000017,89.03319469512672,8.333664105454405
STP,Sao Tome and Principe,2004,Sub-Saharan Africa,Lower middle income,22.721,25.406,4202.56186898775,2.6849999999999987,89.43163032354562,8.34344958712271
STP,Sao Tome and Principe,2005,Sub-Saharan Africa,Lower middle income,22.742,25.349,4371.49721644128,2.6069999999999993,89.71557063395007,8.382860841869348
STP,Sao Tome and Principe,2019,Sub-Saharan Africa,Lower middle income,23.25,24.143,5702.08347071236,0.8930000000000007,96.30120531831172,8.648586908213657
STP,Sao Tome and Principe,2020,Sub-Saharan Africa,Lower middle income,22.649,23.605,5742.94724858826,0.9559999999999995,95.95001059097649,8.655727815481393
STP,Sao Tome and Principe,2021,Sub-Saharan Africa,Lower middle income,22.936,23.688,5732.69456061536,0.7519999999999989,96.82539682539682,8.653940954080293
STP,Sao Tome and Principe,2017,Sub-Saharan Africa,Lower middle income,22.955,24.817,5521.20249597413,1.8620000000000019,92.4970786154652,8.616350959020272
STP,Sao Tome and Principe,2023,Sub-Saharan Africa,Lower middle income,22.874,24.031,5541.3016760535,1.157,95.18538554367275,8.619984711719095
STP,Sao Tome and Principe,2024,Sub-Saharan Africa,Lower middle income,22.771,24.028,5511.87785469752,1.256999999999998,94.7686032961545,8.614660652559992
STP,Sao Tome and Principe,2016,Sub-Saharan Africa,Lower middle income,22.844,25.072,5388.5091334891,2.227999999999998,91.11359285258457,8.592024027032036
STP,Sao Tome and Principe,2018,Sub-Saharan Africa,Lower middle income,23.092,24.505,5674.72379094011,1.4130000000000003,94.23382983064681,8.64377716996514
SAU,Saudi Arabia,2016,"Middle East, North Africa, Afghanistan & Pakistan",High income,22.866,79.816,57308.4484127497,56.95,28.648391299989978,10.956203333592647
SAU,Saudi Arabia,2021,"Middle East, North Africa, Afghanistan & Pakistan",High income,34.218,79.968,62690.4966645929,45.75,42.789615846338535,11.04596514678557
SAU,Saudi Arabia,2018,"Middle East, North Africa, Afghanistan & Pakistan",High income,21.824,79.542,61359.4653740388,57.718,27.437077267355615,11.024504723063787
SAU,Saudi Arabia,2019,"Middle East, North Africa, Afghanistan & Pakistan",High income,24.365,81.389,62647.7299487842,57.024,29.936477902419245,11.045282725809558
SAU,Saudi Arabia,2020,"Middle East, North Africa, Afghanistan & Pakistan",High income,29.308,80.834,57420.7335736424,51.526,36.25702056065517,10.95816072917064
SAU,Saudi Arabia,2011,"Middle East, North Africa, Afghanistan & Pakistan",High income,18.954,71.966,58645.4459416531,53.01199999999999,26.337437123085905,10.979265203013199
SAU,Saudi Arabia,2012,"Middle East, North Africa, Afghanistan & Pakistan",High income,19.758,74.31,59471.7001909394,54.55200000000001,26.58861526039564,10.993255851344266
SAU,Saudi Arabia,2013,"Middle East, North Africa, Afghanistan & Pakistan",High income,19.817,76.648,57998.4644619155,56.830999999999996,25.854555891869325,10.968171814383533
SAU,Saudi Arabia,2014,"Middle East, North Africa, Afghanistan & Pakistan",High income,20.278,78.024,58872.2671400126,57.746,25.98943914692915,10.983125412237337
SAU,Saudi Arabia,2015,"Middle East, North Africa, Afghanistan & Pakistan",High income,21.635,79.084,58498.5399040699,57.449,27.35698750695463,10.97675707400368
SAU,Saudi Arabia,2017,"Middle East, North Africa, Afghanistan & Pakistan",High income,19.857,79.213,57942.5484983044,59.355999999999995,25.067855023796596,10.96720725548382
SAU,Saudi Arabia,1990,"Middle East, North Africa, Afghanistan & Pakistan",High income,15.024,79.829,65196.573386053,64.80499999999999,18.820228237858423,11.085162191105024
SAU,Saudi Arabia,1991,"Middle East, North Africa, Afghanistan & Pakistan",High income,14.905,79.7,67268.5518488763,64.795,18.70138017565872,11.11644812334444
SAU,Saudi Arabia,1992,"Middle East, North Africa, Afghanistan & Pakistan",High income,14.975,79.751,67183.9100290945,64.77600000000001,18.77719401637597,11.115189063751467
SAU,Saudi Arabia,1993,"Middle East, North Africa, Afghanistan & Pakistan",High income,15.253,78.842,64517.6652891052,63.589,19.346287511732328,11.074694345736702
SAU,Saudi Arabia,1994,"Middle East, North Africa, Afghanistan & Pakistan",High income,15.526,77.889,62403.6937320122,62.363,19.933495102004134,11.04137974702887
SAU,Saudi Arabia,1995,"Middle East, North Africa, Afghanistan & Pakistan",High income,15.796,76.914,60058.3174503511,61.118,20.537223392360296,11.00307132666524
SAU,Saudi Arabia,1996,"Middle East, North Africa, Afghanistan & Pakistan",High income,16.064,75.883,59612.8125993665,59.818999999999996,21.169431888565292,10.995625806448743
SAU,Saudi Arabia,1997,"Middle East, North Africa, Afghanistan & Pakistan",High income,16.333,74.844,58875.5473738828,58.510999999999996,21.822724600502376,10.983181128496438
SAU,Saudi Arabia,1998,"Middle East, North Africa, Afghanistan & Pakistan",High income,16.602,73.795,58306.622809723,57.193,22.497459177451045,10.973470964681292
SAU,Saudi Arabia,1999,"Middle East, North Africa, Afghanistan & Pakistan",High income,16.874,72.785,55878.1736494426,55.911,23.183348217352474,10.930929129398033
SAU,Saudi Arabia,2000,"Middle East, North Africa, Afghanistan & Pakistan",High income,16.389,74.031,55962.2661342789,57.64200000000001,22.138023260525994,10.932432923568479
SAU,Saudi Arabia,2001,"Middle East, North Africa, Afghanistan & Pakistan",High income,15.941,72.258,53309.111388544,56.31699999999999,22.06122505466523,10.8838625409205
SAU,Saudi Arabia,2002,"Middle East, North Africa, Afghanistan & Pakistan",High income,15.793,70.723,50371.9783079834,54.93,22.33078347920761,10.827190313489247
SAU,Saudi Arabia,2003,"Middle East, North Africa, Afghanistan & Pakistan",High income,16.169,69.43,52234.649280791,53.26100000000001,23.288203946420854,10.86350133299217
SAU,Saudi Arabia,2004,"Middle East, North Africa, Afghanistan & Pakistan",High income,16.576,68.393,54196.5514152953,51.817,24.23639846183089,10.900372558379381
SAU,Saudi Arabia,2005,"Middle East, North Africa, Afghanistan & Pakistan",High income,17.022,67.633,54931.7942450845,50.611,25.168187127585647,10.913847590013734
SAU,Saudi Arabia,2006,"Middle East, North Africa, Afghanistan & Pakistan",High income,17.519,67.162,54373.737695386,49.64300000000001,26.084690747744254,10.903636553324018
SAU,Saudi Arabia,2007,"Middle East, North Africa, Afghanistan & Pakistan",High income,17.042,67.374,53318.4191601834,50.331999999999994,25.29462403894678,10.88403712569453
SAU,Saudi Arabia,2008,"Middle East, North Africa, Afghanistan & Pakistan",High income,16.739,67.819,54407.7081673247,51.08,24.68187381117386,10.904261117058644
SAU,Saudi Arabia,2009,"Middle East, North Africa, Afghanistan & Pakistan",High income,16.418,68.255,51760.7643987566,51.836999999999996,24.053915464068567,10.854387697202453
SAU,Saudi Arabia,2010,"Middle East, North Africa, Afghanistan & Pakistan",High income,17.628,70.048,54911.547517012,52.42,25.165600730927363,10.91347894266603
SAU,Saudi Arabia,2024,"Middle East, North Africa, Afghanistan & Pakistan",High income,33.305,83.521,63194.4332528832,50.216,39.87619880030172,11.05397149481383
SAU,Saudi Arabia,2022,"Middle East, North Africa, Afghanistan & Pakistan",High income,34.098,80.562,67178.5902274906,46.464,42.325165710881066,11.115109877942979
SAU,Saudi Arabia,2023,"Middle East, North Africa, Afghanistan & Pakistan",High income,34.278,83.024,64481.8441927288,48.746,41.286856812487954,11.074138977775368
SEN,Senegal,2018,Sub-Saharan Africa,Lower middle income,36.353,60.532,3998.28635303867,24.178999999999995,60.055838234322344,8.293621136567168
SEN,Senegal,2017,Sub-Saharan Africa,Lower middle income,35.424,56.793,3871.45146786374,21.369,62.37388410543553,8.261384772003336
SEN,Senegal,1995,Sub-Saharan Africa,Lower middle income,32.545,69.57,2835.03272875198,37.02499999999999,46.78022135978152,7.9498087606285415
SEN,Senegal,2019,Sub-Saharan Africa,Lower middle income,37.308,64.246,4070.6122705955,26.937999999999995,58.07054135666034,8.311548702158175
SEN,Senegal,2020,Sub-Saharan Africa,Lower middle income,37.075,64.421,4018.04129279044,27.346000000000004,57.55110911038326,8.2985498222734
SEN,Senegal,2021,Sub-Saharan Africa,Lower middle income,37.707,65.65,4173.67741399617,27.943000000000005,57.436405178979435,8.336552800030548
SEN,Senegal,1999,Sub-Saharan Africa,Lower middle income,32.941,68.803,3050.17800999452,35.861999999999995,47.877272793337504,8.022955231830979
SEN,Senegal,2022,Sub-Saharan Africa,Lower middle income,37.706,66.108,4228.73382643662,28.402,57.03696980698252,8.349657895419941
SEN,Senegal,2023,Sub-Saharan Africa,Lower middle income,37.767,65.882,4304.76148721773,28.115000000000002,57.32521781366686,8.36747701166096
SEN,Senegal,2024,Sub-Saharan Africa,Lower middle income,37.99,65.598,4477.81736836258,27.607999999999997,57.9133510167993,8.406891012129275
SEN,Senegal,1990,Sub-Saharan Africa,Lower middle income,32.055,70.847,2923.34412470397,38.791999999999994,45.24538794867814,7.980483488152185
SEN,Senegal,1991,Sub-Saharan Africa,Lower middle income,32.138,70.621,2917.01427785749,38.483,45.507710171195534,7.978315864561773
SEN,Senegal,1992,Sub-Saharan Africa,Lower middle income,32.232,70.362,2874.00297967023,38.129999999999995,45.80881725931611,7.963461103406084
SEN,Senegal,1993,Sub-Saharan Africa,Lower middle income,32.334,70.088,2834.02797282021,37.75399999999999,46.133432256591725,7.949454290639531
SEN,Senegal,1994,Sub-Saharan Africa,Lower middle income,32.439,69.819,2757.86087514528,37.38,46.461564903536285,7.922210612971139
SEN,Senegal,2008,Sub-Saharan Africa,Lower middle income,33.482,65.295,3359.70567091144,31.813000000000002,51.27804579217398,8.119608651177302
SEN,Senegal,1996,Sub-Saharan Africa,Lower middle income,32.65,69.347,2822.46837324556,36.696999999999996,47.08206555438591,7.945367090733601
SEN,Senegal,1997,Sub-Saharan Africa,Lower middle income,32.752,69.151,2840.60808860536,36.398999999999994,47.363017165333844,7.9517734239418685
SEN,Senegal,1998,Sub-Saharan Africa,Lower middle income,32.851,68.972,2938.69162552253,36.120999999999995,47.629472829554025,7.985719735947093
SEN,Senegal,2012,Sub-Saharan Africa,Lower middle income,33.801,60.785,3405.10864461668,26.983999999999995,55.60746894793124,8.133032125450994
SEN,Senegal,2000,Sub-Saharan Africa,Lower middle income,33.026,68.644,3093.28791603382,35.618,48.1119981353068,8.036989854687697
SEN,Senegal,2001,Sub-Saharan Africa,Lower middle income,33.107,68.489,3149.33113704283,35.382000000000005,48.339149352450754,8.05494537182617
SEN,Senegal,2002,Sub-Saharan Africa,Lower middle income,33.193,68.225,3075.23157503874,35.032,48.65225357273727,8.031135486360728
SEN,Senegal,2003,Sub-Saharan Africa,Lower middle income,33.262,67.953,3170.03494689265,34.691,48.94853796006063,8.0614978910669155
SEN,Senegal,2004,Sub-Saharan Africa,Lower middle income,33.303,67.794,3240.30201670643,34.491,49.123816266926276,8.083421819474973
SEN,Senegal,2005,Sub-Saharan Africa,Lower middle income,33.34,67.65,3301.82076161633,34.31,49.28307464892831,8.102229341243085
SEN,Senegal,2006,Sub-Saharan Africa,Lower middle income,33.369,67.525,3301.03152415011,34.156000000000006,49.41725286930766,8.10199028168645
SEN,Senegal,2007,Sub-Saharan Africa,Lower middle income,33.422,66.412,3316.42037835596,32.99000000000001,50.325242426067575,8.10664128094516
SEN,Senegal,2016,Sub-Saharan Africa,Lower middle income,38.726,61.796,3710.05531591559,23.07,62.667486568709954,8.218802065440622
SEN,Senegal,2009,Sub-Saharan Africa,Lower middle income,33.551,64.174,3371.46166689451,30.623000000000005,52.281297721818795,8.123101658361968
SEN,Senegal,2010,Sub-Saharan Africa,Lower middle income,33.627,63.049,3403.56707166762,29.421999999999997,53.33470792558169,8.132579299368613
SEN,Senegal,2011,Sub-Saharan Africa,Lower middle income,33.711,61.919,3362.87940538165,28.208,54.443708716226034,8.120552851859028
SEN,Senegal,2013,Sub-Saharan Africa,Lower middle income,33.886,59.624,3385.425906874,25.738,56.832818999060784,8.127234999255403
SEN,Senegal,2014,Sub-Saharan Africa,Lower middle income,33.969,58.444,3484.01219750661,24.475,58.1223051125864,8.155939838972754
SEN,Senegal,2015,Sub-Saharan Africa,Lower middle income,34.06,57.266,3593.79477121279,23.205999999999996,59.47682743687355,8.186963962544661
SRB,Serbia,1998,Europe & Central Asia,Upper middle income,46.339,65.769,11598.330749239,19.430000000000007,70.45720628259514,9.358616465812052
SRB,Serbia,2022,Europe & Central Asia,Upper middle income,50.142,64.837,24651.8478183529,14.695,77.3354720298595,10.112607138866297
SRB,Serbia,2023,Europe & Central Asia,Upper middle income,51.414,65.628,25735.1334774195,14.213999999999999,78.34156152861583,10.155612398683838
SRB,Serbia,2024,Europe & Central Asia,Upper middle income,52.619,66.56,26900.7415340646,13.941000000000003,79.05498798076923,10.19990913153209
SRB,Serbia,1997,Europe & Central Asia,Upper middle income,46.705,66.375,10965.4824117527,19.67,70.3653483992467,9.302507655484092
SRB,Serbia,2011,Europe & Central Asia,Upper middle income,41.669,58.791,17986.5840283539,17.122,70.87649470156997,9.797381427222378
SRB,Serbia,1999,Europe & Central Asia,Upper middle income,47.065,66.53,10438.4610153954,19.465000000000003,70.74252217044942,9.253252438251918
SRB,Serbia,2000,Europe & Central Asia,Upper middle income,46.698,65.963,11105.9488237331,19.264999999999993,70.79423313069448,9.315236173807243
SRB,Serbia,2001,Europe & Central Asia,Upper middle income,46.332,65.414,11879.1763909711,19.082,70.828874552848,9.382542263154049
SRB,Serbia,2002,Europe & Central Asia,Upper middle income,45.982,64.924,12661.9396115325,18.942000000000007,70.82434846897911,9.446355891825007
SRB,Serbia,2003,Europe & Central Asia,Upper middle income,45.673,64.548,13273.6900656327,18.875,70.75819545144698,9.493539164452768
SRB,Serbia,1995,Europe & Central Asia,Upper middle income,48.06,68.17,9444.75162494749,20.11,70.50022003813994,9.153214482601749
SRB,Serbia,1996,Europe & Central Asia,Upper middle income,47.416,67.348,10035.0139750021,19.932000000000002,70.40446635386351,9.213835653855488
SRB,Serbia,2010,Europe & Central Asia,Upper middle income,41.802,58.456,17841.4312599018,16.654000000000003,71.51019570275078,9.789278630488912
SRB,Serbia,2015,Europe & Central Asia,Upper middle income,43.295,60.105,18247.8091057968,16.809999999999995,72.03227684884786,9.811800302806745
SRB,Serbia,2012,Europe & Central Asia,Upper middle income,42.013,59.261,17993.8147169993,17.248000000000005,70.89485496363544,9.7977833509917
SRB,Serbia,2013,Europe & Central Asia,Upper middle income,43.063,60.211,18163.2047330246,17.147999999999996,71.52015412466162,9.80715310866877
SRB,Serbia,2014,Europe & Central Asia,Upper middle income,43.683,60.473,17922.4357685757,16.79,72.23554313495278,9.793808601877709
SRB,Serbia,2006,Europe & Central Asia,Upper middle income,44.645,63.32,15727.4033683685,18.674999999999997,70.50694883133292,9.663159907306314
SRB,Serbia,2016,Europe & Central Asia,Upper middle income,45.271,61.602,18889.3816415548,16.330999999999996,73.48949709425018,9.846355225261764
SRB,Serbia,2004,Europe & Central Asia,Upper middle income,45.273,64.057,14194.3651317933,18.784,70.67611658366766,9.560600343130087
SRB,Serbia,2005,Europe & Central Asia,Upper middle income,44.923,63.631,15077.5586462578,18.708,70.59923622133866,9.62096273497155
SRB,Serbia,2018,Europe & Central Asia,Upper middle income,46.379,62.456,20454.225884367,16.077000000000005,74.258678109389,9.925944784835194
SRB,Serbia,2007,Europe & Central Asia,Upper middle income,45.258,62.803,17028.0866985832,17.544999999999995,72.06343646004173,9.74261941846569
SRB,Serbia,2008,Europe & Central Asia,Upper middle income,44.747,61.852,17983.2811855695,17.104999999999997,72.34527581969864,9.797197782230992
SRB,Serbia,2009,Europe & Central Asia,Upper middle income,43.136,59.755,17488.1227241581,16.619,72.1881014141076,9.769277228012815
SRB,Serbia,2019,Europe & Central Asia,Upper middle income,46.746,62.253,21541.1264037184,15.506999999999998,75.09035709122452,9.97771924292336
SRB,Serbia,2020,Europe & Central Asia,Upper middle income,46.159,61.446,21479.0788553347,15.286999999999999,75.12124467011685,9.974834663873407
SRB,Serbia,2017,Europe & Central Asia,Upper middle income,46.067,61.944,19438.9917129776,15.877000000000002,74.36878470876921,9.875036210052931
SRB,Serbia,2021,Europe & Central Asia,Upper middle income,49.002,64.207,23406.3065657117,15.204999999999991,76.31878144127589,10.060760776389332
SLE,Sierra Leone,1997,Sub-Saharan Africa,Low income,64.822,64.223,1936.55653047839,-0.5990000000000038,100.93268766641235,7.568666690616714
SLE,Sierra Leone,1992,Sub-Saharan Africa,Low income,65.014,63.749,2257.44939799545,-1.2649999999999935,101.98434485246825,7.721990869976995
SLE,Sierra Leone,1993,Sub-Saharan Africa,Low income,64.976,63.843,2293.56353968674,-1.1329999999999956,101.77466597747599,7.737862017898834
SLE,Sierra Leone,1991,Sub-Saharan Africa,Low income,65.052,63.655,2734.96862464111,-1.3970000000000056,102.1946429974079,7.913875242995439
SLE,Sierra Leone,1998,Sub-Saharan Africa,Low income,64.785,64.316,1951.82091057926,-0.4689999999999941,100.7292120156726,7.576518016134581
SLE,Sierra Leone,1999,Sub-Saharan Africa,Low income,64.735,64.439,1903.32696049411,-0.2960000000000065,100.45934915191113,7.5513586657245595
SLE,Sierra Leone,1994,Sub-Saharan Africa,Low income,64.937,63.94,2240.29005030091,-0.9969999999999999,101.55927431967469,7.714360623207878
SLE,Sierra Leone,1995,Sub-Saharan Africa,Low income,64.897,64.039,2058.07683254999,-0.8580000000000041,101.33980855416232,7.629527249297691
SLE,Sierra Leone,2002,Sub-Saharan Africa,Low income,64.665,64.612,2089.26152672652,-0.05300000000001148,100.08202810623415,7.644565946026321
SLE,Sierra Leone,2003,Sub-Saharan Africa,Low income,64.664,64.614,2196.28134480717,-0.04999999999999716,100.07738261057975,7.694520911366302
SLE,Sierra Leone,2000,Sub-Saharan Africa,Low income,64.695,64.538,1981.5060863596,-0.15699999999999648,100.24326753230655,7.591612484217799
SLE,Sierra Leone,2001,Sub-Saharan Africa,Low income,64.676,64.585,1749.35086270429,-0.09100000000000819,100.14089958968802,7.467000062506385
SLE,Sierra Leone,1990,Sub-Saharan Africa,Low income,65.086,63.572,2703.59918629871,-1.5139999999999958,102.38155162650222,7.902339196256598
SLE,Sierra Leone,2006,Sub-Saharan Africa,Low income,64.072,64.636,2342.75461064658,0.563999999999993,99.12742125131506,7.759082700050905
SLE,Sierra Leone,2007,Sub-Saharan Africa,Low income,63.133,63.785,2377.80530040404,0.6519999999999939,98.97781610096419,7.773933198543013
SLE,Sierra Leone,2008,Sub-Saharan Africa,Low income,62.183,62.925,2404.65198710572,0.7419999999999973,98.82081843464442,7.785160468163095
SLE,Sierra Leone,2009,Sub-Saharan Africa,Low income,61.223,62.057,2376.58254446039,0.8340000000000032,98.656074254314575,7.773418829076109
SLE,Sierra Leone,2010,Sub-Saharan Africa,Low income,60.255,61.181,2459.76814343236,0.9259999999999948,98.48645821415147,7.807822373847286
SLE,Sierra Leone,1996,Sub-Saharan Africa,Low income,64.858,64.135,2084.18222586052,-0.722999999999999,101.12730958135184,7.642131839482677
SLE,Sierra Leone,2012,Sub-Saharan Africa,Low income,58.294,59.408,2792.92626459232,1.1140000000000043,98.12483167250201,7.934845165522331
SLE,Sierra Leone,2013,Sub-Saharan Africa,Low income,57.303,58.512,3124.72832355066,1.2090000000000032,97.93375717801476,8.04710262192752
SLE,Sierra Leone,2014,Sub-Saharan Africa,Low income,56.307,57.609,2812.5283210882,1.3019999999999996,97.73993646826017,7.9418391161822255
SLE,Sierra Leone,2015,Sub-Saharan Africa,Low income,55.091,57.326,2628.17058065746,2.2349999999999994,96.10124550814639,7.874043286423982
SLE,Sierra Leone,2016,Sub-Saharan Africa,Low income,53.87,57.041,2732.26093913215,3.1709999999999994,94.44084079872373,7.912884728257122
SLE,Sierra Leone,2004,Sub-Saharan Africa,Low income,65.919,66.309,2260.83818892177,0.39000000000000057,99.41184454598924,7.723490903561205
SLE,Sierra Leone,2005,Sub-Saharan Africa,Low income,65.002,65.477,2296.65767816581,0.4750000000000085,99.27455442369076,7.739210161616033
SLE,Sierra Leone,2019,Sub-Saharan Africa,Low income,51.584,56.082,2852.66269829967,4.4979999999999976,91.97960129809921,7.956008117199834
SLE,Sierra Leone,2020,Sub-Saharan Africa,Low income,51.093,55.548,2752.62615355663,4.454999999999998,91.9799092676604,7.92031069990138
SLE,Sierra Leone,2021,Sub-Saharan Africa,Low income,51.472,55.793,2849.38865839009,4.320999999999998,92.25530084419192,7.954859744424992
SLE,Sierra Leone,2022,Sub-Saharan Africa,Low income,51.605,55.762,2934.7332634039,4.157000000000004,92.54510239948351,7.984371846838852
SLE,Sierra Leone,2023,Sub-Saharan Africa,Low income,51.774,55.525,3034.94608192505,3.7509999999999977,93.24448446645656,8.017948937907471
SLE,Sierra Leone,2011,Sub-Saharan Africa,Low income,59.278,60.298,2590.52839404167,1.0200000000000031,98.30840160536005,7.859617147029234
SLE,Sierra Leone,2024,Sub-Saharan Africa,Low income,51.815,55.384,3098.76290446676,3.5690000000000026,93.555900621118,8.03875824775114
SLE,Sierra Leone,2017,Sub-Saharan Africa,Low income,52.644,56.754,2753.42719762222,4.109999999999999,92.75821968495612,7.9206016684119085
SLE,Sierra Leone,2018,Sub-Saharan Africa,Low income,51.415,56.465,2767.38003296688,5.050000000000004,91.05640662357212,7.925656315121765
SGP,Singapore,2005,East Asia & Pacific,High income,53.705,76.5,82547.482835778,22.795,70.20261437908496,11.321128956282251
SGP,Singapore,1990,East Asia & Pacific,High income,44.094,77.683,45961.0598271094,33.589000000000006,56.761453599886714,10.735549791468564
SGP,Singapore,2003,East Asia & Pacific,High income,52.266,76.902,72497.86860121,24.636000000000003,67.96442225169696,11.191312441806618
SGP,Singapore,2004,East Asia & Pacific,High income,52.641,76.352,78712.5347297388,23.711000000000006,68.94514878457669,11.273557694019564
SGP,Singapore,1998,East Asia & Pacific,High income,50.842,78.544,61306.7734542676,27.701999999999998,64.73059686290486,11.023645612626956
SGP,Singapore,2006,East Asia & Pacific,High income,55.06,76.76,87210.0480467646,21.700000000000003,71.73006774361646,11.376074833152707
SGP,Singapore,2000,East Asia & Pacific,High income,52.122,77.96,68904.1280154511,25.837999999999994,66.85736275012827,11.140471368348555
SGP,Singapore,2001,East Asia & Pacific,High income,52.55,77.817,66352.1492865891,25.266999999999996,67.53023118341751,11.102731432402082
SGP,Singapore,2002,East Asia & Pacific,High income,51.499,77.328,68328.932172058,25.829,66.598127457066,11.132088560140025
SGP,Singapore,1999,East Asia & Pacific,High income,51.655,78.076,64296.6384874384,26.420999999999992,66.1598954864491,11.071262630281197
SGP,Singapore,2014,East Asia & Pacific,High income,59.811,76.467,107990.891202625,16.656,78.218054847189,11.589802161833044
SGP,Singapore,1991,East Asia & Pacific,High income,45.176,77.988,47659.4966886953,32.812,57.92686054264758,10.771837190141564
SGP,Singapore,1992,East Asia & Pacific,High income,46.1,78.067,49319.8192699525,31.96699999999999,59.051840086079906,10.80608129283427
SGP,Singapore,1993,East Asia & Pacific,High income,46.907,77.84,53598.4639619519,30.933000000000007,60.26079136690646,10.889275689221991
SGP,Singapore,1994,East Asia & Pacific,High income,47.777,77.872,57706.871164823,30.095,61.35324635298952,10.963131529718574
SGP,Singapore,1995,East Asia & Pacific,High income,48.975,77.992,59997.0074442828,29.017000000000003,62.794902041235,11.002049964031773
SGP,Singapore,1996,East Asia & Pacific,High income,49.861,77.946,61911.5030358083,28.085,63.96864495933081,11.033461273973517
SGP,Singapore,1997,East Asia & Pacific,High income,50.61,77.99,64846.0629277791,27.379999999999995,64.8929349916656,11.079771477458754
SGP,Singapore,2009,East Asia & Pacific,High income,55.628,76.567,85575.755106675,20.938999999999993,72.65270939177452,11.357157287276195
SGP,Singapore,2010,East Asia & Pacific,High income,57.128,76.767,96280.0168756448,19.638999999999996,74.41739289017417,11.475016067173735
SGP,Singapore,2011,East Asia & Pacific,High income,57.787,76.193,100153.729405945,18.406,75.84292520310265,11.514461578602786
SGP,Singapore,2012,East Asia & Pacific,High income,58.543,76.541,102061.11936105,17.997999999999998,76.48580499340223,11.533327122234185
SGP,Singapore,2013,East Asia & Pacific,High income,58.607,76.077,105259.693561054,17.47,77.03642362343416,11.564185847646208
SGP,Singapore,2018,East Asia & Pacific,High income,60.889,75.796,120668.888726158,14.907000000000004,80.33273523668795,11.70080561682791
SGP,Singapore,2015,East Asia & Pacific,High income,61.305,77,109894.041337341,15.695,79.61688311688312,11.607271919971321
SGP,Singapore,2016,East Asia & Pacific,High income,61.313,76.518,112719.947951111,15.204999999999998,80.12885856922554,11.632661684818649
SGP,Singapore,2017,East Asia & Pacific,High income,60.807,76.523,117492.967994526,15.715999999999994,79.4623838584478,11.674133763920358
SGP,Singapore,2022,East Asia & Pacific,High income,62.921,76.093,134828.001392614,13.172000000000004,82.68960351149252,11.811755181352892
SGP,Singapore,2019,East Asia & Pacific,High income,61.822,75.658,120678.341978557,13.835999999999999,81.712442834862145,11.70088395418754
SGP,Singapore,2007,East Asia & Pacific,High income,53.634,76.695,91198.1515708456,23.060999999999993,69.9315470369646,11.420789907993491
SGP,Singapore,2008,East Asia & Pacific,High income,56.089,76.309,88083.2853664583,20.22,73.50247021976438,11.386038070501785
SGP,Singapore,2021,East Asia & Pacific,High income,64.409,76.542,133990.186782104,12.132999999999996,84.1485720258159,11.80552184328201
SGP,Singapore,2023,East Asia & Pacific,High income,63.299,75.077,130296.843789261,11.777999999999999,84.31210623759607,11.77757054017383
SGP,Singapore,2024,East Asia & Pacific,High income,63.136,74.861,134548.764138482,11.725000000000001,84.33763909111553,11.809681970965949
SGP,Singapore,2020,East Asia & Pacific,High income,61.72,75.207,116684.213596572,13.486999999999995,82.06682888560906,11.667226535744533
SVK,Slovak Republic,2019,Europe & Central Asia,High income,52.171,67.436,37194.2104548698,15.265000000000008,77.36372264072602,10.52390839521557
SVK,Slovak Republic,2014,Europe & Central Asia,High income,52.008,68.123,31888.805351531,16.115000000000002,76.34425964798966,10.370010297763708
SVK,Slovak Republic,2018,Europe & Central Asia,High income,52.241,67.72,36415.7920529507,15.479,77.14264619019492,10.502757807148706
SVK,Slovak Republic,2009,Europe & Central Asia,High income,50.051,68.015,27880.4111227638,17.964,73.58817907814453,10.235679610919387
SVK,Slovak Republic,2010,Europe & Central Asia,High income,50.554,67.741,29745.9196662166,17.186999999999998,74.6283639155017,10.300447247490542
SVK,Slovak Republic,2011,Europe & Central Asia,High income,50.155,68.091,30468.8257049455,17.935999999999993,73.65878016184226,10.324459331852305
SVK,Slovak Republic,2012,Europe & Central Asia,High income,50.648,68.343,30894.3118010926,17.695,74.10854074301683,10.338327361833242
SVK,Slovak Republic,2013,Europe & Central Asia,High income,50.988,68.106,31078.1848215695,17.117999999999995,74.86565060347107,10.344261399351632
SVK,Slovak Republic,2015,Europe & Central Asia,High income,51.931,67.862,33507.7913603774,15.930999999999997,76.52441719961097,10.419533268692819
SVK,Slovak Republic,2016,Europe & Central Asia,High income,52.511,68.026,34116.4502039273,15.514999999999993,77.19254402728369,10.437534957621343
SVK,Slovak Republic,2017,Europe & Central Asia,High income,52.626,67.658,35042.7858925618,15.032000000000004,77.78237606787076,10.46432504795615
SVK,Slovak Republic,1990,Europe & Central Asia,High income,59.13,72.399,17521.025057579,13.268999999999998,81.67239879003854,9.771156870631547
SVK,Slovak Republic,1991,Europe & Central Asia,High income,59.683,73.027,14955.954207806,13.344000000000001,81.72730633875142,9.61286477429812
SVK,Slovak Republic,1992,Europe & Central Asia,High income,57.464,71.439,13946.1630793919,13.974999999999994,80.43785607301335,9.542959701344587
SVK,Slovak Republic,1993,Europe & Central Asia,High income,55.109,69.795,14157.1814374204,14.686,78.95837810731427,9.557977296404793
SVK,Slovak Republic,1994,Europe & Central Asia,High income,51.36,69.128,14976.5773554129,17.768,74.29695637079041,9.614242750018393
SVK,Slovak Republic,1995,Europe & Central Asia,High income,51.497,68.856,15805.4133298742,17.358999999999995,74.78941559196004,9.668107776150485
SVK,Slovak Republic,1996,Europe & Central Asia,High income,52.286,68.693,16737.1722199043,16.406999999999996,76.11547028081465,9.725387406232121
SVK,Slovak Republic,1997,Europe & Central Asia,High income,51.819,68.196,17622.7797477898,16.376999999999995,75.98539503783213,9.776947647988754
SVK,Slovak Republic,1998,Europe & Central Asia,High income,51.39,67.425,18272.5224455534,16.034999999999997,76.21802002224695,9.81315370473269
SVK,Slovak Republic,1999,Europe & Central Asia,High income,51.851,67.304,18167.4957173327,15.453000000000003,77.03999762272673,9.807389326758422
SVK,Slovak Republic,2000,Europe & Central Asia,High income,52.588,67.338,18335.6834506937,14.749999999999993,78.09557753423032,9.816604355550746
SVK,Slovak Republic,2001,Europe & Central Asia,High income,52.965,68.046,18906.6014279038,15.081000000000003,77.83705140640154,9.847266421962683
SVK,Slovak Republic,2002,Europe & Central Asia,High income,52.531,67.94,19748.9318737056,15.408999999999999,77.31969384751251,9.890854686522745
SVK,Slovak Republic,2003,Europe & Central Asia,High income,52.907,68.313,20721.7128107535,15.406000000000006,77.44792352846456,9.938937357568545
SVK,Slovak Republic,2004,Europe & Central Asia,High income,52.467,68.299,21842.9563752621,15.832000000000008,76.81957276094818,9.991633785865483
SVK,Slovak Republic,2005,Europe & Central Asia,High income,51.177,68.416,23257.1758521642,17.238999999999997,74.80267773620206,10.054369002199106
SVK,Slovak Republic,2006,Europe & Central Asia,High income,50.548,68.252,25331.8740217421,17.703999999999994,74.06083338217195,10.139818724536244
SVK,Slovak Republic,2007,Europe & Central Asia,High income,50.327,67.776,28064.2457264668,17.448999999999998,74.2548984891407,10.242251651065262
SVK,Slovak Republic,2008,Europe & Central Asia,High income,50.757,68.246,29544.090596762,17.488999999999997,74.37358966093251,10.293639023030607
SVK,Slovak Republic,2023,Europe & Central Asia,High income,55.698,67.015,39501.9474231962,11.317,83.11273595463702,10.584105251526985
SVK,Slovak Republic,2024,Europe & Central Asia,High income,55.464,66.492,40302.4514288424,11.028000000000006,83.41454611081032,10.604167575584547
SVK,Slovak Republic,2020,Europe & Central Asia,High income,51.796,66.49,36201.4863805533,14.693999999999996,77.90043615581291,10.496855457207193
SVK,Slovak Republic,2021,Europe & Central Asia,High income,54.62,66.156,38330.302743447,11.536000000000008,82.56242820001208,10.55399605668536
SVK,Slovak Republic,2022,Europe & Central Asia,High income,55.692,66.99,38648.9855746919,11.297999999999995,83.13479623824452,10.56227580722072
SVN,Slovenia,1993,Europe & Central Asia,High income,51.554,65.161,22524.9591876226,13.607,79.11787725786897,10.022379270604647
SVN,Slovenia,2017,Europe & Central Asia,High income,53.539,63.693,41700.651085028,10.153999999999996,84.05790275226478,10.638272021214835
SVN,Slovenia,2018,Europe & Central Asia,High income,53.719,64.271,43369.221946981,10.552,83.58201988455136,10.677505296778728
SVN,Slovenia,2019,Europe & Central Asia,High income,53.382,63.424,44577.9418583069,10.042000000000002,84.16687689202826,10.70499443849652
SVN,Slovenia,2023,Europe & Central Asia,High income,52.986,63.123,47986.4195855821,10.137,83.94087733472743,10.778673324558742
SVN,Slovenia,2020,Europe & Central Asia,High income,53.105,62.524,42471.5228031277,9.419000000000004,84.9353848122321,10.656589078636433
SVN,Slovenia,2021,Europe & Central Asia,High income,53.467,63.293,45922.6632600134,9.826,84.47537642393314,10.734714027134231
SVN,Slovenia,2022,Europe & Central Asia,High income,53.875,64.227,47058.8865960028,10.352000000000004,83.8821679356034,10.75915500275801
SVN,Slovenia,2015,Europe & Central Asia,High income,52.275,63.068,38534.6437425951,10.793,82.88672543920848,10.559312953134846
SVN,Slovenia,2016,Europe & Central Asia,High income,52.113,61.708,39674.8931561968,9.594999999999999,84.4509625980424,10.588473852415477
SVN,Slovenia,1990,Europe & Central Asia,High income,51.987,65.694,25349.79771871,13.707,79.13508082929948,10.140526029449425
SVN,Slovenia,1991,Europe & Central Asia,High income,51.747,65.582,23078.9929501783,13.834999999999994,78.90427251379953,10.046678086662215
SVN,Slovenia,1992,Europe & Central Asia,High income,51.621,65.432,21850.057102159,13.811,78.8925907812691,9.991958813891443
SVN,Slovenia,2006,Europe & Central Asia,High income,53.218,66.06,37546.4956078863,12.841999999999999,80.56009688162277,10.533335326815466
SVN,Slovenia,1994,Europe & Central Asia,High income,51.508,64.883,23752.4377245413,13.374999999999993,79.38597167208668,10.075440445228875
SVN,Slovenia,1995,Europe & Central Asia,High income,51.372,64.659,24722.6569167591,13.287000000000006,79.45065652113395,10.115475386247438
SVN,Slovenia,1996,Europe & Central Asia,High income,51.225,64.497,25458.8966701239,13.271999999999998,79.42229871156799,10.144820535356345
SVN,Slovenia,1997,Europe & Central Asia,High income,52.538,64.924,26811.4873226649,12.38600000000001,80.9223091614811,10.196585706105452
SVN,Slovenia,1998,Europe & Central Asia,High income,53.141,66.23,27693.2827424197,13.089000000000006,80.23705269515324,10.228945162493828
SVN,Slovenia,1999,Europe & Central Asia,High income,51.972,64.958,29131.350613532,12.985999999999997,80.00862095507867,10.279570213915799
SVN,Slovenia,2000,Europe & Central Asia,High income,51.294,64.239,30061.2061910089,12.945000000000007,79.84869004810162,10.31099078861667
SVN,Slovenia,2001,Europe & Central Asia,High income,51.133,64.877,30862.8959874504,13.743999999999993,78.81529663825394,10.337309964270204
SVN,Slovenia,2002,Europe & Central Asia,High income,51.932,65.234,31836.5215656188,13.301999999999992,79.60879296072602,10.36836938667943
SVN,Slovenia,2003,Europe & Central Asia,High income,50.437,63.381,32833.9045969454,12.944000000000003,79.57747589971757,10.399216937232449
SVN,Slovenia,2004,Europe & Central Asia,High income,52.836,65.733,34304.5565023331,12.897000000000006,80.37971794988817,10.443033466964849
SVN,Slovenia,2005,Europe & Central Asia,High income,52.815,66.259,35565.0427189638,13.444000000000003,79.70992619870508,10.479118488318695
SVN,Slovenia,2010,Europe & Central Asia,High income,53.142,65.783,38063.314683572,12.640999999999998,80.78378912484989,10.547006228060882
SVN,Slovenia,2007,Europe & Central Asia,High income,53.514,66.752,40002.7018991991,13.237999999999992,80.16838446788113,10.596702278294822
SVN,Slovenia,2008,Europe & Central Asia,High income,53.631,66.166,41286.3462491223,12.534999999999997,81.05522473778073,10.628287124994271
SVN,Slovenia,2009,Europe & Central Asia,High income,53.514,65.981,37809.1735513927,12.466999999999992,81.1051666388809,10.540307038708843
SVN,Slovenia,2014,Europe & Central Asia,High income,52.531,63.34,37662.2559898098,10.809000000000005,82.93495421534574,10.536413704554239
SVN,Slovenia,2011,Europe & Central Asia,High income,52.351,64.161,38233.2905622851,11.810000000000002,81.59317965742429,10.551461895763943
SVN,Slovenia,2012,Europe & Central Asia,High income,52.321,63.527,37040.7082746106,11.206000000000003,82.36025626898798,10.51977281046203
SVN,Slovenia,2013,Europe & Central Asia,High income,51.929,63.512,36685.7496645094,11.582999999999998,81.7625015745056,10.510143666117422
SVN,Slovenia,2024,Europe & Central Asia,High income,52.644,63.251,48658.0265180267,10.607,83.23030465921487,10.79257205895993
SLB,Solomon Islands,1990,East Asia & Pacific,Lower middle income,81.999,84.817,2352.7006203652,2.817999999999998,96.67755284907507,7.763319147468576
SLB,Solomon Islands,2001,East Asia & Pacific,Lower middle income,82.954,85.883,2055.53771375159,2.929000000000002,96.58954624314474,7.6282927538960035
SLB,Solomon Islands,1992,East Asia & Pacific,Lower middle income,81.444,84.36,2644.83937124875,2.915999999999997,96.54338549075392,7.880365613241785
SLB,Solomon Islands,1993,East Asia & Pacific,Lower middle income,81.407,84.342,2670.0180332596,2.9350000000000023,96.52012046192881,7.8898405054013
SLB,Solomon Islands,1994,East Asia & Pacific,Lower middle income,81.206,84.204,2802.59157122531,2.9979999999999905,96.43959906892785,7.938299829247583
SLB,Solomon Islands,1991,East Asia & Pacific,Lower middle income,81.856,84.687,2418.67567698408,2.831000000000003,96.65710203455076,7.790975428444103
SLB,Solomon Islands,1998,East Asia & Pacific,Lower middle income,81.393,84.509,2805.62563248922,3.1159999999999997,96.31281875303223,7.939381834972293
SLB,Solomon Islands,1999,East Asia & Pacific,Lower middle income,81.599,84.709,2717.8753397965,3.1099999999999994,96.32860734986838,7.907605728978073
SLB,Solomon Islands,2000,East Asia & Pacific,Lower middle income,82.44,85.42,2277.11363831224,2.980000000000004,96.51135565441348,7.73066397185059
SLB,Solomon Islands,2014,East Asia & Pacific,Lower middle income,82.526,86.146,2716.77005403122,3.6200000000000045,95.79783158823393,7.907198973541269
SLB,Solomon Islands,2002,East Asia & Pacific,Lower middle income,83.222,86.165,1960.67504793326,2.943000000000012,96.58446004758311,7.581044105139139
SLB,Solomon Islands,2003,East Asia & Pacific,Lower middle income,83.085,86.152,2050.57140389822,3.0670000000000073,96.44001300027857,7.625873766902346
SLB,Solomon Islands,2004,East Asia & Pacific,Lower middle income,82.907,86.109,2168.78371648018,3.201999999999998,96.28145722282224,7.681921790078153
SLB,Solomon Islands,2005,East Asia & Pacific,Lower middle income,82.752,86.078,2287.56668822715,3.3260000000000076,96.13606264086062,7.735243950048071
SLB,Solomon Islands,2006,East Asia & Pacific,Lower middle income,82.736,86.144,2340.95143662493,3.4080000000000013,96.04383358098069,7.758312722561909
SLB,Solomon Islands,2007,East Asia & Pacific,Lower middle income,82.747,86.215,2384.62333040945,3.4680000000000035,95.97749811517717,7.776796458107384
SLB,Solomon Islands,1995,East Asia & Pacific,Lower middle income,80.939,84.018,2996.65555261122,3.0790000000000077,96.33530910043085,8.005252129984633
SLB,Solomon Islands,1996,East Asia & Pacific,Lower middle income,81.041,84.14,2958.19818046832,3.0990000000000038,96.31685286427383,7.992335639156396
SLB,Solomon Islands,1997,East Asia & Pacific,Lower middle income,81.262,84.364,2848.68465606706,3.102000000000004,96.32307619363709,7.954612642540632
SLB,Solomon Islands,2011,East Asia & Pacific,Lower middle income,82.425,86.001,2777.83439007893,3.5760000000000076,95.84190881501377,7.9294269067348555
SLB,Solomon Islands,2012,East Asia & Pacific,Lower middle income,82.491,86.062,2743.8100151451,3.570999999999998,95.85066579907509,7.917102749985665
SLB,Solomon Islands,2013,East Asia & Pacific,Lower middle income,82.443,86.044,2783.94856666363,3.600999999999999,95.81493189530937,7.931625546665703
SLB,Solomon Islands,2018,East Asia & Pacific,Lower middle income,82.361,86.181,2686.46317027984,3.819999999999993,95.56746846752765,7.895980800891893
SLB,Solomon Islands,2015,East Asia & Pacific,Lower middle income,82.568,86.223,2665.06620679799,3.655000000000001,95.76099184672303,7.88798417936753
SLB,Solomon Islands,2016,East Asia & Pacific,Lower middle income,82.447,86.168,2715.58152252659,3.7210000000000036,95.68169157924055,7.906761398208803
SLB,Solomon Islands,2017,East Asia & Pacific,Lower middle income,82.401,86.174,2704.00988015555,3.7730000000000103,95.62164922134285,7.902491091059859
SLB,Solomon Islands,2009,East Asia & Pacific,Lower middle income,82.721,86.251,2515.21324036507,3.530000000000001,95.90729382847735,7.830112866361088
SLB,Solomon Islands,2019,East Asia & Pacific,Lower middle income,82.367,86.193,2661.95770893588,3.8259999999999934,95.56112445326187,7.886817111877648
SLB,Solomon Islands,2020,East Asia & Pacific,Lower middle income,81.602,85.37,2515.46369413305,3.7680000000000007,95.58627152395455,7.83021243696419
SLB,Solomon Islands,2008,East Asia & Pacific,Lower middle income,82.666,86.193,2490.10207495758,3.527000000000001,95.90802037288411,7.8200789825773915
SLB,Solomon Islands,2021,East Asia & Pacific,Lower middle income,82.26,85.498,2450.18399709553,3.2379999999999995,96.21277690706216,7.803918401574163
SLB,Solomon Islands,2010,East Asia & Pacific,Lower middle income,82.53,86.093,2682.62900140516,3.5630000000000024,95.86145215058136,7.894552563341171
SLB,Solomon Islands,2024,East Asia & Pacific,Lower middle income,82.328,86.158,2353.54960111186,3.8299999999999983,95.5546786137097,7.76367993608623
SLB,Solomon Islands,2022,East Asia & Pacific,Lower middle income,82.309,86.195,2330.40164523401,3.8859999999999957,95.49161784326238,7.7537959116327935
SLB,Solomon Islands,2023,East Asia & Pacific,Lower middle income,82.327,86.168,2339.87469992347,3.841000000000008,95.54242874384921,7.757852659876801
SOM,"Somalia, Fed. Rep.",1991,Sub-Saharan Africa,Low income,21.231,47.235,837.267022794963,26.003999999999998,44.947602413464594,6.730143043262148
SOM,"Somalia, Fed. Rep.",1995,Sub-Saharan Africa,Low income,21.317,47.041,636.662071308104,25.723999999999997,45.3157883548394,6.456239014505843
SOM,"Somalia, Fed. Rep.",1996,Sub-Saharan Africa,Low income,21.262,47.16,663.3511315489,25.897999999999996,45.08481764206955,6.497304460171224
SOM,"Somalia, Fed. Rep.",1992,Sub-Saharan Africa,Low income,21.4,46.87,803.787078571081,25.47,45.65820354171112,6.689334406458023
SOM,"Somalia, Fed. Rep.",1993,Sub-Saharan Africa,Low income,21.445,46.756,812.557291159654,25.311,45.86577123791599,6.700186423914522
SOM,"Somalia, Fed. Rep.",1994,Sub-Saharan Africa,Low income,21.378,46.906,634.727734129305,25.528,45.57625890078029,6.453196141795931
SOM,"Somalia, Fed. Rep.",2000,Sub-Saharan Africa,Low income,21.081,47.529,702.850071117661,26.448000000000004,44.35397336363062,6.555143598962462
SOM,"Somalia, Fed. Rep.",1997,Sub-Saharan Africa,Low income,21.213,47.263,648.017163550687,26.049999999999997,44.88288936377293,6.473917182962438
SOM,"Somalia, Fed. Rep.",1998,Sub-Saharan Africa,Low income,21.166,47.358,662.674857185983,26.191999999999997,44.69361037205963,6.496284458410632
SOM,"Somalia, Fed. Rep.",1999,Sub-Saharan Africa,Low income,21.122,47.448,682.979123343615,26.326,44.51610183780138,6.526464292988871
SOM,"Somalia, Fed. Rep.",2004,Sub-Saharan Africa,Low income,20.89,47.92,803.059780580226,27.03,43.593489148580964,6.688429157726472
SOM,"Somalia, Fed. Rep.",2005,Sub-Saharan Africa,Low income,20.79,48.166,830.807245939502,27.375999999999998,43.163227172694434,6.722397813605116
SOM,"Somalia, Fed. Rep.",2006,Sub-Saharan Africa,Low income,20.661,48.497,857.993655902122,27.836,42.60263521454936,6.754596705407155
SOM,"Somalia, Fed. Rep.",2007,Sub-Saharan Africa,Low income,20.567,48.743,887.369352235607,28.176000000000002,42.1947766858831,6.788261301764687
SOM,"Somalia, Fed. Rep.",2008,Sub-Saharan Africa,Low income,20.55,48.772,919.132083453107,28.221999999999998,42.134831460674164,6.823429837222016
SOM,"Somalia, Fed. Rep.",2009,Sub-Saharan Africa,Low income,20.574,48.683,956.220325392593,28.108999999999998,42.261158926113836,6.862988352390051
SOM,"Somalia, Fed. Rep.",2010,Sub-Saharan Africa,Low income,20.612,48.563,995.225555512017,27.951000000000004,42.443835842102004,6.902969400425334
SOM,"Somalia, Fed. Rep.",2011,Sub-Saharan Africa,Low income,20.733,48.233,1054.36214979093,27.499999999999996,42.98509319345676,6.960691265712916
SOM,"Somalia, Fed. Rep.",2012,Sub-Saharan Africa,Low income,20.857,47.897,1114.8041489283,27.04,43.54552477190638,7.016434017280361
SOM,"Somalia, Fed. Rep.",2013,Sub-Saharan Africa,Low income,20.893,47.786,1197.72166459722,26.893,43.72201063072866,7.088176418290509
SOM,"Somalia, Fed. Rep.",2001,Sub-Saharan Africa,Low income,21.041,47.605,723.37973295059,26.563999999999997,44.19913874593006,6.5839343027453685
SOM,"Somalia, Fed. Rep.",2002,Sub-Saharan Africa,Low income,21,47.684,749.913550912524,26.683999999999997,44.039929536112744,6.619957934436815
SOM,"Somalia, Fed. Rep.",2003,Sub-Saharan Africa,Low income,20.954,47.777,777.884552733128,26.823,43.85792326851832,6.656578123364358
SOM,"Somalia, Fed. Rep.",2017,Sub-Saharan Africa,Low income,21.007,47.454,1527.66029071648,26.447,44.26813335019177,7.331492622179553
SOM,"Somalia, Fed. Rep.",2018,Sub-Saharan Africa,Low income,21.056,47.322,1504.97908203481,26.266000000000002,44.495160813152445,7.316534278106192
SOM,"Somalia, Fed. Rep.",2019,Sub-Saharan Africa,Low income,21.094,47.213,1491.29493918405,26.119,44.678372482155346,7.307400108203031
SOM,"Somalia, Fed. Rep.",2020,Sub-Saharan Africa,Low income,20.892,46.761,1396.05544674978,25.869000000000003,44.67825752229422,7.241406000835702
SOM,"Somalia, Fed. Rep.",2021,Sub-Saharan Africa,Low income,20.933,46.767,1392.31782053371,25.834000000000003,44.760194153997475,7.238725134182399
SOM,"Somalia, Fed. Rep.",2022,Sub-Saharan Africa,Low income,20.666,47.417,1387.54753732191,26.751,43.58352489613429,7.235293106166599
SOM,"Somalia, Fed. Rep.",2023,Sub-Saharan Africa,Low income,20.707,47.353,1401.64735228455,26.646,43.72901400122484,7.245403504061039
SOM,"Somalia, Fed. Rep.",2024,Sub-Saharan Africa,Low income,20.722,47.322,1409.33492233283,26.6,43.78935801529944,7.25087318580447
SOM,"Somalia, Fed. Rep.",2016,Sub-Saharan Africa,Low income,20.967,47.563,1384.15517410124,26.596000000000004,44.08258520278367,7.2328452499079825
SOM,"Somalia, Fed. Rep.",2014,Sub-Saharan Africa,Low income,20.918,47.709,1259.27432882605,26.791000000000004,43.84497683875159,7.138290904531288
SOM,"Somalia, Fed. Rep.",2015,Sub-Saharan Africa,Low income,20.942,47.635,1343.92517439594,26.692999999999998,43.96347223680067,7.203349845720706
ZAF,South Africa,2004,Sub-Saharan Africa,Upper middle income,47.539,66.442,12341.2102655828,18.90299999999999,71.54962222690467,9.420699369277637
ZAF,South Africa,2003,Sub-Saharan Africa,Upper middle income,47.33,67.2,11923.1211013633,19.870000000000005,70.43154761904762,9.386234743708615
ZAF,South Africa,1996,Sub-Saharan Africa,Upper middle income,45.634,72.155,10623.8603593151,26.521,63.24440440717899,9.270857727740065
ZAF,South Africa,1997,Sub-Saharan Africa,Upper middle income,45.934,72.229,10770.2779624828,26.295,63.594954934998405,9.284545578775866
ZAF,South Africa,1998,Sub-Saharan Africa,Upper middle income,46.124,71.514,10693.6882326622,25.389999999999993,64.49646223117152,9.277408961601585
ZAF,South Africa,1999,Sub-Saharan Africa,Upper middle income,46.343,70.72,10831.6589617949,24.376999999999995,65.53026018099548,9.290228510331719
ZAF,South Africa,2000,Sub-Saharan Africa,Upper middle income,46.583,69.882,11183.825503143,23.299000000000007,66.65951174837582,9.322223861986261
ZAF,South Africa,2012,Sub-Saharan Africa,Upper middle income,45.333,60.539,14563.7624041032,15.206000000000003,74.88230727299758,9.58629169524459
ZAF,South Africa,2001,Sub-Saharan Africa,Upper middle income,46.836,68.997,11387.492366782,22.161,67.88121222661854,9.340270871252468
ZAF,South Africa,2002,Sub-Saharan Africa,Upper middle income,47.089,68.079,11697.5657261687,20.989999999999995,69.16817227045051,9.367136041546445
ZAF,South Africa,1990,Sub-Saharan Africa,Upper middle income,44.72,70.978,10811.151532829599,26.257999999999996,63.00543830482685,9.288333429735989
ZAF,South Africa,1991,Sub-Saharan Africa,Upper middle income,44.788,70.8,10459.3559818564,26.012,63.259887005649716,9.255252166111228
ZAF,South Africa,1992,Sub-Saharan Africa,Upper middle income,44.877,71.003,10053.6101212292,26.125999999999998,63.20437164626848,9.215687065027293
ZAF,South Africa,1993,Sub-Saharan Africa,Upper middle income,44.843,70.52,9976.96506458374,25.676999999999992,63.589052750992636,9.208034221312081
ZAF,South Africa,1994,Sub-Saharan Africa,Upper middle income,44.963,70.621,10130.8058233004,25.657999999999994,63.668030755724224,9.223336142282335
ZAF,South Africa,1995,Sub-Saharan Africa,Upper middle income,45.305,71.576,10318.8385984353,26.270999999999994,63.29635632055438,9.241726493791267
ZAF,South Africa,2008,Sub-Saharan Africa,Upper middle income,48.062,64.566,14297.6887802632,16.504000000000005,74.43855899389771,9.567853179427653
ZAF,South Africa,2009,Sub-Saharan Africa,Upper middle income,46.384,62.531,13910.7017093394,16.147,74.1776079064784,9.54041373003903
ZAF,South Africa,2010,Sub-Saharan Africa,Upper middle income,44.76,60.732,14164.9958363115,15.972000000000001,73.70084963445959,9.55852911832257
ZAF,South Africa,2011,Sub-Saharan Africa,Upper middle income,45.149,60.064,14434.2611456048,14.915,75.16815396909962,9.577359905861847
ZAF,South Africa,2016,Sub-Saharan Africa,Upper middle income,47.74,62.386,14501.2807823402,14.646,76.5235790081108,9.581992254324383
ZAF,South Africa,2013,Sub-Saharan Africa,Upper middle income,46.273,60.665,14681.096638957,14.391999999999996,76.27627132613533,9.594316002304607
ZAF,South Africa,2014,Sub-Saharan Africa,Upper middle income,46.492,60.88,14643.3384782936,14.388000000000005,76.36662286465177,9.591740799653367
ZAF,South Africa,2015,Sub-Saharan Africa,Upper middle income,47.716,62.146,14541.6748613669,14.43,76.78048466514338,9.584773934368854
ZAF,South Africa,2007,Sub-Saharan Africa,Upper middle income,47.968,64.904,14016.2444716386,16.935999999999993,73.90607666707754,9.54797225534987
ZAF,South Africa,2017,Sub-Saharan Africa,Upper middle income,48.632,62.794,14573.5980840004,14.161999999999999,77.44688983023856,9.586966820246033
ZAF,South Africa,2005,Sub-Saharan Africa,Upper middle income,47.708,65.833,12861.5633089114,18.125,72.46821502893685,9.461998554082303
ZAF,South Africa,2006,Sub-Saharan Africa,Upper middle income,47.846,65.335,13444.2332126058,17.488999999999997,73.231805311089,9.50630553566016
ZAF,South Africa,2024,Sub-Saharan Africa,Upper middle income,49.801,61.788,13597.6538495998,11.986999999999995,80.59979284003367,9.51765254578356
ZAF,South Africa,2021,Sub-Saharan Africa,Upper middle income,45.413,59.204,13681.9548144813,13.791000000000004,76.70596581312073,9.523833076763326
ZAF,South Africa,2022,Sub-Saharan Africa,Upper middle income,47.118,60.404,13767.4967589936,13.286000000000001,78.00476789616582,9.530065785726665
ZAF,South Africa,2023,Sub-Saharan Africa,Upper middle income,49.052,61.459,13695.3755694076,12.407000000000004,79.8125579654729,9.524813505155223
ZAF,South Africa,2019,Sub-Saharan Africa,Upper middle income,48.579,62.592,14352.6698709871,14.012999999999998,77.61215490797547,9.571691257609244
ZAF,South Africa,2020,Sub-Saharan Africa,Upper middle income,44.148,57.529,13250.5666594456,13.381,76.74042656747032,9.491795597250508
ZAF,South Africa,2018,Sub-Saharan Africa,Upper middle income,48.518,62.468,14553.5615668957,13.950000000000003,77.66856630594864,9.585591023875546
ESP,Spain,2024,Europe & Central Asia,High income,53.195,62.732,48460.2914069661,9.536999999999999,84.79723267232035,10.788500007702954
ESP,Spain,2023,Europe & Central Asia,High income,52.773,62.652,47322.5937004504,9.878999999999998,84.23194790270063,10.764743128518573
ESP,Spain,2022,Europe & Central Asia,High income,52.281,63.137,46733.4809780536,10.856000000000002,82.80564486751032,10.752216124211673
ESP,Spain,1993,Europe & Central Asia,High income,35.025,65.62,32137.3138437727,30.595000000000006,53.37549527583053,10.377773059064882
ESP,Spain,2020,Europe & Central Asia,High income,50.922,62.168,41553.4477945675,11.246000000000002,81.91030755372537,10.634735776252967
ESP,Spain,2021,Europe & Central Asia,High income,52.177,62.632,44251.6658222621,10.454999999999998,83.30725507727679,10.697648295428332
ESP,Spain,1996,Europe & Central Asia,High income,37.279,64.308,34232.3786868602,27.029000000000003,57.969459476270444,10.440927220399926
ESP,Spain,1997,Europe & Central Asia,High income,38.067,64.493,35312.0862854389,26.425999999999995,59.02501046625216,10.471980572009587
ESP,Spain,1994,Europe & Central Asia,High income,36.312,65.135,32746.9287826598,28.823000000000008,55.74882935441774,10.396564459037293
ESP,Spain,1995,Europe & Central Asia,High income,36.77,64.243,33501.7314182929,27.472999999999992,57.23580779228866,10.419352400605726
ESP,Spain,2017,Europe & Central Asia,High income,52.281,64.109,45446.2508575695,11.827999999999996,81.5501723626948,10.72428560682078
ESP,Spain,2018,Europe & Central Asia,High income,51.873,63.697,46325.2099441141,11.824000000000005,81.43711634770867,10.743441583126327
ESP,Spain,2019,Europe & Central Asia,High income,52.039,63.507,46896.4171141424,11.467999999999996,81.94214810965721,10.755696557361443
ESP,Spain,1990,Europe & Central Asia,High income,33.351,67.417,31773.2267420042,34.066,49.46971832030497,10.366379287797152
ESP,Spain,1991,Europe & Central Asia,High income,33.435,67.064,32499.3481371902,33.62899999999999,49.85536204222833,10.388975310799454
ESP,Spain,1992,Europe & Central Asia,High income,34.455,66.084,32641.082719936,31.629000000000005,52.1381877610314,10.393326980094546
ESP,Spain,2006,Europe & Central Asia,High income,47.598,68.44,44572.6815459931,20.842,69.54704850964349,10.704876428950001
ESP,Spain,2007,Europe & Central Asia,High income,48.547,68.448,45301.2843416374,19.900999999999996,70.92537400654511,10.721090662981743
ESP,Spain,2008,Europe & Central Asia,High income,49.934,68.52,44926.348951812,18.586,72.87507297139521,10.712779737952484
ESP,Spain,2009,Europe & Central Asia,High income,51.013,67.753,42852.220888454,16.740000000000002,75.29260696943308,10.665512752051653
ESP,Spain,2010,Europe & Central Asia,High income,51.711,67.269,42695.5274189933,15.558000000000007,76.87196182491192,10.661849449444778
ESP,Spain,1998,Europe & Central Asia,High income,38.425,64.775,36679.0942334698,26.35000000000001,59.320725588575826,10.509962232321499
ESP,Spain,1999,Europe & Central Asia,High income,39.117,65.121,38141.316878689,26.003999999999998,60.068180771179804,10.549053406054128
ESP,Spain,2000,Europe & Central Asia,High income,40.657,65.784,39945.8971298178,25.12700000000001,61.803782074668604,10.595281245790684
ESP,Spain,2001,Europe & Central Asia,High income,39.439,65.424,41224.2924057393,25.985000000000007,60.282159452188786,10.626782983077687
ESP,Spain,2002,Europe & Central Asia,High income,41.891,66.029,41766.0378188791,24.137999999999998,63.44333550409669,10.63983879589071
ESP,Spain,2003,Europe & Central Asia,High income,43.378,66.797,42223.130174522,23.418999999999997,64.94004221746485,10.650723458268555
ESP,Spain,2004,Europe & Central Asia,High income,44.756,67.175,42793.3902326006,22.418999999999997,66.62597692593971,10.664138935826015
ESP,Spain,2005,Europe & Central Asia,High income,46.176,68.001,43570.7652574033,21.825000000000003,67.90488375170953,10.682141682817775
ESP,Spain,2014,Europe & Central Asia,High income,52.629,65.121,41339.4111169417,12.491999999999997,80.81724789238494,10.629571588261095
ESP,Spain,2011,Europe & Central Asia,High income,52.29,66.72,42271.8346788238,14.43,78.37230215827337,10.651876296423596
ESP,Spain,2012,Europe & Central Asia,High income,52.895,66.176,41034.0481566356,13.280999999999999,79.93079061895551,10.622157443904339
ESP,Spain,2013,Europe & Central Asia,High income,52.831,65.708,40594.914008768,12.876999999999995,80.40269069215317,10.611398067022792
ESP,Spain,2015,Europe & Central Asia,High income,52.62,64.916,43053.761430314,12.296,81.05859880460903,10.67020487956549
ESP,Spain,2016,Europe & Central Asia,High income,52.485,64.455,44274.6676149922,11.969999999999999,81.4289038864324,10.698167955338658
LKA,Sri Lanka,1999,South Asia,Upper middle income,37.649,77.467,6176.23548454667,39.818,48.60004905314521,8.728464219952247
LKA,Sri Lanka,1991,South Asia,Upper middle income,41.002,77.063,4735.81940022694,36.061,53.2058186159376,8.462910042438716
LKA,Sri Lanka,1992,South Asia,Upper middle income,36.913,76.366,4866.23941152126,39.453,48.336956237068854,8.490076723021195
LKA,Sri Lanka,2000,South Asia,Upper middle income,36.331,75.35,6428.61341889128,39.01899999999999,48.21632382216325,8.768514151503343
LKA,Sri Lanka,1990,South Asia,Upper middle income,45.149,77.627,4561.57913260491,32.477999999999994,58.16146443891945,8.425424143569925
LKA,Sri Lanka,2024,South Asia,Upper middle income,30.998,67.937,13793.0669827677,36.93899999999999,45.62756671622238,9.531921352350809
LKA,Sri Lanka,1998,South Asia,Upper middle income,41.33,76.698,6032.62212629246,35.367999999999995,53.88667240345251,8.704937042017425
LKA,Sri Lanka,2012,South Asia,Upper middle income,32.649,74.294,11447.6937737782,41.644999999999996,43.945675290063804,9.345543571557954
LKA,Sri Lanka,2013,South Asia,Upper middle income,33.869,71.9,12249.7223347846,38.031000000000006,47.10570236439499,9.413258549167788
LKA,Sri Lanka,2001,South Asia,Upper middle income,36.077,75.208,6230.03051863559,39.131,47.96963089033082,8.737136510426899
LKA,Sri Lanka,2002,South Asia,Upper middle income,35.831,75.079,6409.86278892115,39.24799999999999,47.72439696852649,8.765593143901077
LKA,Sri Lanka,2003,South Asia,Upper middle income,35.59,74.959,6741.01248848024,39.369,47.47928867781054,8.815965413467097
LKA,Sri Lanka,2004,South Asia,Upper middle income,35.35,74.84,7059.91098067102,39.49,47.234099412079104,8.862187721437683
LKA,Sri Lanka,2005,South Asia,Upper middle income,35.111,74.722,7452.7423412297,39.611,46.98883862851637,8.916337343135528
LKA,Sri Lanka,1993,South Asia,Upper middle income,37.676,75.879,5114.43630395889,38.203,49.65273659378748,8.539822467808149
LKA,Sri Lanka,1994,South Asia,Upper middle income,37.9,76.367,5322.72963126043,38.467000000000006,49.628766351958305,8.579741539333538
LKA,Sri Lanka,1995,South Asia,Upper middle income,35.6,74.412,5523.31225392817,38.812000000000005,47.8417459549535,8.616733005317004
LKA,Sri Lanka,1996,South Asia,Upper middle income,35.489,75.63,5624.02393649431,40.141,46.92450085944731,8.634802689614856
LKA,Sri Lanka,1997,South Asia,Upper middle income,35.263,75.598,5871.72297556048,40.335,46.645413899838616,8.677903391994906
LKA,Sri Lanka,2011,South Asia,Upper middle income,33.946,73.44,10618.4925999722,39.494,46.22276688453159,9.270352344982568
LKA,Sri Lanka,2016,South Asia,Upper middle income,35.252,73.933,13845.6146782218,38.681000000000004,47.6810084806514,9.535723831746429
LKA,Sri Lanka,2017,South Asia,Upper middle income,36.094,73.584,14572.4858214616,37.49,49.0514242226571,9.586890496953824
LKA,Sri Lanka,2014,South Asia,Upper middle income,33.211,71.684,12909.9663068113,38.473,46.329724903744214,9.46575487398533
LKA,Sri Lanka,2015,South Asia,Upper middle income,35.33,73.716,13329.779343882,38.385999999999996,47.9271799880623,9.49775585968856
LKA,Sri Lanka,2007,South Asia,Upper middle income,34.644,74.5,8454.20675331505,39.856,46.50201342281879,9.042419437098687
LKA,Sri Lanka,2008,South Asia,Upper middle income,34.415,74.398,8897.82686005016,39.983,46.257963923761395,9.093562352877072
LKA,Sri Lanka,2018,South Asia,Upper middle income,33.105,72.114,14759.8248945226,39.00900000000001,45.90648140444296,9.599664234569362
LKA,Sri Lanka,2006,South Asia,Upper middle income,34.876,74.608,7970.6649101939,39.732000000000006,46.74565730216598,8.983523194928532
LKA,Sri Lanka,2019,South Asia,Upper middle income,34.051,72.195,14637.4442912676,38.14399999999999,47.16531615762865,9.591338202007533
LKA,Sri Lanka,2020,South Asia,Upper middle income,31.663,71.145,13886.6513728689,39.482,44.5048843910324,9.538683324816596
LKA,Sri Lanka,2009,South Asia,Upper middle income,34.191,74.303,9156.31906481264,40.111999999999995,46.0156386686944,9.122199528085721
LKA,Sri Lanka,2010,South Asia,Upper middle income,33.965,74.202,9832.18622335265,40.236999999999995,45.77369882213418,9.193416591602775
LKA,Sri Lanka,2023,South Asia,Upper middle income,29.6,66.948,13065.0698305722,37.34799999999999,44.21341937025752,9.477697522798616
LKA,Sri Lanka,2021,South Asia,Upper middle income,31.329,70.141,14316.1352225567,38.812000000000005,44.665744714218505,9.5691425173957
LKA,Sri Lanka,2022,South Asia,Upper middle income,31.605,69.622,13249.0650505201,38.016999999999996,45.39513372209933,9.49168226669984
LCA,St. Lucia,1999,Latin America & Caribbean,Upper middle income,52.385,75.912,18856.576335563,23.527000000000008,69.00753504057329,9.844617009250847
LCA,St. Lucia,1995,Latin America & Caribbean,Upper middle income,50.362,77.264,17875.410141117,26.901999999999994,65.18171464071237,9.79118131225657
LCA,St. Lucia,1996,Latin America & Caribbean,Upper middle income,50.868,76.931,18125.3575537673,26.062999999999995,66.12158947628394,9.805067206632701
LCA,St. Lucia,1997,Latin America & Caribbean,Upper middle income,51.375,76.597,17747.9002859129,25.221999999999994,67.07181743410317,9.784022494154918
LCA,St. Lucia,1998,Latin America & Caribbean,Upper middle income,51.88,76.256,18606.5360149924,24.375999999999998,68.033990767939585,9.83126819663075
LCA,St. Lucia,2010,Latin America & Caribbean,Upper middle income,60.848,72.803,20648.7861045765,11.954999999999998,83.57897339395355,9.935411812379305
LCA,St. Lucia,2011,Latin America & Caribbean,Upper middle income,61.673,72.549,21430.0225948015,10.876000000000005,85.00875270506829,9.972548142820846
LCA,St. Lucia,2000,Latin America & Caribbean,Upper middle income,52.897,75.577,18638.117705755,22.68,69.9908702383,9.8329641016897
LCA,St. Lucia,2001,Latin America & Caribbean,Upper middle income,53.416,75.246,17820.7964312951,21.83,70.98849108258246,9.788121393140296
LCA,St. Lucia,2002,Latin America & Caribbean,Upper middle income,54.247,74.972,17739.5766779723,20.724999999999994,72.35634636931123,9.783553393006832
LCA,St. Lucia,1990,Latin America & Caribbean,Upper middle income,48.209,78.849,17056.7184904705,30.64,61.14091491331533,9.74429945145769
LCA,St. Lucia,1991,Latin America & Caribbean,Upper middle income,48.343,78.569,16916.7265576984,30.226,61.52935636192392,9.736058148586213
LCA,St. Lucia,1992,Latin America & Caribbean,Upper middle income,48.843,78.242,17991.7093213106,29.399,62.42555149408246,9.797666337512121
LCA,St. Lucia,1993,Latin America & Caribbean,Upper middle income,49.349,77.92,17831.0913239805,28.571000000000005,63.332905544147835,9.788698916161922
LCA,St. Lucia,1994,Latin America & Caribbean,Upper middle income,49.856,77.594,17847.4137671755,27.737999999999992,64.2523906487615,9.789613889717682
LCA,St. Lucia,2007,Latin America & Caribbean,Upper middle income,58.39,73.614,20559.8974830119,15.224000000000004,79.31915124840383,9.93109773332184
LCA,St. Lucia,2008,Latin America & Caribbean,Upper middle income,59.208,73.338,21443.2592977841,14.129999999999995,80.73304426081978,9.973165623117145
LCA,St. Lucia,2009,Latin America & Caribbean,Upper middle income,60.025,73.066,20706.505527623,13.041000000000004,82.15175320942708,9.938203206575647
LCA,St. Lucia,2023,Latin America & Caribbean,Upper middle income,62.135,75.222,23636.0265940253,13.086999999999996,82.60216426045572,10.070527377614082
LCA,St. Lucia,2024,Latin America & Caribbean,Upper middle income,61.885,74.81,24699.9694711589,12.925000000000004,82.72289800828766,10.114557286629836
LCA,St. Lucia,2012,Latin America & Caribbean,Upper middle income,64.477,73.656,21309.2251296295,9.179000000000002,87.53801455414359,9.966895362612199
LCA,St. Lucia,2013,Latin America & Caribbean,Upper middle income,63.293,75.308,20827.2886025849,12.015000000000008,84.04551973229934,9.944019357879652
LCA,St. Lucia,2014,Latin America & Caribbean,Upper middle income,63.394,75.275,21010.6981919895,11.881000000000007,84.21653935569577,9.952787024700008
LCA,St. Lucia,2015,Latin America & Caribbean,Upper middle income,63.495,75.244,20939.8810312364,11.749000000000002,84.38546595077348,9.949410802996564
LCA,St. Lucia,2003,Latin America & Caribbean,Upper middle income,55.078,74.7,18344.5919258071,19.622,73.73226238286479,9.817090092105182
LCA,St. Lucia,2004,Latin America & Caribbean,Upper middle income,55.909,74.428,19526.4461369718,18.519,75.11823507282206,9.87952503787919
LCA,St. Lucia,2005,Latin America & Caribbean,Upper middle income,56.739,74.158,19303.9921315127,17.419000000000004,76.51096307883168,9.86806719969562
LCA,St. Lucia,2006,Latin America & Caribbean,Upper middle income,57.567,73.888,20353.6533720188,16.321000000000005,77.91116284105672,9.92101570163825
LCA,St. Lucia,2020,Latin America & Caribbean,Upper middle income,49.331,58.276,17247.9578674753,8.945,84.65062804585078,9.755449030957323
LCA,St. Lucia,2021,Latin America & Caribbean,Upper middle income,60.375,70.79,19141.3272253168,10.415000000000006,85.28746998163582,9.859605005618336
LCA,St. Lucia,2022,Latin America & Caribbean,Upper middle income,62.68,75.855,22811.2524480383,13.175000000000004,82.63133610177312,10.035009221620168
LCA,St. Lucia,2018,Latin America & Caribbean,Upper middle income,63.882,76.029,22761.1613461447,12.146999999999998,84.0232016730458,10.03281091269178
LCA,St. Lucia,2019,Latin America & Caribbean,Upper middle income,64.312,73.407,22445.2080507874,9.094999999999999,87.61017341670413,10.01883242053317
LCA,St. Lucia,2016,Latin America & Caribbean,Upper middle income,63.595,75.211,21566.3058799575,11.616,84.55545066546118,9.978887462776354
LCA,St. Lucia,2017,Latin America & Caribbean,Upper middle income,63.695,75.178,22207.2131041263,11.482999999999997,84.72558461251963,10.008172429687336
VCT,St. Vincent and the Grenadines,2005,Latin America & Caribbean,Upper middle income,50.719,80.161,12320.0710011077,29.442,63.271416274747075,9.418985000147828
VCT,St. Vincent and the Grenadines,2009,Latin America & Caribbean,Upper middle income,52.778,79.613,13723.7838252622,26.835,66.29319332269856,9.526885652270357
VCT,St. Vincent and the Grenadines,2010,Latin America & Caribbean,Upper middle income,52.809,79.561,13175.7230154228,26.75200000000001,66.37548547655257,9.4861312497347825
VCT,St. Vincent and the Grenadines,1995,Latin America & Caribbean,Upper middle income,46.181,80.744,8815.84871825748,34.563,57.19434261369265,9.08430637133819
VCT,St. Vincent and the Grenadines,2006,Latin America & Caribbean,Upper middle income,51.569,79.908,13233.4068930431,28.339,64.5354657856535,9.490499736659967
VCT,St. Vincent and the Grenadines,2007,Latin America & Caribbean,Upper middle income,52.159,79.766,13732.3622591495,27.607000000000006,65.3900157962039,9.527510534884259
VCT,St. Vincent and the Grenadines,2008,Latin America & Caribbean,Upper middle income,52.531,79.691,13850.3936790063,27.160000000000004,65.91835966420298,9.536068935688506
VCT,St. Vincent and the Grenadines,2014,Latin America & Caribbean,Upper middle income,54.296,78.583,14040.2460690452,24.287,69.0938243640482,9.549683203711488
VCT,St. Vincent and the Grenadines,2011,Latin America & Caribbean,Upper middle income,53.128,79.295,13168.8964291743,26.167,67.00044138974715,9.485612996934384
VCT,St. Vincent and the Grenadines,2012,Latin America & Caribbean,Upper middle income,53.515,79.022,13397.9632982701,25.507000000000005,67.72164713624053,9.502857981720537
VCT,St. Vincent and the Grenadines,2013,Latin America & Caribbean,Upper middle income,53.95,78.787,13804.1837951887,24.837000000000003,68.47576376813433,9.532726998761875
VCT,St. Vincent and the Grenadines,1990,Latin America & Caribbean,Upper middle income,44.001,80.686,7467.37874657239,36.68500000000001,54.53362417271893,8.918299312472314
VCT,St. Vincent and the Grenadines,1991,Latin America & Caribbean,Upper middle income,44.24,80.763,7524.58477815963,36.523,54.77755903074427,8.925930909112552
VCT,St. Vincent and the Grenadines,1992,Latin America & Caribbean,Upper middle income,44.913,80.674,7984.07959662088,35.76100000000001,55.67221161712571,8.985204787458247
VCT,St. Vincent and the Grenadines,1993,Latin America & Caribbean,Upper middle income,45.416,80.672,8306.77527139188,35.256,56.29710432368108,9.024826758552932
VCT,St. Vincent and the Grenadines,1994,Latin America & Caribbean,Upper middle income,45.456,80.886,8189.84362711098,35.42999999999999,56.197611453156306,9.010650083515996
VCT,St. Vincent and the Grenadines,2022,Latin America & Caribbean,Upper middle income,57.595,77.068,16835.023514541,19.473,74.73270358644314,9.731216728359332
VCT,St. Vincent and the Grenadines,1996,Latin America & Caribbean,Upper middle income,46.427,80.835,8923.70555514296,34.407999999999994,57.43427970557309,9.096466560290802
VCT,St. Vincent and the Grenadines,1997,Latin America & Caribbean,Upper middle income,46.862,80.816,9234.69888368764,33.954,57.98604236784796,9.130723286112326
VCT,St. Vincent and the Grenadines,1998,Latin America & Caribbean,Upper middle income,47.35,80.743,9609.10378620502,33.392999999999994,58.64285448893403,9.170466239156083
VCT,St. Vincent and the Grenadines,1999,Latin America & Caribbean,Upper middle income,47.697,80.695,9853.34736551962,32.99799999999999,59.10775140962886,9.195566510498523
VCT,St. Vincent and the Grenadines,2000,Latin America & Caribbean,Upper middle income,47.946,80.662,9999.05879203685,32.71600000000001,59.44062879670724,9.210246246750227
VCT,St. Vincent and the Grenadines,2001,Latin America & Caribbean,Upper middle income,48.262,80.623,10177.8094583896,32.361000000000004,59.861329893454716,9.227965086045026
VCT,St. Vincent and the Grenadines,2002,Latin America & Caribbean,Upper middle income,48.896,80.492,10736.0878714164,31.596000000000004,60.74640958107638,9.281366043922416
VCT,St. Vincent and the Grenadines,2003,Latin America & Caribbean,Upper middle income,49.651,80.318,11475.3312414531,30.666999999999994,61.81802335715532,9.34795490086969
VCT,St. Vincent and the Grenadines,2004,Latin America & Caribbean,Upper middle income,50.231,80.223,11979.907294501,29.991999999999997,62.614212881592564,9.39098613328399
VCT,St. Vincent and the Grenadines,2019,Latin America & Caribbean,Upper middle income,56.844,77.427,16365.3255785124,20.583000000000006,73.41625014529815,9.702920081544129
VCT,St. Vincent and the Grenadines,2020,Latin America & Caribbean,Upper middle income,56.109,76.393,15763.7054382539,20.284,73.44782898956711,9.665465452416761
VCT,St. Vincent and the Grenadines,2021,Latin America & Caribbean,Upper middle income,56.463,76.565,16200.8994597845,20.101999999999997,73.74518383073206,9.692822041888094
VCT,St. Vincent and the Grenadines,2017,Latin America & Caribbean,Upper middle income,55.748,77.841,15533.2212821544,22.092999999999996,71.61778497192996,9.6507363178244
VCT,St. Vincent and the Grenadines,2023,Latin America & Caribbean,Upper middle income,58.568,76.777,17858.2446468702,18.209000000000003,76.2832619143754,9.790220565550475
VCT,St. Vincent and the Grenadines,2024,Latin America & Caribbean,Upper middle income,59.253,76.489,18714.198849353,17.236000000000004,77.46604086862163,9.837037811479577
VCT,St. Vincent and the Grenadines,2016,Latin America & Caribbean,Upper middle income,55.3,78.051,15197.7482513352,22.751000000000005,70.85111017155448,9.628902554500826
VCT,St. Vincent and the Grenadines,2018,Latin America & Caribbean,Upper middle income,56.362,77.594,16139.0661084965,21.231999999999992,72.63705956646133,9.688998078222767
VCT,St. Vincent and the Grenadines,2015,Latin America & Caribbean,Upper middle income,54.737,78.336,14508.8609465459,23.598999999999997,69.87464256535948,9.582514841525027
SDN,Sudan,1990,Sub-Saharan Africa,Low income,23.58,76.892,2460.18872070313,53.312,30.66638922124538,7.8079933417168865
SDN,Sudan,1991,Sub-Saharan Africa,Low income,24.405,76.617,2591.869140625,52.212,31.85324405810721,7.860134570327726
SDN,Sudan,2000,Sub-Saharan Africa,Low income,27.819,74.427,3575.85205078125,46.608000000000004,37.37756459349429,8.18195876261349
SDN,Sudan,2001,Sub-Saharan Africa,Low income,27.532,74.161,3701.548828125,46.629000000000005,37.12463424171734,8.216506613238804
SDN,Sudan,2002,Sub-Saharan Africa,Low income,27.245,73.894,3814.31323242188,46.649,36.870381898394996,8.246515909799632
SDN,Sudan,2003,Sub-Saharan Africa,Low income,26.959,73.658,3946.92260742188,46.699,36.60023351163485,8.280691467520743
SDN,Sudan,2004,Sub-Saharan Africa,Low income,26.68,73.429,4041.05712890625,46.749,36.33441828160536,8.304261602297585
SDN,Sudan,1992,Sub-Saharan Africa,Low income,25.256,76.339,2709.7900390625,51.083,33.08400686411926,7.904626434511597
SDN,Sudan,1993,Sub-Saharan Africa,Low income,26.136,76.033,2777.27490234375,49.897000000000006,34.37454789367774,7.9292254749690265
SDN,Sudan,1994,Sub-Saharan Africa,Low income,27.049,75.718,2736.47192382813,48.669000000000004,35.723341873794865,7.914424750647594
SDN,Sudan,1995,Sub-Saharan Africa,Low income,27.992,75.409,2824.63208007813,47.417,37.12023763741728,7.946133397958463
SDN,Sudan,1996,Sub-Saharan Africa,Low income,28.962,75.164,2924.29077148438,46.202,38.531743919961684,7.98080725897765
SDN,Sudan,1997,Sub-Saharan Africa,Low income,28.674,75.085,3380.18676757813,46.410999999999994,38.18871945128854,8.12568624363039
SDN,Sudan,1998,Sub-Saharan Africa,Low income,28.391,74.902,3441.17919921875,46.511,37.904194814557684,8.14356948209878
SDN,Sudan,1999,Sub-Saharan Africa,Low income,28.106,74.677,3459.22998046875,46.571000000000005,37.63675562756939,8.148801294286596
SDN,Sudan,2013,Sub-Saharan Africa,Low income,25.747,68.797,4130.48583984375,43.05,37.42459700277628,8.326150315802458
SDN,Sudan,2014,Sub-Saharan Africa,Low income,24.517,67.857,4207.50048828125,43.34,36.13039185345654,8.344624042115163
SDN,Sudan,2015,Sub-Saharan Africa,Low income,23.304,66.868,4159.1943359375,43.56399999999999,34.850750732786985,8.333076665253206
SDN,Sudan,2016,Sub-Saharan Africa,Low income,22.088,65.893,4174.56103515625,43.805,33.52101133656079,8.336764490477284
SDN,Sudan,2017,Sub-Saharan Africa,Low income,20.9,64.869,4061.01831054688,43.969,32.21877938614747,8.309189036552489
SDN,Sudan,2005,Sub-Saharan Africa,Low income,26.411,73.182,4152.32275390625,46.771,36.089475554098,8.331423156387713
SDN,Sudan,2006,Sub-Saharan Africa,Low income,26.141,72.93,4299.97412109375,46.78900000000001,35.84395996160701,8.366364283313253
SDN,Sudan,2007,Sub-Saharan Africa,Low income,25.869,72.64,4415.78515625,46.771,35.612610132158586,8.392940935561919
SDN,Sudan,2008,Sub-Saharan Africa,Low income,25.6,72.249,4446.40966796875,46.648999999999994,35.43301637392906,8.399852233322136
SDN,Sudan,2009,Sub-Saharan Africa,Low income,26.503,71.805,4188.0546875,45.30200000000001,36.90968595501706,8.339991630047482
SDN,Sudan,2010,Sub-Saharan Africa,Low income,27.404,70.981,4219.8369140625,43.577,38.607514687028925,8.34755176032653
SDN,Sudan,2011,Sub-Saharan Africa,Low income,28.33,70.123,4467.6259765625,41.793000000000006,40.40043922821327,8.404612445083133
SDN,Sudan,2012,Sub-Saharan Africa,Low income,27.022,69.557,4145.931640625,42.535000000000004,38.84871400434176,8.329882804829165
SDN,Sudan,2021,Sub-Saharan Africa,Low income,15.807,61.919,3248.9755859375,46.111999999999995,25.528513057381417,8.086095021309536
SDN,Sudan,2018,Sub-Saharan Africa,Low income,19.704,63.954,3816.65991210938,44.25,30.809644431935457,8.24713095055971
SDN,Sudan,2019,Sub-Saharan Africa,Low income,18.466,63.245,3625.52319335938,44.778999999999996,29.197565024903156,8.195753886076906
SDN,Sudan,2020,Sub-Saharan Africa,Low income,17.008,62.22,3401.24975585938,45.212,27.335261973641916,8.131898218317778
SDN,Sudan,2022,Sub-Saharan Africa,Low income,14.452,61.649,3132.0771484375,47.197,23.44239160408117,8.049451689130919
SUR,Suriname,1992,Latin America & Caribbean,Upper middle income,32.693,63.902,17455.1256454322,31.209000000000003,51.16115301555506,9.767388617761995
SUR,Suriname,1996,Latin America & Caribbean,Upper middle income,32.474,62.899,16184.4999295065,30.425000000000004,51.62880172975722,9.691809268725557
SUR,Suriname,1993,Latin America & Caribbean,Upper middle income,32.154,63.911,16217.1660347103,31.756999999999998,50.31058816166232,9.693825591979246
SUR,Suriname,1994,Latin America & Caribbean,Upper middle income,32.42,63.859,16648.5345258933,31.439,50.768098466934966,9.7200774750720491
SUR,Suriname,1995,Latin America & Caribbean,Upper middle income,32.391,63.739,16368.311360582,31.348,50.81818039191076,9.703102510528932
SUR,Suriname,1990,Latin America & Caribbean,Upper middle income,32.426,64.014,17137.6509700556,31.587999999999994,50.654544318430354,9.749033133171263
SUR,Suriname,1991,Latin America & Caribbean,Upper middle income,32.652,63.948,17493.4962257426,31.296,51.06023644210922,9.76958444659149
SUR,Suriname,2003,Latin America & Caribbean,Upper middle income,35.444,61.868,17383.5015505612,26.424,57.289713583758974,9.763276848639848
SUR,Suriname,2004,Latin America & Caribbean,Upper middle income,36.154,62.269,18585.5170864176,26.114999999999995,58.06099343172366,9.830137905127067
SUR,Suriname,2005,Latin America & Caribbean,Upper middle income,36.884,62.691,19220.2839696605,25.807000000000002,58.83460145794452,9.863721457111314
SUR,Suriname,2006,Latin America & Caribbean,Upper middle income,37.618,63.107,20113.6707547695,25.488999999999997,59.609868952731084,9.90915499991199
SUR,Suriname,2007,Latin America & Caribbean,Upper middle income,38.356,63.519,20902.1391589279,25.162999999999997,60.38508162911885,9.947606784817097
SUR,Suriname,2008,Latin America & Caribbean,Upper middle income,39.098,63.927,21515.8119551093,24.829,61.1603860653558,9.97654338358497
SUR,Suriname,2009,Latin America & Caribbean,Upper middle income,39.844,64.331,21906.4105447498,24.487000000000002,61.93592513718114,9.99453459190911
SUR,Suriname,1997,Latin America & Caribbean,Upper middle income,32.558,62.056,16754.3511427064,29.497999999999998,52.4655150186928,9.726413273232717
SUR,Suriname,1998,Latin America & Caribbean,Upper middle income,32.643,61.21,16789.7549005356,28.567,53.32952132004575,9.72852415202195
SUR,Suriname,1999,Latin America & Caribbean,Upper middle income,32.73,60.363,16217.5173031438,27.633000000000003,54.221957159186914,9.693847252029377
SUR,Suriname,2000,Latin America & Caribbean,Upper middle income,33.397,60.739,16220.1790603262,27.342,54.984441627290536,9.69401136708604
SUR,Suriname,2001,Latin America & Caribbean,Upper middle income,34.072,61.115,16556.9440609927,27.043,55.75063405056042,9.714560873530466
SUR,Suriname,2002,Latin America & Caribbean,Upper middle income,34.754,61.491,16678.0718706582,26.737000000000002,56.51884015546991,9.721850073946808
SUR,Suriname,2016,Latin America & Caribbean,Upper middle income,45.14,67.039,21950.4122148625,21.899,67.33393994540491,9.996541198047368
SUR,Suriname,2017,Latin America & Caribbean,Upper middle income,45.334,66.926,22070.5137570835,21.592,67.73750112064072,10.001997777506507
SUR,Suriname,2018,Latin America & Caribbean,Upper middle income,45.863,66.757,22938.5353715545,20.894000000000005,68.70140959000554,10.040573542592565
SUR,Suriname,2019,Latin America & Caribbean,Upper middle income,46.005,66.647,22966.7405999124,20.642000000000003,69.0278632196498,10.041802387482845
SUR,Suriname,2020,Latin America & Caribbean,Upper middle income,42.93,62.431,19091.3617184226,19.500999999999998,68.76391536256027,9.856991245680412
SUR,Suriname,2021,Latin America & Caribbean,Upper middle income,43.581,62.987,18458.234999681,19.406,69.19046787432328,9.823265891334085
SUR,Suriname,2022,Latin America & Caribbean,Upper middle income,43.957,62.966,18742.5873760369,19.009,69.8106914842931,9.83855361328642
SUR,Suriname,2010,Latin America & Caribbean,Upper middle income,40.594,64.731,22772.4754543689,24.136999999999993,62.711838222798974,10.033307868755562
SUR,Suriname,2011,Latin America & Caribbean,Upper middle income,41.347,65.128,23829.5332856393,23.781,63.48575113622405,10.078680984741084
SUR,Suriname,2012,Latin America & Caribbean,Upper middle income,42.103,65.52,24193.8412373922,23.416999999999994,64.25976800976801,10.093853385432967
SUR,Suriname,2013,Latin America & Caribbean,Upper middle income,42.86,65.907,24624.0219854601,23.046999999999997,65.03102857056156,10.111477748925083
SUR,Suriname,2014,Latin America & Caribbean,Upper middle income,43.618,66.288,24414.3554759734,22.669999999999995,65.80074825006035,10.10292657745689
SUR,Suriname,2015,Latin America & Caribbean,Upper middle income,44.378,66.664,23327.5252497447,22.286,66.56966278651146,10.057389283510108
SUR,Suriname,2024,Latin America & Caribbean,Upper middle income,44.887,62.913,19179.101839106,18.025999999999996,71.34773417258755,9.861576519348576
SUR,Suriname,2023,Latin America & Caribbean,Upper middle income,44.348,62.939,19020.8663751009,18.591,70.46187578448975,9.85329188580335
SWE,Sweden,1998,Europe & Central Asia,High income,57.358,66.99,44010.1074358278,9.631999999999998,85.62173458725184,10.692174600970706
SWE,Sweden,1999,Europe & Central Asia,High income,58.374,66.993,45823.3018418117,8.618999999999993,87.13447673637546,10.732548014559432
SWE,Sweden,1997,Europe & Central Asia,High income,58.592,67,42241.0607742258,8.408000000000001,87.45074626865672,10.651148031090996
SWE,Sweden,2002,Europe & Central Asia,High income,58.716,66.731,49331.2032555738,8.014999999999993,87.98909052764084,10.806312085894096
SWE,Sweden,2003,Europe & Central Asia,High income,58.793,66.62,50072.4736462925,7.827000000000005,88.25127589312518,10.82122670786425
SWE,Sweden,2000,Europe & Central Asia,High income,58.104,66.039,47868.5077292571,7.935000000000002,87.98437287057648,10.776213108498881
SWE,Sweden,2001,Europe & Central Asia,High income,58.578,66.956,48389.8185132591,8.378,87.48730509588385,10.787044709279382
SWE,Sweden,1990,Europe & Central Asia,High income,62.803,71.433,40199.7074219831,8.63000000000001,87.91874903755966,10.601614996520505
SWE,Sweden,1991,Europe & Central Asia,High income,62.138,70.608,39469.0716472828,8.470000000000006,88.00419215952866,10.583272647916203
SWE,Sweden,1992,Europe & Central Asia,High income,60.781,69.151,38783.6397676396,8.369999999999997,87.89605356393979,10.565753781216493
SWE,Sweden,1993,Europe & Central Asia,High income,59.355,67.689,37762.5408221358,8.333999999999996,87.68780747241058,10.53907290671747
SWE,Sweden,1994,Europe & Central Asia,High income,58.54,67.042,39000.8277233984,8.502000000000002,87.31839742251127,10.571338148563447
SWE,Sweden,1995,Europe & Central Asia,High income,58.996,67.626,40385.2139711185,8.630000000000003,87.23863602756336,10.606219006144359
SWE,Sweden,1996,Europe & Central Asia,High income,59.066,67.109,41008.3531746727,8.042999999999992,88.01502034004382,10.621531060902718
SWE,Sweden,2012,Europe & Central Asia,High income,59.719,67.403,56193.3287488246,7.684000000000005,88.59991395041763,10.936553323298794
SWE,Sweden,2013,Europe & Central Asia,High income,60.127,67.641,56353.0856347897,7.514000000000003,88.89135287769253,10.939392276350098
SWE,Sweden,2014,Europe & Central Asia,High income,60.279,67.568,57077.6693544196,7.288999999999994,89.21234904096615,10.952168239545166
SWE,Sweden,2015,Europe & Central Asia,High income,60.562,67.319,58955.6412361461,6.757000000000005,89.96271483533623,10.98454059665667
SWE,Sweden,2016,Europe & Central Asia,High income,60.691,67.489,59460.2872722689,6.798000000000002,89.92724740328053,10.993063927893745
SWE,Sweden,2004,Europe & Central Asia,High income,58.466,66.486,51960.5321902953,8.020000000000003,87.93731011039918,10.858239713039538
SWE,Sweden,2005,Europe & Central Asia,High income,59.116,67.488,53198.67120001,8.372,87.59483167377904,10.881788697574374
SWE,Sweden,2006,Europe & Central Asia,High income,59.231,67.561,55373.9338115393,8.330000000000005,87.67040156303192,10.92186425319439
SWE,Sweden,2007,Europe & Central Asia,High income,59.706,67.804,56737.3689179302,8.097999999999999,88.05675181405228,10.946188336436963
SWE,Sweden,2008,Europe & Central Asia,High income,59.836,67.993,55777.3973050094,8.156999999999996,88.00317679761153,10.929124000089452
SWE,Sweden,2009,Europe & Central Asia,High income,59.378,67.432,52950.7103332467,8.054000000000002,88.0561157907225,10.877116766109479
SWE,Sweden,2010,Europe & Central Asia,High income,58.976,67.505,55520.4324178534,8.528999999999996,87.36538034219687,10.924506383656361
SWE,Sweden,2011,Europe & Central Asia,High income,59.526,67.613,56846.1368290625,8.086999999999996,88.03928238652331,10.948103543115323
SWE,Sweden,2020,Europe & Central Asia,High income,60.587,67.708,59458.2805291969,7.120999999999995,89.48277899214274,10.993030178024247
SWE,Sweden,2017,Europe & Central Asia,High income,61.036,67.757,59769.0136237,6.721000000000004,90.08072966630753,10.998242638816139
SWE,Sweden,2018,Europe & Central Asia,High income,61.259,67.742,60124.5711994179,6.483000000000004,90.42986625727023,11.004173875564218
SWE,Sweden,2019,Europe & Central Asia,High income,61.315,67.846,61070.5243445838,6.531000000000006,90.3737876956637,11.019784612140429
SWE,Sweden,2024,Europe & Central Asia,High income,61.68,67.772,62558.4065876041,6.092000000000006,91.01103700643333,11.04385590474783
SWE,Sweden,2021,Europe & Central Asia,High income,60.704,67.635,62190.8526983825,6.9310000000000045,89.75234715753678,11.037963205185518
SWE,Sweden,2022,Europe & Central Asia,High income,61.05,68.051,62544.5002248644,7.001000000000005,89.71212766895415,11.043633585968013
SWE,Sweden,2023,Europe & Central Asia,High income,61.685,68.16,62122.5116950792,6.474999999999994,90.50029342723005,11.036863709398858
CHE,Switzerland,2004,Europe & Central Asia,High income,59.132,75.912,69812.378758031,16.78000000000001,77.89545789861944,11.153566619130098
CHE,Switzerland,2005,Europe & Central Asia,High income,59.35,75.041,71414.3495582368,15.690999999999995,79.090097413414,11.176254102340064
CHE,Switzerland,2006,Europe & Central Asia,High income,59.755,75.34,73901.6149628577,15.585,79.31377754181045,11.210489960051472
CHE,Switzerland,2007,Europe & Central Asia,High income,59.956,75.71,76161.5600232116,15.75399999999999,79.19165235768062,11.240612152753515
CHE,Switzerland,2008,Europe & Central Asia,High income,61.329,75.416,77103.7188320632,14.086999999999996,81.32093985361197,11.252906792267105
CHE,Switzerland,1990,Europe & Central Asia,High income,51.611,78.594,63921.4227334201,26.982999999999997,65.66786268671909,11.06540983822468
CHE,Switzerland,1991,Europe & Central Asia,High income,51.823,78.703,62404.0627797363,26.880000000000003,65.84628286088204,11.041385660887663
CHE,Switzerland,1992,Europe & Central Asia,High income,52.186,78.141,61004.7423539695,25.955000000000005,66.78440255435686,11.018706883641276
CHE,Switzerland,1993,Europe & Central Asia,High income,52.819,78.113,59202.9850165162,25.293999999999997,67.61870623327744,10.988727242177209
CHE,Switzerland,1994,Europe & Central Asia,High income,51.951,76.904,61091.4960852373,24.952999999999996,67.55305315718299,11.020127955198864
CHE,Switzerland,1995,Europe & Central Asia,High income,52.01,77.012,63169.2827232412,25.002000000000002,67.5349296213577,11.053573429122585
CHE,Switzerland,1996,Europe & Central Asia,High income,56.867,78.737,63243.2134310286,21.869999999999997,72.22398618184589,11.05474310329983
CHE,Switzerland,1997,Europe & Central Asia,High income,56.924,78.47,64414.4578915682,21.546,72.54237288135593,11.073093388317638
CHE,Switzerland,1998,Europe & Central Asia,High income,58.014,78.408,66006.2566369566,20.394,73.98989898989899,11.097504814045207
CHE,Switzerland,1999,Europe & Central Asia,High income,58.124,78.018,66795.8879655155,19.894,74.50075623574047,11.10939680022754
CHE,Switzerland,2000,Europe & Central Asia,High income,57.595,77.67,68834.8179906591,20.075000000000003,74.15346980816274,11.139464971354071
CHE,Switzerland,2001,Europe & Central Asia,High income,58.797,77.358,69489.6995050103,18.561000000000007,76.00636004033196,11.148933812007906
CHE,Switzerland,2002,Europe & Central Asia,High income,59.358,76.702,69228.3683320733,17.344,77.38781257333576,11.145166004595728
CHE,Switzerland,2003,Europe & Central Asia,High income,59.497,76.745,68521.3420292943,17.248000000000005,77.52557169848198,11.13490053819626
CHE,Switzerland,2017,Europe & Central Asia,High income,62.705,74.546,79333.7437810881,11.841000000000008,84.11584793282,11.281418837683313
CHE,Switzerland,2018,Europe & Central Asia,High income,63.007,74.307,81371.8944120855,11.300000000000004,84.79281898071514,11.306785214875827
CHE,Switzerland,2019,Europe & Central Asia,High income,63.079,73.719,81694.630652314,10.639999999999993,85.56681452542765,11.310743558398507
CHE,Switzerland,2020,Europe & Central Asia,High income,62.636,73.483,79270.8713687141,10.847000000000001,85.23876270702067,11.280626018185496
CHE,Switzerland,2021,Europe & Central Asia,High income,62.631,72.981,83524.9832880195,10.349999999999994,85.81822666173389,11.332901067141364
CHE,Switzerland,2009,Europe & Central Asia,High income,61.646,75.233,74672.9512725807,13.587000000000003,81.9401060704744,11.220873207456275
CHE,Switzerland,2010,Europe & Central Asia,High income,60.021,74.332,76308.8064520802,14.310999999999993,80.74718829037293,11.242543629381387
CHE,Switzerland,2011,Europe & Central Asia,High income,60.613,74.742,76527.3361539945,14.129000000000005,81.09630462123036,11.245403291331892
CHE,Switzerland,2012,Europe & Central Asia,High income,60.903,74.547,76570.2378987121,13.643999999999998,81.69745261378728,11.245963741046474
CHE,Switzerland,2013,Europe & Central Asia,High income,61.21,74.242,77084.6656456739,13.032000000000004,82.44659357237143,11.25265965060918
CHE,Switzerland,2014,Europe & Central Asia,High income,61.988,74.214,78086.6805249841,12.225999999999999,83.52601934944889,11.265574777429284
CHE,Switzerland,2015,Europe & Central Asia,High income,62.36,74.278,78325.7487417695,11.918000000000006,83.95487223673227,11.268631675197229
CHE,Switzerland,2016,Europe & Central Asia,High income,62.934,74.575,78956.0667315042,11.641000000000005,84.39021119678176,11.276646859435836
CHE,Switzerland,2022,Europe & Central Asia,High income,61.931,72.361,85762.2829174304,10.430000000000007,85.58615828968642,11.359334595789768
CHE,Switzerland,2023,Europe & Central Asia,High income,62.375,72.664,85383.3564504008,10.289000000000001,85.84030606627766,11.354906471443696
CHE,Switzerland,2024,Europe & Central Asia,High income,62.53,71.789,85448.0585577007,9.259,87.10248088147209,11.355663968071477
SYR,Syrian Arab Republic,2009,"Middle East, North Africa, Afghanistan & Pakistan",Low income,13.21,72.653,9481.56997895749,59.443000000000005,18.18231869296519,9.157105191131985
SYR,Syrian Arab Republic,2013,"Middle East, North Africa, Afghanistan & Pakistan",Low income,13.03,62.687,5648.60213025874,49.657,20.785808859891205,8.639163382955767
SYR,Syrian Arab Republic,2010,"Middle East, North Africa, Afghanistan & Pakistan",Low income,12.979,72.396,9749.57445219825,59.417,17.92778606552848,9.184978917110998
SYR,Syrian Arab Republic,2011,"Middle East, North Africa, Afghanistan & Pakistan",Low income,14.934,71.843,9854.03380162757,56.909000000000006,20.786993861614906,9.195636173342349
SYR,Syrian Arab Republic,2012,"Middle East, North Africa, Afghanistan & Pakistan",Low income,13.499,64.939,7296.32886794228,51.43999999999999,20.787200295662085,8.895126605840053
SYR,Syrian Arab Republic,1990,"Middle East, North Africa, Afghanistan & Pakistan",Low income,18.798,82.83,5952.3583016801,64.032,22.6946758420862,8.691542773236032
SYR,Syrian Arab Republic,1991,"Middle East, North Africa, Afghanistan & Pakistan",Low income,19.062,82.514,6210.41568146904,63.452,23.10153428509102,8.733983110121942
SYR,Syrian Arab Republic,1992,"Middle East, North Africa, Afghanistan & Pakistan",Low income,19.52,81.84,6803.92916498791,62.32000000000001,23.851417399804493,8.82525554267201
SYR,Syrian Arab Republic,1993,"Middle East, North Africa, Afghanistan & Pakistan",Low income,19.739,81.589,7007.72494284254,61.849999999999994,24.193212320288275,8.854768382822353
SYR,Syrian Arab Republic,1994,"Middle East, North Africa, Afghanistan & Pakistan",Low income,20.094,79.674,7294.86310469369,59.580000000000005,25.22027261088937,8.894925695145949
SYR,Syrian Arab Republic,1995,"Middle East, North Africa, Afghanistan & Pakistan",Low income,20.484,77.723,7589.39692908815,57.239,26.355132972221867,8.934507411249765
SYR,Syrian Arab Republic,1996,"Middle East, North Africa, Afghanistan & Pakistan",Low income,19.043,79.543,8112.37387274033,60.50000000000001,23.94051016431364,9.001145813617565
SYR,Syrian Arab Republic,1997,"Middle East, North Africa, Afghanistan & Pakistan",Low income,17.723,81.244,8299.18931658219,63.521,21.81453399635665,9.023913116313459
SYR,Syrian Arab Republic,1998,"Middle East, North Africa, Afghanistan & Pakistan",Low income,16.511,82.832,8636.63340064551,66.321,19.933117635696348,9.063768133160695
SYR,Syrian Arab Republic,1999,"Middle East, North Africa, Afghanistan & Pakistan",Low income,18.594,81.948,8120.49247797398,63.35399999999999,22.68999853565676,9.002146081313382
SYR,Syrian Arab Republic,2000,"Middle East, North Africa, Afghanistan & Pakistan",Low income,20.887,80.854,7973.98131632478,59.967,25.83298290746284,8.98393918486416
SYR,Syrian Arab Republic,2001,"Middle East, North Africa, Afghanistan & Pakistan",Low income,20.241,79.657,8075.78409924022,59.416,25.410196216277292,8.996625245449849
SYR,Syrian Arab Republic,2002,"Middle East, North Africa, Afghanistan & Pakistan",Low income,19.616,78.439,8502.49347216329,58.82299999999999,25.00796797511442,9.048114749126077
SYR,Syrian Arab Republic,2003,"Middle East, North Africa, Afghanistan & Pakistan",Low income,19.01,77.2,8351.46523749691,58.19,24.624352331606218,9.030192279995058
SYR,Syrian Arab Republic,2004,"Middle East, North Africa, Afghanistan & Pakistan",Low income,17.747,76.944,8710.00892967907,59.197,23.064826367228115,9.072228095067501
SYR,Syrian Arab Republic,2005,"Middle East, North Africa, Afghanistan & Pakistan",Low income,16.538,76.619,9016.72035122178,60.081,21.584724415614925,9.106835949513576
SYR,Syrian Arab Republic,2006,"Middle East, North Africa, Afghanistan & Pakistan",Low income,15.388,76.238,9074.77248149943,60.85,20.18416013011884,9.113253587909618
SYR,Syrian Arab Republic,2007,"Middle East, North Africa, Afghanistan & Pakistan",Low income,14.214,74.28,9017.08718303559,60.066,19.135702746365105,9.106876632193941
SYR,Syrian Arab Republic,2008,"Middle East, North Africa, Afghanistan & Pakistan",Low income,13.703,73.473,9093.12956891463,59.769999999999996,18.65038857811713,9.115274414927661
SYR,Syrian Arab Republic,2021,"Middle East, North Africa, Afghanistan & Pakistan",Low income,12.824,60.446,4765.52911357702,47.622,21.21563048009794,8.469163851597719
SYR,Syrian Arab Republic,2022,"Middle East, North Africa, Afghanistan & Pakistan",Low income,13.02,62.205,4579.43973633341,49.185,20.930793344586448,8.42933194131403
SYR,Syrian Arab Republic,2016,"Middle East, North Africa, Afghanistan & Pakistan",Low income,12.802,63.216,5128.91822862296,50.414,20.25120222728423,8.542650044314811
SYR,Syrian Arab Republic,2017,"Middle East, North Africa, Afghanistan & Pakistan",Low income,12.939,63.225,5083.65173888422,50.286,20.465005931198103,8.533785128563375
SYR,Syrian Arab Republic,2014,"Middle East, North Africa, Afghanistan & Pakistan",Low income,12.812,62.942,5414.37509688242,50.13,20.355247688348,8.59681275053796
SYR,Syrian Arab Republic,2015,"Middle East, North Africa, Afghanistan & Pakistan",Low income,12.729,63.131,5414.83905242808,50.402,20.162836007666595,8.596898436450077
SYR,Syrian Arab Republic,2020,"Middle East, North Africa, Afghanistan & Pakistan",Low income,12.668,59.785,4810.61072632598,47.117,21.189261520448273,8.478579325169923
SYR,Syrian Arab Republic,2018,"Middle East, North Africa, Afghanistan & Pakistan",Low income,13.137,63.149,5061.49399424562,50.012,20.80317978115251,8.529416974481869
SYR,Syrian Arab Republic,2019,"Middle East, North Africa, Afghanistan & Pakistan",Low income,13.39,62.979,4928.02885412028,49.589,21.261055272392383,8.502694360334258
TJK,Tajikistan,2019,Europe & Central Asia,Lower middle income,20.681,54.739,3649.88375518646,34.05799999999999,37.78110670637023,8.202450598175261
TJK,Tajikistan,2018,Europe & Central Asia,Lower middle income,21.43,55.72,3479.69235966041,34.29,38.46015793251974,8.154699166464365
TJK,Tajikistan,2014,Europe & Central Asia,Lower middle income,24.795,57.762,2943.08867917317,32.967,42.92614521657838,7.987214880016397
TJK,Tajikistan,2015,Europe & Central Asia,Lower middle income,23.907,57.77,3041.44479553257,33.863,41.38307079799203,8.020087943187546
TJK,Tajikistan,2016,Europe & Central Asia,Lower middle income,23.032,57.759,3169.9667820524,34.727000000000004,39.876036634983294,8.0614763879686
TJK,Tajikistan,2017,Europe & Central Asia,Lower middle income,22.25,56.772,3312.71202243506,34.522,39.19185513985768,8.10552247501898
TJK,Tajikistan,1990,Europe & Central Asia,Lower middle income,44.304,66.648,4173.04607982249,22.343999999999994,66.47461289160965,8.336401522903577
TJK,Tajikistan,1991,Europe & Central Asia,Lower middle income,44.299,66.641,3777.10750632183,22.342000000000006,66.47409252562237,8.236713785723275
TJK,Tajikistan,1992,Europe & Central Asia,Lower middle income,44.309,66.655,2630.38658066186,22.346000000000004,66.47513314830094,7.8748861032148225
TJK,Tajikistan,1993,Europe & Central Asia,Lower middle income,44.341,66.703,2169.96747353928,22.362000000000002,66.47527097731736,7.6824674572697615
TJK,Tajikistan,1994,Europe & Central Asia,Lower middle income,44.362,66.736,1678.33851733918,22.374000000000002,66.47386717813474,7.4255596052618165
TJK,Tajikistan,1995,Europe & Central Asia,Lower middle income,44.363,66.736,1439.50277584065,22.373000000000005,66.47536561975545,7.2720530383870505
TJK,Tajikistan,1996,Europe & Central Asia,Lower middle income,44.361,66.733,1175.79407235242,22.372000000000007,66.47535701976533,7.0696990045814205
TJK,Tajikistan,1997,Europe & Central Asia,Lower middle income,44.363,66.737,1181.28110133633,22.373999999999995,66.47436954013516,7.0743548076349585
TJK,Tajikistan,1998,Europe & Central Asia,Lower middle income,44.372,66.749,1236.67552895556,22.376999999999995,66.47590226070803,7.120182033179036
TJK,Tajikistan,1999,Europe & Central Asia,Lower middle income,44.385,66.769,1275.82249026045,22.384000000000007,66.47546016864113,7.151346340011507
TJK,Tajikistan,2000,Europe & Central Asia,Lower middle income,44.394,66.783,1365.23327447129,22.389000000000003,66.47500112304029,7.219080590066387
TJK,Tajikistan,2001,Europe & Central Asia,Lower middle income,44.397,66.788,1467.39882474638,22.391,66.47451638018805,7.291246605370741
TJK,Tajikistan,2002,Europe & Central Asia,Lower middle income,44.4,66.792,1594.93890470219,22.392000000000003,66.47502694933524,7.3745907102233685
TJK,Tajikistan,2003,Europe & Central Asia,Lower middle income,44.404,66.798,1736.64039749855,22.394,66.4750441629989,7.45970771976445
TJK,Tajikistan,2004,Europe & Central Asia,Lower middle income,41.766,65.344,1878.28696227255,23.577999999999996,63.91711557296769,7.538115450157223
TJK,Tajikistan,2005,Europe & Central Asia,Lower middle income,39.16,63.835,1965.30020458256,24.675000000000004,61.345656771363664,7.583400288503304
TJK,Tajikistan,2006,Europe & Central Asia,Lower middle income,36.597,62.27,2063.288508243,25.673000000000002,58.77147904287779,7.632056352175034
TJK,Tajikistan,2007,Europe & Central Asia,Lower middle income,34.093,60.652,2181.89798056536,26.558999999999997,56.21084218162633,7.687950410288674
TJK,Tajikistan,2008,Europe & Central Asia,Lower middle income,31.66,58.982,2308.09430040334,27.322,53.677393102980574,7.7441774848536955
TJK,Tajikistan,2009,Europe & Central Asia,Lower middle income,29.308,57.261,2349.50030269416,27.953000000000003,51.18317877787673,7.761957947376299
TJK,Tajikistan,2010,Europe & Central Asia,Lower middle income,28.405,57.427,2449.27358745359,29.022,49.462796245668414,7.803546764658563
TJK,Tajikistan,2011,Europe & Central Asia,Lower middle income,27.511,57.583,2572.48074895498,30.072,47.77625340812393,7.852625984280779
TJK,Tajikistan,2012,Europe & Central Asia,Lower middle income,26.606,57.686,2700.09546037358,31.08,46.12210935062234,7.901042407061341
TJK,Tajikistan,2013,Europe & Central Asia,Lower middle income,25.694,57.732,2828.38542075147,32.038,44.505646781680866,7.947461305124618
TJK,Tajikistan,2023,Europe & Central Asia,Lower middle income,21.674,55.665,4472.3241378777,33.991,38.93649510464385,8.405663493844605
TJK,Tajikistan,2020,Europe & Central Asia,Lower middle income,20.487,54.227,3724.7489591466,33.739999999999995,37.78007265753223,8.222754735024923
TJK,Tajikistan,2021,Europe & Central Asia,Lower middle income,20.592,54.723,3985.91247611219,34.131,37.62951592566196,8.290521542707326
TJK,Tajikistan,2022,Europe & Central Asia,Lower middle income,21.395,55.424,4213.75618362687,34.028999999999996,38.60241050808314,8.34610973403503
TJK,Tajikistan,2024,Europe & Central Asia,Lower middle income,21.946,55.887,4755.93296704719,33.941,39.268523985900124,8.467148163314203
TZA,Tanzania,2020,Sub-Saharan Africa,Lower middle income,79.344,86.493,3449.82153320313,7.149000000000001,91.73459123859735,8.146077779181049
TZA,Tanzania,2022,Sub-Saharan Africa,Lower middle income,80.273,87.431,3546.98095703125,7.158000000000001,91.81297251546934,8.173852086005686
TZA,Tanzania,2023,Sub-Saharan Africa,Lower middle income,80.33,87.362,3620.79345703125,7.0319999999999965,91.95073372862343,8.194448467827057
TZA,Tanzania,2024,Sub-Saharan Africa,Lower middle income,80.288,87.368,3713.26293945313,7.079999999999998,91.89634648841681,8.219666267574178
TZA,Tanzania,2021,Sub-Saharan Africa,Lower middle income,80.425,87.196,3493.0830078125,6.771000000000001,92.23473553832746,8.158540008570421
TZA,Tanzania,1990,Sub-Saharan Africa,Lower middle income,84.054,89.39,1794.20458984375,5.3359999999999985,94.03065219823247,7.492317077278053
TZA,Tanzania,1991,Sub-Saharan Africa,Lower middle income,84.084,89.317,1785.66394042969,5.23299999999999,94.14109296102646,7.487545580478265
TZA,Tanzania,1992,Sub-Saharan Africa,Lower middle income,84.116,89.241,1751.91845703125,5.125,94.25712396768301,7.468466727622805
TZA,Tanzania,1993,Sub-Saharan Africa,Lower middle income,84.179,89.043,1718.39306640625,4.864000000000004,94.53747066024279,7.449144869393841
TZA,Tanzania,1994,Sub-Saharan Africa,Lower middle income,84.276,88.729,1679.66235351563,4.453000000000003,94.9813476991739,7.426348072147888
TZA,Tanzania,1995,Sub-Saharan Africa,Lower middle income,84.333,88.563,1685.85107421875,4.230000000000004,95.22373903323059,7.430025803829294
TZA,Tanzania,1996,Sub-Saharan Africa,Lower middle income,84.314,88.654,1730.55456542969,4.340000000000003,95.10456380986757,7.456197194175913
TZA,Tanzania,1997,Sub-Saharan Africa,Lower middle income,84.301,88.72,1755.8037109375,4.418999999999997,95.01916140667268,7.470681986020744
TZA,Tanzania,1998,Sub-Saharan Africa,Lower middle income,84.316,88.684,1773.72424316406,4.367999999999995,95.07464706147671,7.480836707249192
TZA,Tanzania,1999,Sub-Saharan Africa,Lower middle income,84.328,88.653,1810.97155761719,4.325000000000003,95.12142849085761,7.501618752413418
TZA,Tanzania,2000,Sub-Saharan Africa,Lower middle income,84.345,88.605,1839.93664550781,4.260000000000005,95.19214491281531,7.51748641822101
TZA,Tanzania,2001,Sub-Saharan Africa,Lower middle income,84.35,88.596,1899.74536132813,4.246000000000009,95.20745857600794,7.549475135819386
TZA,Tanzania,2002,Sub-Saharan Africa,Lower middle income,84.939,88.81,1982.64428710938,3.8710000000000093,95.64125661524602,7.5921867312436815
TZA,Tanzania,2003,Sub-Saharan Africa,Lower middle income,85.51,89.021,2059.83740234375,3.5109999999999957,96.0559867896339,7.630382327767327
TZA,Tanzania,2004,Sub-Saharan Africa,Lower middle income,86.064,89.229,2155.24145507813,3.1650000000000063,96.45294691187843,7.6756580403811565
TZA,Tanzania,2005,Sub-Saharan Africa,Lower middle income,86.6,89.434,2253.09326171875,2.834000000000003,96.83118277165283,7.720059334035682
TZA,Tanzania,2006,Sub-Saharan Africa,Lower middle income,87.119,89.636,2334.1044921875,2.516999999999996,97.1919764380383,7.755383581419138
TZA,Tanzania,2007,Sub-Saharan Africa,Lower middle income,86.361,89.44,2423.61596679688,3.0789999999999935,96.5574686940966,7.793015905098679
TZA,Tanzania,2008,Sub-Saharan Africa,Lower middle income,85.572,89.245,2493.25927734375,3.673000000000002,95.88436326965096,7.821346080259212
TZA,Tanzania,2009,Sub-Saharan Africa,Lower middle income,84.751,89.054,2560.81103515625,4.302999999999997,95.1681002537786,7.848079297907635
TZA,Tanzania,2010,Sub-Saharan Africa,Lower middle income,83.896,88.862,2654.80346679688,4.965999999999994,94.41155949674777,7.884125907130824
TZA,Tanzania,2011,Sub-Saharan Africa,Lower middle income,83.001,88.668,2779.70776367188,5.667000000000002,93.6087427256733,7.930101080177747
TZA,Tanzania,2012,Sub-Saharan Africa,Lower middle income,82.069,88.472,2822.4853515625,6.402999999999992,92.76268197847908,7.945373106129924
TZA,Tanzania,2013,Sub-Saharan Africa,Lower middle income,81.098,88.274,2924.86328125,7.176000000000002,91.87076602397082,7.98100301712055
TZA,Tanzania,2014,Sub-Saharan Africa,Lower middle income,80.089,88.075,3027.56909179688,7.986000000000004,90.93272778881635,8.01551529656961
TZA,Tanzania,2015,Sub-Saharan Africa,Lower middle income,80.123,87.96,3111.44458007813,7.836999999999989,91.09026830377445,8.04284239253075
TZA,Tanzania,2016,Sub-Saharan Africa,Lower middle income,80.164,87.813,3214.24682617188,7.649000000000001,91.28944461526197,8.075348340539707
TZA,Tanzania,2017,Sub-Saharan Africa,Lower middle income,80.202,87.689,3318.28833007813,7.486999999999995,91.4618709302193,8.107204365732636
TZA,Tanzania,2018,Sub-Saharan Africa,Lower middle income,80.234,87.598,3392.68872070313,7.364000000000004,91.59341537478024,8.129378018961544
TZA,Tanzania,2019,Sub-Saharan Africa,Lower middle income,80.265,87.522,3484.63256835938,7.257000000000005,91.70837046685403,8.156117885314691
THA,Thailand,1998,East Asia & Pacific,Upper middle income,66.361,82.93,10898.3370239872,16.569000000000003,80.02049921620645,9.296365489971087
THA,Thailand,1999,East Asia & Pacific,Upper middle income,65.185,81.735,11254.6098303333,16.549999999999997,79.75163638588121,9.328533086399053
THA,Thailand,2000,East Asia & Pacific,Upper middle income,65.596,81.711,11623.7874580461,16.114999999999995,80.27805313850033,9.36080892033124
THA,Thailand,2001,East Asia & Pacific,Upper middle income,65.255,82.222,11902.6109229705,16.967,79.36440368757754,9.384513060325439
THA,Thailand,2002,East Asia & Pacific,Upper middle income,65.107,81.804,12513.5421967032,16.697000000000003,79.58901765194855,9.434566712598665
THA,Thailand,1990,East Asia & Pacific,Upper middle income,65.605,84.951,8702.899560469,19.34599999999999,77.2268719614837,9.071411531928824
THA,Thailand,1991,East Asia & Pacific,Upper middle income,65.522,84.884,9295.04057342995,19.361999999999995,77.19004759436407,9.137236265227239
THA,Thailand,1992,East Asia & Pacific,Upper middle income,65.474,84.837,9887.97373654022,19.363,77.176232068555,9.19907452359971
THA,Thailand,1993,East Asia & Pacific,Upper middle income,65.452,84.779,10539.9611081001,19.326999999999998,77.20308095165076,9.26292913215497
THA,Thailand,1994,East Asia & Pacific,Upper middle income,65.456,84.702,11216.2548285636,19.245999999999995,77.27798635215225,9.32511932910932
THA,Thailand,1995,East Asia & Pacific,Upper middle income,66.556,84.201,11955.2188089811,17.644999999999996,79.04419187420577,9.388923182441879
THA,Thailand,1996,East Asia & Pacific,Upper middle income,67.565,83.675,12457.6820831228,16.11,80.74693755602031,9.43009274639414
THA,Thailand,1997,East Asia & Pacific,Upper middle income,67.743,83.365,11954.1474335919,15.622,81.26072092604811,9.388833562718876
THA,Thailand,2011,East Asia & Pacific,Upper middle income,65.806,81.009,16768.1688542486,15.203000000000003,81.23294942537248,9.727237657099206
THA,Thailand,2012,East Asia & Pacific,Upper middle income,65.071,80.969,17871.5786477565,15.897999999999996,80.36532500092628,9.790966944920749
THA,Thailand,2013,East Asia & Pacific,Upper middle income,61.78,78.584,18244.4071505088,16.804000000000002,78.61651226712817,9.811613854536573
THA,Thailand,2014,East Asia & Pacific,Upper middle income,61.447,78.585,18326.604873747,17.13799999999999,78.19176687663041,9.816109101296462
THA,Thailand,2015,East Asia & Pacific,Upper middle income,61.068,77.922,18814.0408554566,16.854,78.37067837067838,9.842358724075016
THA,Thailand,2003,East Asia & Pacific,Upper middle income,64.99,81.408,13288.7481561137,16.418000000000006,79.83244889937107,9.494672952847369
THA,Thailand,2004,East Asia & Pacific,Upper middle income,64.808,81.607,13998.521730812,16.798999999999992,79.41475608710039,9.546707012366024
THA,Thailand,2005,East Asia & Pacific,Upper middle income,65.23,81.207,14459.825626203,15.97699999999999,80.32558769564201,9.57912943659461
THA,Thailand,2006,East Asia & Pacific,Upper middle income,64.281,81.062,15052.6955101059,16.78099999999999,79.29856159482867,9.619312357801398
THA,Thailand,2007,East Asia & Pacific,Upper middle income,64.808,81.31,15744.3652449147,16.501999999999995,79.70483335383103,9.664237818013968
THA,Thailand,2008,East Asia & Pacific,Upper middle income,64.867,81.259,15893.5084947968,16.391999999999996,79.82746526538598,9.673666034075625
THA,Thailand,2009,East Asia & Pacific,Upper middle income,64.659,81.394,15667.6047343164,16.735,79.4395164262722,9.659350466890045
THA,Thailand,2010,East Asia & Pacific,Upper middle income,63.685,80.008,16732.187029014,16.322999999999993,79.5982901709829,9.725089510422997
THA,Thailand,2024,East Asia & Pacific,Upper middle income,59.473,75.353,21882.2142474833,15.879999999999995,78.92585563945697,9.993429451026337
THA,Thailand,2016,East Asia & Pacific,Upper middle income,60.17,76.921,19372.7128024107,16.751000000000005,78.22311202402464,9.871620798345392
THA,Thailand,2017,East Asia & Pacific,Upper middle income,59.351,76.179,20096.8605455164,16.828000000000003,77.909922682104,9.90831889008261
THA,Thailand,2018,East Asia & Pacific,Upper middle income,59.569,76.527,20882.1707419576,16.958,77.84050073830151,9.946650999330258
THA,Thailand,2019,East Asia & Pacific,Upper middle income,58.9,75.485,21280.1504518601,16.585,78.02874743326488,9.965530013536796
THA,Thailand,2020,East Asia & Pacific,Upper middle income,59.106,75.454,19950.2844063147,16.347999999999992,78.33381928062131,9.900998678172018
THA,Thailand,2021,East Asia & Pacific,Upper middle income,59.18,75.251,20236.9760408784,16.071000000000005,78.64347317643619,9.915266707144408
THA,Thailand,2022,East Asia & Pacific,Upper middle income,59.576,75.318,20768.4800093577,15.741999999999997,79.09928569531853,9.94119173216804
THA,Thailand,2023,East Asia & Pacific,Upper middle income,60.311,75.858,21245.2706771879,15.547000000000004,79.50512800232012,9.96388959321559
TLS,Timor-Leste,1991,East Asia & Pacific,Lower middle income,66.532,76.61,2318.79425313685,10.078000000000003,86.8450593917243,7.748802611084401
TLS,Timor-Leste,1992,East Asia & Pacific,Lower middle income,66.299,76.505,2493.90856413679,10.205999999999989,86.6596954447422,7.821606463233015
TLS,Timor-Leste,1993,East Asia & Pacific,Lower middle income,66.081,76.394,2674.39919964976,10.313000000000002,86.50024871063172,7.891480035842368
TLS,Timor-Leste,1994,East Asia & Pacific,Lower middle income,66.007,76.371,2786.67622050555,10.36399999999999,86.42940383129724,7.932604845815844
TLS,Timor-Leste,1990,East Asia & Pacific,Lower middle income,66.876,76.697,2143.79193647891,9.820999999999998,87.19506629985527,7.670331472928818
TLS,Timor-Leste,2002,East Asia & Pacific,Lower middle income,64.124,74.892,3480.9884722922,10.768,85.62196229236767,8.155071576197855
TLS,Timor-Leste,2003,East Asia & Pacific,Lower middle income,64.217,74.99,3264.94647161828,10.772999999999996,85.63408454460595,8.090998646972242
TLS,Timor-Leste,2004,East Asia & Pacific,Lower middle income,64.064,74.88,3234.97583674338,10.816000000000003,85.55555555555556,8.081776737585121
TLS,Timor-Leste,2005,East Asia & Pacific,Lower middle income,63.842,74.775,3263.94446005573,10.933000000000007,85.37880307589434,8.090691700024927
TLS,Timor-Leste,2006,East Asia & Pacific,Lower middle income,64.044,75.063,3038.9523176563,11.019000000000005,85.32033092202549,8.01926810265099
TLS,Timor-Leste,2007,East Asia & Pacific,Lower middle income,63.514,74.687,3256.56980118129,11.172999999999995,85.04023457897627,8.088429712174458
TLS,Timor-Leste,1995,East Asia & Pacific,Lower middle income,65.907,76.32,2891.86458508557,10.412999999999997,86.3561320754717,7.969656758214734
TLS,Timor-Leste,1996,East Asia & Pacific,Lower middle income,65.685,76.165,3038.23036830136,10.480000000000004,86.24039913346024,8.019030509214806
TLS,Timor-Leste,1997,East Asia & Pacific,Lower middle income,65.599,76.113,3073.97036772628,10.513999999999996,86.18632822251128,8.030725284405456
TLS,Timor-Leste,1998,East Asia & Pacific,Lower middle income,65.764,76.257,2931.48082007078,10.49300000000001,86.23995174213513,7.983262973681444
TLS,Timor-Leste,1999,East Asia & Pacific,Lower middle income,67.535,77.464,2136.6494518776,9.929000000000002,87.18243313022823,7.666994204370592
TLS,Timor-Leste,2000,East Asia & Pacific,Lower middle income,64.178,74.886,3783.78329545739,10.707999999999998,85.70093208343349,8.238479659889519
TLS,Timor-Leste,2001,East Asia & Pacific,Lower middle income,63.704,74.439,4038.33571017769,10.734999999999992,85.57879606120449,8.303587933152963
TLS,Timor-Leste,2015,East Asia & Pacific,Lower middle income,61.298,72.381,4467.80007184896,11.082999999999998,84.68797060001934,8.404651412511331
TLS,Timor-Leste,2016,East Asia & Pacific,Lower middle income,61.26,72.31,4515.422459894,11.050000000000004,84.71857281150601,8.415254029556701
TLS,Timor-Leste,2017,East Asia & Pacific,Lower middle income,61.479,72.563,4290.02709296562,11.084000000000003,84.72499758830257,8.364048327278722
TLS,Timor-Leste,2018,East Asia & Pacific,Lower middle income,61.62,72.717,4188.84099191337,11.097000000000001,84.73946945005983,8.340179361743273
TLS,Timor-Leste,2019,East Asia & Pacific,Lower middle income,61.034,71.92,5103.14964292207,10.886000000000003,84.86373748609566,8.537613205133736
TLS,Timor-Leste,2020,East Asia & Pacific,Lower middle income,60.457,71.327,6594.8817078452,10.869999999999997,84.76032918810549,8.794049128348428
TLS,Timor-Leste,2008,East Asia & Pacific,Lower middle income,62.926,74.187,3530.88217479074,11.260999999999996,84.8207907045709,8.169303026578303
TLS,Timor-Leste,2009,East Asia & Pacific,Lower middle income,62.385,73.67,3792.35831612987,11.285000000000004,84.68168861137505,8.240743351561045
TLS,Timor-Leste,2010,East Asia & Pacific,Lower middle income,61.928,73.196,4047.24940614314,11.268,84.60571615935297,8.30579277039065
TLS,Timor-Leste,2011,East Asia & Pacific,Lower middle income,61.703,72.954,4189.79978481015,11.25099999999999,84.57795323080298,8.340408227719632
TLS,Timor-Leste,2012,East Asia & Pacific,Lower middle income,61.579,72.804,4297.91482449132,11.225000000000001,84.58189110488435,8.365885259530824
TLS,Timor-Leste,2013,East Asia & Pacific,Lower middle income,61.507,72.696,4340.27839503511,11.189,84.60850665786288,8.375693771358618
TLS,Timor-Leste,2014,East Asia & Pacific,Lower middle income,61.365,72.492,4445.35926887033,11.127000000000002,84.65072007945705,8.399615970074459
TLS,Timor-Leste,2023,East Asia & Pacific,Lower middle income,60.774,72.338,4331.07792560386,11.563999999999993,84.0139345848655,8.373571733572703
TLS,Timor-Leste,2024,East Asia & Pacific,Lower middle income,61.457,72.032,3890.95754653453,10.574999999999996,85.31902487783208,8.266410562242568
TLS,Timor-Leste,2021,East Asia & Pacific,Lower middle income,61.212,71.685,6825.0458085995,10.472999999999999,85.39024900606822,8.828354331913346
TLS,Timor-Leste,2022,East Asia & Pacific,Lower middle income,61.166,71.911,5348.49182701353,10.745000000000005,85.0579188163146,8.584569898655559
TGO,Togo,1995,Sub-Saharan Africa,Lower middle income,54.651,63.184,2185.1955668286,8.532999999999994,86.49499873385668,7.689460607793804
TGO,Togo,1996,Sub-Saharan Africa,Lower middle income,54.743,62.942,2278.14214284206,8.198999999999998,86.97372183915351,7.7311155401473926
TGO,Togo,1997,Sub-Saharan Africa,Lower middle income,54.854,62.654,2519.00042956277,7.800000000000004,87.55067513646375,7.831617446881682
TGO,Togo,1998,Sub-Saharan Africa,Lower middle income,54.978,62.338,2400.05346254709,7.359999999999999,88.1933972857647,7.783246292149217
TGO,Togo,1999,Sub-Saharan Africa,Lower middle income,55.091,62.051,2399.45741291511,6.960000000000001,88.78342008992603,7.782997912824527
TGO,Togo,2000,Sub-Saharan Africa,Lower middle income,55.185,61.814,2321.9504188468,6.628999999999998,89.27589219270716,7.750162809250707
TGO,Togo,1990,Sub-Saharan Africa,Lower middle income,54.237,64.298,2409.14819593078,10.061,84.3525459578836,7.787028518336181
TGO,Togo,1991,Sub-Saharan Africa,Lower middle income,54.312,64.093,2324.31142051729,9.781000000000006,84.73936311297645,7.7511791109381
TGO,Togo,1992,Sub-Saharan Africa,Lower middle income,54.392,63.878,2169.39272878269,9.485999999999997,85.1498168383481,7.682202558882371
TGO,Togo,1993,Sub-Saharan Africa,Lower middle income,54.475,63.653,1863.03725042104,9.177999999999997,85.58119805822193,7.529963365260008
TGO,Togo,1994,Sub-Saharan Africa,Lower middle income,54.564,63.415,2133.27158147519,8.850999999999999,86.04273436884017,7.6654120340772
TGO,Togo,2009,Sub-Saharan Africa,Lower middle income,55.615,60.724,2126.4413192509,5.108999999999995,91.58652262696792,7.662205119321592
TGO,Togo,2010,Sub-Saharan Africa,Lower middle income,55.598,60.761,2181.59889262038,5.163000000000004,91.5027731604154,7.687813323931498
TGO,Togo,2011,Sub-Saharan Africa,Lower middle income,55.58,60.797,2246.56204522679,5.216999999999999,91.41898448936625,7.717156346747474
TGO,Togo,2012,Sub-Saharan Africa,Lower middle income,55.575,60.805,2333.19276737886,5.229999999999997,91.39873365677164,7.7549928950027684
TGO,Togo,2013,Sub-Saharan Africa,Lower middle income,55.585,60.777,2416.37805101152,5.192,91.45729470029781,7.790025024880972
TGO,Togo,2001,Sub-Saharan Africa,Lower middle income,55.256,61.634,2283.5849230071,6.378,89.65181555634877,7.7335018217767955
TGO,Togo,2002,Sub-Saharan Africa,Lower middle income,55.31,61.495,2312.96463035074,6.184999999999995,89.9422717294089,7.7462853704373655
TGO,Togo,2003,Sub-Saharan Africa,Lower middle income,55.362,61.363,2407.5857838237,6.000999999999998,90.22049117546405,7.786379774947635
TGO,Togo,2004,Sub-Saharan Africa,Lower middle income,55.419,61.22,2326.60102463281,5.801000000000002,90.52433845148644,7.752163693781783
TGO,Togo,2005,Sub-Saharan Africa,Lower middle income,55.468,61.097,2164.01599552728,5.628999999999998,90.78678167504133,7.67972103158752
TGO,Togo,2006,Sub-Saharan Africa,Lower middle income,55.527,60.951,2158.94393995769,5.4239999999999995,91.10104838312743,7.677374464433222
TGO,Togo,2007,Sub-Saharan Africa,Lower middle income,55.578,60.825,2067.21836135015,5.247,91.37361282367448,7.633959195780913
TGO,Togo,2008,Sub-Saharan Africa,Lower middle income,55.606,60.752,2082.64201553182,5.146000000000001,91.52949697129313,7.641392566449009
TGO,Togo,2022,Sub-Saharan Africa,Lower middle income,56.238,59.62,3086.40878742334,3.381999999999998,94.32740691043274,8.034763489290796
TGO,Togo,2023,Sub-Saharan Africa,Lower middle income,56.49,59.34,3215.82300022488,2.8500000000000014,95.19716885743175,8.075838591540744
TGO,Togo,2024,Sub-Saharan Africa,Lower middle income,56.604,59.155,3351.24993111939,2.551000000000002,95.68760037190431,8.117088668996463
TGO,Togo,2016,Sub-Saharan Africa,Lower middle income,55.686,60.527,2648.90084835076,4.841000000000001,92.00191650007434,7.881900058730393
TGO,Togo,2017,Sub-Saharan Africa,Lower middle income,55.738,60.403,2708.61122396846,4.664999999999999,92.2768736652153,7.904191319039186
TGO,Togo,2014,Sub-Saharan Africa,Lower middle income,55.609,60.716,2501.43253092917,5.106999999999999,91.58870808353646,7.824618859119059
TGO,Togo,2015,Sub-Saharan Africa,Lower middle income,55.644,60.631,2588.27260980499,4.987000000000002,91.77483465553924,7.858745986164907
TGO,Togo,2020,Sub-Saharan Africa,Lower middle income,55.335,59.525,2861.29796240513,4.189999999999998,92.96094078118438,7.959030633871632
TGO,Togo,2021,Sub-Saharan Africa,Lower middle income,55.664,59.748,2952.09730066985,4.083999999999996,93.16462475731406,7.990271146108684
TGO,Togo,2018,Sub-Saharan Africa,Lower middle income,55.799,60.258,2787.56398409759,4.459000000000003,92.60015267682299,7.9329233694412915
TGO,Togo,2019,Sub-Saharan Africa,Lower middle income,55.867,60.097,2862.62661160331,4.230000000000004,92.96137910378222,7.959494878012121
TON,Tonga,2004,East Asia & Pacific,Upper middle income,44.146,71.818,5901.21343135785,27.671999999999997,61.46926954245454,8.68291327507923
TON,Tonga,2005,East Asia & Pacific,Upper middle income,44.037,71.49,5829.1173260211,27.452999999999996,61.59882501049098,8.67062086582739
TON,Tonga,2001,East Asia & Pacific,Upper middle income,44.412,72.603,5860.83162290404,28.190999999999995,61.17102599066154,8.67604678767339
TON,Tonga,2002,East Asia & Pacific,Upper middle income,44.316,72.349,6085.89291010605,28.033,61.25309264813612,8.71372873419728
TON,Tonga,2003,East Asia & Pacific,Upper middle income,44.235,72.093,6054.65554234045,27.858000000000004,61.358245599434056,8.70858276623365
TON,Tonga,1990,East Asia & Pacific,Upper middle income,36.288,75.62,4488.39423743031,39.33200000000001,47.98730494578153,8.409250285909286
TON,Tonga,1991,East Asia & Pacific,Upper middle income,38.491,75.408,4766.99902463283,36.917,51.04365584553363,8.46947225059663
TON,Tonga,1992,East Asia & Pacific,Upper middle income,40.786,75.211,4772.94258546235,34.425,54.22876972783237,8.47071828790827
TON,Tonga,1993,East Asia & Pacific,Upper middle income,43.133,74.984,4947.35147939204,31.850999999999992,57.52293822682173,8.506607657701633
TON,Tonga,1994,East Asia & Pacific,Upper middle income,45.467,74.689,5189.10434041494,29.221999999999994,60.87509539557365,8.554316387166143
TON,Tonga,1995,East Asia & Pacific,Upper middle income,45.295,74.374,5509.04512310938,29.078999999999994,60.9016591819722,8.614146588237753
TON,Tonga,1996,East Asia & Pacific,Upper middle income,45.076,73.964,5511.41450656968,28.887999999999998,60.943161538045544,8.61457658545682
TON,Tonga,1997,East Asia & Pacific,Upper middle income,44.894,73.614,5456.60423424372,28.720000000000006,60.98568207134512,8.60458194013688
TON,Tonga,1998,East Asia & Pacific,Upper middle income,44.775,73.373,5542.39330688545,28.598000000000006,61.02380984830932,8.620181691307069
TON,Tonga,1999,East Asia & Pacific,Upper middle income,44.652,73.119,5633.44423786367,28.467,61.06757477536618,8.636476299243999
TON,Tonga,2000,East Asia & Pacific,Upper middle income,44.526,72.857,5809.00929738723,28.330999999999996,61.114237478897024,8.667165318505493
TON,Tonga,2014,East Asia & Pacific,Upper middle income,43.21,68.288,6097.65041861635,25.077999999999996,63.27612464854734,8.715658798685574
TON,Tonga,2015,East Asia & Pacific,Upper middle income,43.081,67.821,6195.43302733786,24.739999999999995,63.52162309609118,8.731567691109953
TON,Tonga,2016,East Asia & Pacific,Upper middle income,42.935,67.324,6639.98719699561,24.388999999999996,63.773691402768705,8.800865314305309
TON,Tonga,2017,East Asia & Pacific,Upper middle income,42.774,66.928,6863.54796430087,24.153999999999996,63.910470953860866,8.833979782982423
TON,Tonga,2018,East Asia & Pacific,Upper middle income,42.606,66.562,6885.98490469718,23.955999999999996,64.00949490700401,8.837243451723133
TON,Tonga,2006,East Asia & Pacific,Upper middle income,43.908,71.105,5671.64079163565,27.197000000000003,61.750931720694744,8.643233736099978
TON,Tonga,2007,East Asia & Pacific,Upper middle income,43.814,70.783,5507.35733894364,26.969,61.89904355565602,8.613840175289468
TON,Tonga,2008,East Asia & Pacific,Upper middle income,43.767,70.545,5759.30612501464,26.778,62.041250265787795,8.658572282026338
TON,Tonga,2009,East Asia & Pacific,Upper middle income,43.725,70.286,5454.57394388907,26.561,62.21011296702046,8.604209791438556
TON,Tonga,2010,East Asia & Pacific,Upper middle income,43.634,69.912,5489.45367019062,26.278000000000006,62.412747453942096,8.610584015925285
TON,Tonga,2011,East Asia & Pacific,Upper middle income,43.521,69.46,5848.19312009382,25.938999999999993,62.65620501007775,8.673888024156215
TON,Tonga,2012,East Asia & Pacific,Upper middle income,43.429,69.054,5908.02400699798,25.625,62.89136038462652,8.68406670711593
TON,Tonga,2013,East Asia & Pacific,Upper middle income,43.319,68.688,5952.45690447913,25.369,63.06632890752388,8.691559338432102
TON,Tonga,2022,East Asia & Pacific,Upper middle income,42.617,61.821,6811.48234641523,19.204,68.936122029731,8.826365047470427
TON,Tonga,2019,East Asia & Pacific,Upper middle income,42.647,65.609,6859.71739851786,22.961999999999996,65.00175280830373,8.83342152432004
TON,Tonga,2020,East Asia & Pacific,Upper middle income,42.28,63.93,6981.30436453629,21.65,66.13483497575473,8.850991050008146
TON,Tonga,2021,East Asia & Pacific,Upper middle income,42.596,62.811,6930.06482518663,20.215000000000003,67.81614685325819,8.843624446423982
TON,Tonga,2023,East Asia & Pacific,Upper middle income,42.617,60.34,7031.32021704688,17.723000000000006,70.62810739144845,8.858129764761411
TON,Tonga,2024,East Asia & Pacific,Upper middle income,42.5,59.68,7180.98743332878,17.18,71.21313672922253,8.879192178119757
TTO,Trinidad and Tobago,2006,Latin America & Caribbean,High income,55.396,78.084,33348.7507470886,22.688000000000002,70.9441114696993,10.414775591784256
TTO,Trinidad and Tobago,2009,Latin America & Caribbean,High income,53,77.337,34212.2683057008,24.337000000000003,68.53123343289758,10.440339581114115
TTO,Trinidad and Tobago,2010,Latin America & Caribbean,High income,52.201,75.869,35145.1253639062,23.668,68.80412289604449,10.467241206651764
TTO,Trinidad and Tobago,2007,Latin America & Caribbean,High income,53.906,78.529,34793.6457521105,24.622999999999998,68.64470450406857,10.457190055760217
TTO,Trinidad and Tobago,2008,Latin America & Caribbean,High income,54.572,77.509,35825.3333456362,22.936999999999998,70.4073075384794,10.486410557485915
TTO,Trinidad and Tobago,1990,Latin America & Caribbean,High income,43.394,75.292,11869.5287266317,31.898000000000003,57.634277214046634,9.381729783920141
TTO,Trinidad and Tobago,1991,Latin America & Caribbean,High income,43.682,75.357,12142.348150297,31.674999999999997,57.96674496065396,9.404454468504232
TTO,Trinidad and Tobago,1992,Latin America & Caribbean,High income,44.527,75.15,13267.9770581707,30.623000000000005,59.250831669993346,9.493108670955612
TTO,Trinidad and Tobago,1993,Latin America & Caribbean,High income,44.547,75.254,13088.7073855168,30.707000000000008,59.19552449039253,9.479505105786368
TTO,Trinidad and Tobago,1994,Latin America & Caribbean,High income,45.396,76.576,13472.7464155031,31.179999999999993,59.28228165482658,9.50842413989855
TTO,Trinidad and Tobago,1995,Latin America & Caribbean,High income,46.231,77.706,13912.3133299045,31.475,59.49476230921679,9.540529578056553
TTO,Trinidad and Tobago,1996,Latin America & Caribbean,High income,48.388,77.253,14838.9026529676,28.865000000000002,62.63575524575097,9.605007568769473
TTO,Trinidad and Tobago,1997,Latin America & Caribbean,High income,48.489,77.666,15895.2438763164,29.177,62.43272474441841,9.673775216185138
TTO,Trinidad and Tobago,1998,Latin America & Caribbean,High income,48.599,78.047,17129.0911444686,29.448,62.26888925903622,9.748533533545688
TTO,Trinidad and Tobago,1999,Latin America & Caribbean,High income,48.521,78.248,18440.5741312908,29.727000000000004,62.00925263265514,9.822308631728436
TTO,Trinidad and Tobago,2000,Latin America & Caribbean,High income,48.401,78.253,19637.5545410721,29.851999999999997,61.85194177858996,9.885199059953889
TTO,Trinidad and Tobago,2001,Latin America & Caribbean,High income,48.845,77.77,20366.753132212,28.924999999999997,62.8069949852128,9.92165910192669
TTO,Trinidad and Tobago,2002,Latin America & Caribbean,High income,49.276,77.29,21876.8529070403,28.014000000000003,63.75469012808902,9.99318441196045
TTO,Trinidad and Tobago,2003,Latin America & Caribbean,High income,51.195,77.625,24910.823196152,26.43,65.95169082125604,10.123057654524805
TTO,Trinidad and Tobago,2004,Latin America & Caribbean,High income,53.108,77.968,26757.9075601429,24.860000000000007,68.11512415349887,10.194585318365174
TTO,Trinidad and Tobago,2005,Latin America & Caribbean,High income,55.019,78.31,29536.4394101096,23.291000000000004,70.2579491763504,10.29338001429476
TTO,Trinidad and Tobago,2017,Latin America & Caribbean,High income,51.621,71.932,34095.9899256152,20.311,71.76361007618306,10.43693505886719
TTO,Trinidad and Tobago,2018,Latin America & Caribbean,High income,51.338,71.285,33710.0178540008,19.946999999999996,72.01795609174441,10.425550337863113
TTO,Trinidad and Tobago,2019,Latin America & Caribbean,High income,51.033,70.628,33748.7060849924,19.595,72.25604576088803,10.4266973573433
TTO,Trinidad and Tobago,2020,Latin America & Caribbean,High income,49.325,68.292,30720.8876936042,18.967,72.2266151232941,10.332698083120297
TTO,Trinidad and Tobago,2021,Latin America & Caribbean,High income,48.879,66.708,30482.1201798631,17.829,73.27307069616838,10.324895567088213
TTO,Trinidad and Tobago,2022,Latin America & Caribbean,High income,50.02,66.977,30784.1112580356,16.957,74.68235364378816,10.334753967610267
TTO,Trinidad and Tobago,2023,Latin America & Caribbean,High income,50.031,68.833,31196.603554718,18.802,72.68461348481107,10.348064507446143
TTO,Trinidad and Tobago,2011,Latin America & Caribbean,High income,51.11,74.905,34769.7620251376,23.795,68.23309525398838,10.456503380720147
TTO,Trinidad and Tobago,2012,Latin America & Caribbean,High income,52.886,74.778,36903.6898574094,21.892000000000003,70.72400973548369,10.516066821165094
TTO,Trinidad and Tobago,2013,Latin America & Caribbean,High income,52.957,74.807,37994.0686480473,21.85,70.7915034689267,10.545185338316209
TTO,Trinidad and Tobago,2014,Latin America & Caribbean,High income,53.39,74.839,39248.6570516023,21.448999999999998,71.33980945763572,10.577672507379399
TTO,Trinidad and Tobago,2015,Latin America & Caribbean,High income,51.964,74.584,38963.9641783011,22.620000000000005,69.67177947012763,10.57039250253669
TTO,Trinidad and Tobago,2016,Latin America & Caribbean,High income,51.922,72.589,35914.9901970983,20.667,71.52874402457672,10.488910041561581
TTO,Trinidad and Tobago,2024,Latin America & Caribbean,High income,48.149,68.516,31960.1568888983,20.367000000000004,70.27409656138711,10.372245308782377
TUN,Tunisia,2011,"Middle East, North Africa, Afghanistan & Pakistan",Lower middle income,24.765,71.087,12068.7136257667,46.322,34.83759337150252,9.398371732253418
TUN,Tunisia,2012,"Middle East, North Africa, Afghanistan & Pakistan",Lower middle income,25.576,71.577,12436.3958115735,46.001,35.73214859521914,9.428382598556798
TUN,Tunisia,2013,"Middle East, North Africa, Afghanistan & Pakistan",Lower middle income,25.447,70.815,12587.9950645596,45.367999999999995,35.934477158794046,9.440498866109197
TUN,Tunisia,2015,"Middle East, North Africa, Afghanistan & Pakistan",Lower middle income,26.072,69.7,12802.7917211433,43.628,37.40602582496413,9.45741852934098
TUN,Tunisia,2016,"Middle East, North Africa, Afghanistan & Pakistan",Lower middle income,26.647,69.601,12803.8797371543,42.954,38.285369463082425,9.45750350844601
TUN,Tunisia,2017,"Middle East, North Africa, Afghanistan & Pakistan",Lower middle income,26.477,69.345,12955.4014814241,42.867999999999995,38.18155598817507,9.469268082977159
TUN,Tunisia,2014,"Middle East, North Africa, Afghanistan & Pakistan",Lower middle income,25.733,70.248,12824.0028914441,44.515,36.63164787609611,9.459073919760675
TUN,Tunisia,1990,"Middle East, North Africa, Afghanistan & Pakistan",Lower middle income,22.245,75.045,6742.58426420551,52.8,29.64221467119728,8.816198552407874
TUN,Tunisia,1991,"Middle East, North Africa, Afghanistan & Pakistan",Lower middle income,22.373,75.058,6859.73427153777,52.685,29.807615444056594,8.833423984042236
TUN,Tunisia,1992,"Middle East, North Africa, Afghanistan & Pakistan",Lower middle income,22.764,74.71,7241.29105894738,51.946,30.469816624280554,8.887554792541126
TUN,Tunisia,1993,"Middle East, North Africa, Afghanistan & Pakistan",Lower middle income,22.879,74.722,7253.33614579881,51.84299999999999,30.618827119188463,8.889216800049692
TUN,Tunisia,1994,"Middle East, North Africa, Afghanistan & Pakistan",Lower middle income,23.073,74.638,7350.65600471494,51.565000000000005,30.91320774940379,8.902544840566298
TUN,Tunisia,1995,"Middle East, North Africa, Afghanistan & Pakistan",Lower middle income,23.297,74.5,7406.23900930842,51.203,31.271140939597313,8.910078033341206
TUN,Tunisia,1996,"Middle East, North Africa, Afghanistan & Pakistan",Lower middle income,23.542,74.38,7821.79219107359,50.837999999999994,31.650981446625444,8.964668987725723
TUN,Tunisia,1997,"Middle East, North Africa, Afghanistan & Pakistan",Lower middle income,23.812,74.268,8136.3376111408,50.456,32.06226100070017,9.004095432828722
TUN,Tunisia,1998,"Middle East, North Africa, Afghanistan & Pakistan",Lower middle income,23.758,73.61,8417.98493264685,49.852000000000004,32.27550604537427,9.03812575943189
TUN,Tunisia,1999,"Middle East, North Africa, Afghanistan & Pakistan",Lower middle income,23.716,72.924,8821.98791288257,49.208000000000006,32.52152926334266,9.085002510553151
TUN,Tunisia,2000,"Middle East, North Africa, Afghanistan & Pakistan",Lower middle income,23.684,72.214,9134.41506327005,48.53,32.79696457750575,9.119804434279187
TUN,Tunisia,2001,"Middle East, North Africa, Afghanistan & Pakistan",Lower middle income,23.663,71.493,9380.56317617024,47.83,33.09834529254613,9.146395080301373
TUN,Tunisia,2002,"Middle East, North Africa, Afghanistan & Pakistan",Lower middle income,23.654,70.763,9407.55676671593,47.10900000000001,33.42707347059904,9.1492685566472
TUN,Tunisia,2003,"Middle East, North Africa, Afghanistan & Pakistan",Lower middle income,23.655,70.024,9752.02442335824,46.369,33.78127499143151,9.185230175604058
TUN,Tunisia,2004,"Middle East, North Africa, Afghanistan & Pakistan",Lower middle income,23.669,69.329,10263.8055422408,45.66,34.14011452638867,9.236378960504233
TUN,Tunisia,2005,"Middle East, North Africa, Afghanistan & Pakistan",Lower middle income,23.699,68.709,10529.1598956845,45.010000000000005,34.49184240783595,9.261903819958992
TUN,Tunisia,2006,"Middle East, North Africa, Afghanistan & Pakistan",Lower middle income,24.489,68.766,10983.9221903991,44.277,35.61207573510165,9.304187863518774
TUN,Tunisia,2007,"Middle East, North Africa, Afghanistan & Pakistan",Lower middle income,24.584,69.012,11613.9247511428,44.428,35.62279023937866,9.359960066760221
TUN,Tunisia,2008,"Middle East, North Africa, Afghanistan & Pakistan",Lower middle income,24.815,69.225,11990.1962371716,44.41,35.84687612856627,9.3918446146242065
TUN,Tunisia,2009,"Middle East, North Africa, Afghanistan & Pakistan",Lower middle income,24.773,69.992,12229.7752536693,45.21900000000001,35.394045033718136,9.411628851870445
TUN,Tunisia,2010,"Middle East, North Africa, Afghanistan & Pakistan",Lower middle income,24.792,70.574,12458.2710366551,45.782,35.12908436534701,9.430140021610109
TUN,Tunisia,2021,"Middle East, North Africa, Afghanistan & Pakistan",Lower middle income,26.698,64.632,12444.326402688701,37.934000000000005,41.30771135041466,9.429020087397795
TUN,Tunisia,2018,"Middle East, North Africa, Afghanistan & Pakistan",Lower middle income,27.383,70.729,13163.1952230357,43.346000000000004,38.715378416208345,9.485179973511636
TUN,Tunisia,2019,"Middle East, North Africa, Afghanistan & Pakistan",Lower middle income,28.272,72.024,13243.9024233246,43.752,39.253582139286905,9.49129253102633
TUN,Tunisia,2020,"Middle East, North Africa, Afghanistan & Pakistan",Lower middle income,26.274,65.611,11955.5983698479,39.337,40.045114386307176,9.388954930488296
TUN,Tunisia,2022,"Middle East, North Africa, Afghanistan & Pakistan",Lower middle income,27.519,66.206,12712.22345453,38.687000000000005,41.56571911911306,9.450319286297582
TUN,Tunisia,2023,"Middle East, North Africa, Afghanistan & Pakistan",Lower middle income,26.781,65.717,12650.9615158166,38.936,40.75201241687843,9.445488500422579
TUN,Tunisia,2024,"Middle East, North Africa, Afghanistan & Pakistan",Lower middle income,26.635,65.271,12774.9158568021,38.635999999999996,40.80679015182853,9.45523882849852
TUR,Turkiye,2018,Europe & Central Asia,Upper middle income,34.115,72.533,28780.3036458151,38.418,47.033763941929884,10.267446530969965
TUR,Turkiye,2022,Europe & Central Asia,Upper middle income,35.018,71.322,33520.8111384208,36.304,49.0984548947029,10.419921752943475
TUR,Turkiye,2019,Europe & Central Asia,Upper middle income,34.289,71.834,28741.0535082701,37.545,47.73366372469861,10.266081815477191
TUR,Turkiye,2020,Europe & Central Asia,Upper middle income,30.83,68.054,28976.7179161611,37.224000000000004,45.3022599700238,10.27424795605043
TUR,Turkiye,2021,Europe & Central Asia,Upper middle income,32.774,70.165,32105.5474400506,37.391000000000005,46.70989809734198,10.37678411163395
TUR,Turkiye,1990,Europe & Central Asia,Upper middle income,33.931,79.187,12184.1995945303,45.256,42.84920504628285,9.407895276132408
TUR,Turkiye,1991,Europe & Central Asia,Upper middle income,33.994,79.917,12057.9354364382,45.923,42.53663175544627,9.397478264617883
TUR,Turkiye,1992,Europe & Central Asia,Upper middle income,32.59,79.332,12451.0451197948,46.74199999999999,41.08052236172037,9.429559843734683
TUR,Turkiye,1993,Europe & Central Asia,Upper middle income,26.651,77.621,13174.467116412001,50.97,34.334780536195105,9.486035926019435
TUR,Turkiye,1994,Europe & Central Asia,Upper middle income,31.144,78.145,12343.0041848988,47.001,39.85411734595943,9.420844718794248
TUR,Turkiye,1995,Europe & Central Asia,Upper middle income,30.799,77.472,13099.2575267612,46.672999999999995,39.755008261049156,9.480310830236547
TUR,Turkiye,1996,Europe & Central Asia,Upper middle income,30.459,77.064,13826.9201097072,46.60499999999999,39.52429149797571,9.534372703524758
TUR,Turkiye,1997,Europe & Central Asia,Upper middle income,28.717,76.479,14631.2958814739,47.762,37.54886962434132,9.590918067088992
TUR,Turkiye,1998,Europe & Central Asia,Upper middle income,29.177,76.534,14704.3385744207,47.357000000000006,38.12292575848642,9.59589787033831
TUR,Turkiye,1999,Europe & Central Asia,Upper middle income,29.922,75.618,14066.1896257233,45.696,39.56994366420694,9.551529297917666
TUR,Turkiye,2000,Europe & Central Asia,Upper middle income,26.509,73.553,14856.914625257,47.044,36.04067815044934,9.606220667188655
TUR,Turkiye,2001,Europe & Central Asia,Upper middle income,27.088,72.738,13872.1287284566,45.65,37.24050702521378,9.537636978710298
TUR,Turkiye,2002,Europe & Central Asia,Upper middle income,27.864,71.483,14587.894621656,43.619,38.979897318243495,9.587947328270454
TUR,Turkiye,2003,Europe & Central Asia,Upper middle income,26.545,70.329,15255.7177960689,43.78399999999999,37.74403162280141,9.632709649211218
TUR,Turkiye,2004,Europe & Central Asia,Upper middle income,23.139,69.716,16583.8837094062,46.577,33.19037236789259,9.71618664187481
TUR,Turkiye,2005,Europe & Central Asia,Upper middle income,23.114,70.009,17902.5966004487,46.894999999999996,33.01575511719922,9.792701042786028
TUR,Turkiye,2006,Europe & Central Asia,Upper middle income,23.426,69.39,18972.0089563632,45.964,33.75990776768987,9.8507199590806
TUR,Turkiye,2007,Europe & Central Asia,Upper middle income,23.449,69.297,19909.083519675,45.848,33.83840570298859,9.898931364842321
TUR,Turkiye,2008,Europe & Central Asia,Upper middle income,24.331,69.71,19839.5845462269,45.37899999999999,34.90317027686128,9.895434440409277
TUR,Turkiye,2009,Europe & Central Asia,Upper middle income,25.868,70.115,18612.1925231905,44.247,36.89367467731584,9.831572156946635
TUR,Turkiye,2010,Europe & Central Asia,Upper middle income,27.445,70.342,19897.4464836887,42.897,39.01651929146171,9.898346685076623
TUR,Turkiye,2011,Europe & Central Asia,Upper middle income,28.639,71.258,21760.4291923634,42.619,40.190575093322856,9.987848424689124
TUR,Turkiye,2012,Europe & Central Asia,Upper middle income,29.361,70.735,22517.7148287875,41.373999999999995,41.50844702056973,10.022057604138089
TUR,Turkiye,2013,Europe & Central Asia,Upper middle income,30.644,71.225,24117.3121099839,40.580999999999996,43.02421902421902,10.090685206405215
TUR,Turkiye,2014,Europe & Central Asia,Upper middle income,30.171,71.051,24888.8521742576,40.88,42.463863985024844,10.122175278358434
TUR,Turkiye,2015,Europe & Central Asia,Upper middle income,31.416,71.384,25984.8027306177,39.968,44.00986215398409,10.165267135749986
TUR,Turkiye,2016,Europe & Central Asia,Upper middle income,32.38,71.827,26489.6436816046,39.446999999999996,45.080540743731476,10.184509131122596
TUR,Turkiye,2017,Europe & Central Asia,Upper middle income,33.533,72.346,28194.688309381,38.813,46.350869433002515,10.246888881361274
TUR,Turkiye,2023,Europe & Central Asia,Upper middle income,35.764,71.106,35069.1701714685,35.34199999999999,50.296740078193125,10.465077680791783
TUR,Turkiye,2024,Europe & Central Asia,Upper middle income,36.786,71.873,36154.490436557,35.087,51.18194593240856,10.495556436651539
TKM,Turkmenistan,2023,Europe & Central Asia,Upper middle income,38.228,46.055,17685.8585929282,7.826999999999998,83.0051025947237,9.78052064967955
TKM,Turkmenistan,1999,Europe & Central Asia,Upper middle income,50.428,57.473,4898.42375360035,7.045000000000002,87.74207018948027,8.49666874940896
TKM,Turkmenistan,2000,Europe & Central Asia,Upper middle income,49.859,57.04,5064.28782418685,7.180999999999997,87.41058906030857,8.529968799528511
TKM,Turkmenistan,2024,Europe & Central Asia,Upper middle income,38.35,46.28,18470.7438450744,7.93,82.86516853932584,9.823943345532014
TKM,Turkmenistan,1998,Europe & Central Asia,Upper middle income,52.863,59.297,4282.50714571282,6.4339999999999975,89.14953538964873,8.362293898781312
TKM,Turkmenistan,1990,Europe & Central Asia,Upper middle income,43.633,52.015,7850.71328943211,8.381999999999998,83.8854176679804,8.9683596715443
TKM,Turkmenistan,1991,Europe & Central Asia,Upper middle income,44.494,52.754,7304.00728889148,8.259999999999998,84.34241953216818,8.89617842020578
TKM,Turkmenistan,1992,Europe & Central Asia,Upper middle income,47.001,54.814,6071.08330709863,7.813000000000002,85.74634217535666,8.711292337174093
TKM,Turkmenistan,1993,Europe & Central Asia,Upper middle income,47.104,54.896,6028.1027314614,7.792000000000002,85.80588749635675,8.704187601980298
TKM,Turkmenistan,1994,Europe & Central Asia,Upper middle income,50.495,57.529,4883.21714193014,7.034000000000006,87.77312312051312,8.49355953203263
TKM,Turkmenistan,1995,Europe & Central Asia,Upper middle income,52.153,58.774,4451.02809349502,6.621000000000002,88.73481471398918,8.400890380722519
TKM,Turkmenistan,1996,Europe & Central Asia,Upper middle income,51.284,58.124,4668.36342670059,6.840000000000003,88.23205560525771,8.448563845281779
TKM,Turkmenistan,1997,Europe & Central Asia,Upper middle income,53.856,60.03,4066.63089252014,6.1739999999999995,89.71514242878561,8.310570145093267
TKM,Turkmenistan,2011,Europe & Central Asia,Upper middle income,41.364,49.947,9837.56345513458,8.583000000000006,82.81578473181571,9.193963343036197
TKM,Turkmenistan,2012,Europe & Central Asia,Upper middle income,40.686,49.277,10689.3537347285,8.591000000000001,82.56590295675467,9.277003547067986
TKM,Turkmenistan,2013,Europe & Central Asia,Upper middle income,40.151,48.72,11516.3741234527,8.568999999999996,82.4117405582923,9.351525138478829
TKM,Turkmenistan,2001,Europe & Central Asia,Upper middle income,49.482,56.752,5179.46446676106,7.270000000000003,87.18987877079222,8.552456945113791
TKM,Turkmenistan,2002,Europe & Central Asia,Upper middle income,49.775,56.977,5090.38095183744,7.201999999999998,87.35981185390597,8.535107949934023
TKM,Turkmenistan,2003,Europe & Central Asia,Upper middle income,49.565,56.816,5154.7509814614,7.251000000000005,87.23774992959729,8.547674089069224
TKM,Turkmenistan,2004,Europe & Central Asia,Upper middle income,49.076,56.441,5309.64539382487,7.365000000000002,86.95097535479526,8.577280331182104
TKM,Turkmenistan,2005,Europe & Central Asia,Upper middle income,47.445,55.165,5889.84657742616,7.719999999999999,86.005619505121,8.680985228331194
TKM,Turkmenistan,2006,Europe & Central Asia,Upper middle income,46.201,54.167,6415.71290854977,7.966000000000001,85.29362896228331,8.766505402371546
TKM,Turkmenistan,2007,Europe & Central Asia,Upper middle income,45.04,53.212,6993.52911567076,8.172000000000004,84.64256182815906,8.852740588458103
TKM,Turkmenistan,2008,Europe & Central Asia,Upper middle income,43.601,51.986,7870.0271753063,8.384999999999998,83.87065748470742,8.97081679443043
TKM,Turkmenistan,2009,Europe & Central Asia,Upper middle income,43.16,51.6,8186.87833253045,8.440000000000005,83.64341085271317,9.010287948209523
TKM,Turkmenistan,2010,Europe & Central Asia,Upper middle income,42.451,50.964,8758.89686680508,8.512999999999998,83.29605211521859,9.077825247553877
TKM,Turkmenistan,2015,Europe & Central Asia,Upper middle income,39.461,47.944,12926.6637306966,8.483000000000004,82.3064408476556,9.467047413003439
TKM,Turkmenistan,2016,Europe & Central Asia,Upper middle income,39.273,47.715,13420.3849717471,8.442,82.30745048726816,9.504530096533532
TKM,Turkmenistan,2017,Europe & Central Asia,Upper middle income,39.089,47.48,13963.4045877295,8.390999999999998,82.32729570345408,9.544195228224584
TKM,Turkmenistan,2014,Europe & Central Asia,Upper middle income,39.682,48.201,12423.9246417745,8.518999999999998,82.32609281965105,9.427379299273625
TKM,Turkmenistan,2019,Europe & Central Asia,Upper middle income,38.788,47.061,15080.9034007693,8.273000000000003,82.42068804317799,9.6211845469804
TKM,Turkmenistan,2020,Europe & Central Asia,Upper middle income,37.61,45.817,15630.9145192529,8.207,82.0874347949451,9.657005932212671
TKM,Turkmenistan,2021,Europe & Central Asia,Upper middle income,37.839,45.89,16259.8700051884,8.051000000000002,82.45587273915885,9.696455388308982
TKM,Turkmenistan,2018,Europe & Central Asia,Upper middle income,38.933,47.269,14499.1684377606,8.335999999999999,82.36476337557384,9.581846577644184
TKM,Turkmenistan,2022,Europe & Central Asia,Upper middle income,38.385,46.333,16943.6046037141,7.948,82.84591975481838,9.737645732094059
UGA,Uganda,1999,Sub-Saharan Africa,Low income,71.247,77.479,1487.75796178874,6.231999999999999,91.95653015655854,7.305025542074238
UGA,Uganda,2000,Sub-Saharan Africa,Low income,71.247,77.552,1487.00498853512,6.305000000000007,91.86997111615432,7.304519301219235
UGA,Uganda,2001,Sub-Saharan Africa,Low income,71.229,77.576,1516.96423755695,6.346999999999994,91.81834588016913,7.324466404619068
UGA,Uganda,2002,Sub-Saharan Africa,Low income,71.189,77.489,1598.5828380849,6.300000000000011,91.86981378002037,7.376872789543713
UGA,Uganda,2003,Sub-Saharan Africa,Low income,71.137,77.379,1649.1482601448,6.242000000000004,91.93321185334523,7.408014227641606
UGA,Uganda,1990,Sub-Saharan Africa,Low income,70.783,75.986,1080.03830980398,5.203000000000003,93.15268602110915,6.984751791529869
UGA,Uganda,1991,Sub-Saharan Africa,Low income,70.804,76.055,1103.22897278835,5.251000000000005,93.09578594438234,7.005996588632743
UGA,Uganda,1992,Sub-Saharan Africa,Low income,70.845,76.15,1102.72992145701,5.305000000000007,93.03348653972422,7.005544131117641
UGA,Uganda,1993,Sub-Saharan Africa,Low income,70.906,76.22,1153.99369070318,5.313999999999993,93.02807662030965,7.050983979724832
UGA,Uganda,1994,Sub-Saharan Africa,Low income,70.98,76.378,1187.36780541734,5.397999999999996,92.93251983555476,7.079494207958251
UGA,Uganda,1995,Sub-Saharan Africa,Low income,71.069,76.705,1288.50886674348,5.635999999999996,92.6523694674402,7.161240911514983
UGA,Uganda,1996,Sub-Saharan Africa,Low income,71.147,77.028,1367.94573764936,5.881,92.36511398452511,7.221065431934806
UGA,Uganda,1997,Sub-Saharan Africa,Low income,71.202,77.276,1396.63106915218,6.073999999999998,92.13986231171386,7.2418182364427235
UGA,Uganda,1998,Sub-Saharan Africa,Low income,71.236,77.459,1422.20789184705,6.222999999999999,91.96607237377194,7.259965796475682
UGA,Uganda,2012,Sub-Saharan Africa,Low income,65.505,74.565,2405.09455932767,9.060000000000002,87.84952725809696,7.7853444995747
UGA,Uganda,2013,Sub-Saharan Africa,Low income,81.909,87.274,2420.88808087266,5.364999999999995,93.85269381488187,7.791889727398883
UGA,Uganda,2014,Sub-Saharan Africa,Low income,75.641,78.849,2470.50380909598,3.2079999999999984,95.93146393739933,7.812177380116625
UGA,Uganda,2015,Sub-Saharan Africa,Low income,73.722,77.539,2520.0201028843,3.8170000000000073,95.07731593133776,7.83202215780869
UGA,Uganda,2016,Sub-Saharan Africa,Low income,71.587,76.072,2554.22769062073,4.484999999999999,94.1042696392891,7.845505183214237
UGA,Uganda,2004,Sub-Saharan Africa,Low income,71.085,77.3,1709.36159216857,6.215000000000003,91.95989650711513,7.44387524187564
UGA,Uganda,2005,Sub-Saharan Africa,Low income,71.027,77.215,1765.03788457066,6.188000000000002,91.98601308036002,7.475927433483024
UGA,Uganda,2006,Sub-Saharan Africa,Low income,70.964,77.05,1898.97915280479,6.0859999999999985,92.10123296560675,7.5490717327661345
UGA,Uganda,2007,Sub-Saharan Africa,Low income,70.902,76.874,1999.0624896434,5.971999999999994,92.23144366105575,7.600433594463729
UGA,Uganda,2008,Sub-Saharan Africa,Low income,70.836,76.647,2110.10049271503,5.811000000000007,92.41848996046811,7.65449085221515
UGA,Uganda,2009,Sub-Saharan Africa,Low income,70.765,76.404,2188.29916246327,5.638999999999996,92.61949636144705,7.6908798829262786
UGA,Uganda,2010,Sub-Saharan Africa,Low income,70.697,76.149,2244.60595194584,5.451999999999998,92.84035246687415,7.716285262251918
UGA,Uganda,2011,Sub-Saharan Africa,Low income,77.925,82.506,2384.4653273154,4.581000000000003,94.44767653261582,7.776730196770911
UGA,Uganda,2020,Sub-Saharan Africa,Low income,73.976,82.221,2678.00907202293,8.245000000000005,89.97214823463592,7.892828913856631
UGA,Uganda,2017,Sub-Saharan Africa,Low income,69.217,74.42,2543.84754394956,5.203000000000003,93.00859983875301,7.841432994971494
UGA,Uganda,2018,Sub-Saharan Africa,Low income,71.687,78.044,2613.87976413963,6.356999999999999,91.8545948439342,7.868590896240138
UGA,Uganda,2019,Sub-Saharan Africa,Low income,73.85,80.787,2689.41009144919,6.937000000000012,91.41322242439995,7.897077151687776
UGA,Uganda,2024,Sub-Saharan Africa,Low income,75.556,84.573,2879.67009290376,9.016999999999996,89.33820486443665,7.965431015493433
UGA,Uganda,2021,Sub-Saharan Africa,Low income,74.672,84.131,2684.92035939744,9.459000000000003,88.75681972162461,7.895406345198568
UGA,Uganda,2022,Sub-Saharan Africa,Low income,75.364,84.899,2724.90609568409,9.534999999999997,88.76900787995147,7.910189246204158
UGA,Uganda,2023,Sub-Saharan Africa,Low income,75.445,84.746,2791.05576885861,9.301000000000002,89.02485073041795,7.934175215013012
UKR,Ukraine,2004,Europe & Central Asia,Upper middle income,52.697,60.529,15021.06640625,7.832000000000001,87.06074774075236,9.617208921882364
UKR,Ukraine,2005,Europe & Central Asia,Upper middle income,52.646,60.081,15610.5732421875,7.435000000000002,87.62503952996788,9.655703735589057
UKR,Ukraine,2006,Europe & Central Asia,Upper middle income,52.595,59.631,16901.5078125,7.036000000000001,88.20076805688316,9.735158116605882
UKR,Ukraine,2007,Europe & Central Asia,Upper middle income,52.697,60.45,18374.013671875,7.753,87.17452440033085,9.818692644919249
UKR,Ukraine,2008,Europe & Central Asia,Upper middle income,52.403,60.817,18883.986328125,8.414000000000001,86.16505253465314,9.846069557673381
UKR,Ukraine,1990,Europe & Central Asia,Upper middle income,53.567,66.766,22815.798828125,13.199000000000005,80.23095587574514,10.035208506034767
UKR,Ukraine,1991,Europe & Central Asia,Upper middle income,53.496,66.325,20784.16015625,12.829,80.65736901620807,9.9419464446279
UKR,Ukraine,1992,Europe & Central Asia,Upper middle income,53.425,65.881,18671.873046875,12.456000000000003,81.09318316358282,9.83477355538556
UKR,Ukraine,1993,Europe & Central Asia,Upper middle income,53.357,65.439,16012.3720703125,12.081999999999994,81.53700392732163,9.681116956809296
UKR,Ukraine,1994,Europe & Central Asia,Upper middle income,53.292,64.998,12410.525390625,11.706000000000003,81.99021508354103,9.426300213372208
UKR,Ukraine,1995,Europe & Central Asia,Upper middle income,53.229,64.556,10983.0087890625,11.326999999999998,82.453993432059,9.304104702030445
UKR,Ukraine,1996,Europe & Central Asia,Upper middle income,53.167,64.114,9969.5009765625,10.947000000000003,82.92572605047259,9.207285809201961
UKR,Ukraine,1997,Europe & Central Asia,Upper middle income,53.105,63.669,9754.0498046875,10.564,83.40793792897642,9.185437842335238
UKR,Ukraine,1998,Europe & Central Asia,Upper middle income,53.041,63.22,9646.0546875,10.179000000000002,83.89908256880733,9.174304270061322
UKR,Ukraine,1999,Europe & Central Asia,Upper middle income,52.979,62.772,9704.4453125,9.793,84.3990951379596,9.180339339152606
UKR,Ukraine,2000,Europe & Central Asia,Upper middle income,52.921,62.325,10364.0625,9.404000000000003,84.91135178499799,9.246099572153975
UKR,Ukraine,2001,Europe & Central Asia,Upper middle income,52.864,61.879,11379.3857421875,9.015,85.43124484881785,9.339558729262837
UKR,Ukraine,2002,Europe & Central Asia,Upper middle income,52.808,61.43,12092.7890625,8.622,85.96451245319876,9.400364608690948
UKR,Ukraine,2003,Europe & Central Asia,Upper middle income,52.752,60.98,13342.8798828125,8.227999999999994,86.50705149229256,9.498738179439478
UKR,Ukraine,2016,Europe & Central Asia,Upper middle income,50.072,63.696,15856.8125,13.623999999999995,78.6109017834715,9.671354497688808
UKR,Ukraine,2017,Europe & Central Asia,Upper middle income,49.785,64.05,16310.3603515625,14.265,77.72833723653395,9.699555789274273
UKR,Ukraine,2018,Europe & Central Asia,Upper middle income,49.498,64.402,16978.984375,14.904000000000003,76.8578615570945,9.739731645061157
UKR,Ukraine,2019,Europe & Central Asia,Upper middle income,49.214,64.754,17636.5546875,15.540000000000006,76.00148253389752,9.777728997984813
UKR,Ukraine,2020,Europe & Central Asia,Upper middle income,48.1,63.384,17092.5390625,15.283999999999999,75.88665909377761,9.746397335144414
UKR,Ukraine,2021,Europe & Central Asia,Upper middle income,47.738,62.831,17846.408203125,15.093000000000004,75.97841829670067,9.789557545846655
UKR,Ukraine,2009,Europe & Central Asia,Upper middle income,52.109,61.182,16092.7958984375,9.073,85.17047497630021,9.6861269911082
UKR,Ukraine,2010,Europe & Central Asia,Upper middle income,51.816,61.545,16811.794921875,9.729,84.19205459419938,9.729835997732442
UKR,Ukraine,2011,Europe & Central Asia,Upper middle income,51.523,61.907,17783.95703125,10.383999999999993,83.22645258209896,9.786052039494578
UKR,Ukraine,2012,Europe & Central Asia,Upper middle income,51.23,62.266,17848.740234375,11.036000000000001,82.27604149937365,9.789688209612203
UKR,Ukraine,2013,Europe & Central Asia,Upper middle income,50.937,62.624,17889.091796875,11.687000000000005,81.33782575370464,9.791946409248506
UKR,Ukraine,2014,Europe & Central Asia,Upper middle income,50.648,62.983,16978.8125,12.334999999999994,80.41535017385645,9.739721522201853
UKR,Ukraine,2015,Europe & Central Asia,Upper middle income,50.36,63.341,15403.7099609375,12.981000000000002,79.50616504317898,9.64236366594278
ARE,United Arab Emirates,2010,"Middle East, North Africa, Afghanistan & Pakistan",High income,42.861,91.191,70913.7569272495,48.330000000000005,47.00134881731749,11.169219726522678
ARE,United Arab Emirates,2009,"Middle East, North Africa, Afghanistan & Pakistan",High income,41.791,91.027,71488.9696792101,49.236000000000004,45.91055401144715,11.177298446560387
ARE,United Arab Emirates,2014,"Middle East, North Africa, Afghanistan & Pakistan",High income,47.13,92.047,74145.1175448951,44.916999999999994,51.20210327332776,11.213779499746035
ARE,United Arab Emirates,2011,"Middle East, North Africa, Afghanistan & Pakistan",High income,43.94,91.597,73190.4056300014,47.657,47.971003417142484,11.2008196207305
ARE,United Arab Emirates,2012,"Middle East, North Africa, Afghanistan & Pakistan",High income,44.993,91.824,73644.0549928884,46.830999999999996,48.99917232967416,11.206998698916381
ARE,United Arab Emirates,2013,"Middle East, North Africa, Afghanistan & Pakistan",High income,46.063,91.959,74237.2038000319,45.896,50.09080133537772,11.215020702419297
ARE,United Arab Emirates,1990,"Middle East, North Africa, Afghanistan & Pakistan",High income,29.32,89.796,111376.984373425,60.476000000000006,32.65178849837409,11.620675981659732
ARE,United Arab Emirates,1991,"Middle East, North Africa, Afghanistan & Pakistan",High income,30.07,89.96,106266.157625225,59.88999999999999,33.42596709648733,11.573702146991748
ARE,United Arab Emirates,1992,"Middle East, North Africa, Afghanistan & Pakistan",High income,30.507,90.272,104207.059133554,59.765,33.79453208082241,11.554135152010144
ARE,United Arab Emirates,1993,"Middle East, North Africa, Afghanistan & Pakistan",High income,31.168,90.831,100422.832470477,59.663000000000004,34.31427596305226,11.517144875429477
ARE,United Arab Emirates,1994,"Middle East, North Africa, Afghanistan & Pakistan",High income,31.196,91.354,102456.239942581,60.158,34.14847735184009,11.537191059011702
ARE,United Arab Emirates,1995,"Middle East, North Africa, Afghanistan & Pakistan",High income,31.25,91.915,104527.848240577,60.665000000000006,33.998803242125874,11.557208805225208
ARE,United Arab Emirates,1996,"Middle East, North Africa, Afghanistan & Pakistan",High income,31.845,91.731,103653.542710104,59.885999999999996,34.71563593550708,11.548809296827372
ARE,United Arab Emirates,1997,"Middle East, North Africa, Afghanistan & Pakistan",High income,32.317,90.887,103392.379457138,58.57,35.55734043372539,11.546286538699682
ARE,United Arab Emirates,1998,"Middle East, North Africa, Afghanistan & Pakistan",High income,32.822,90.251,96088.6587271972,57.429,36.367464072420255,11.473026572668296
ARE,United Arab Emirates,1999,"Middle East, North Africa, Afghanistan & Pakistan",High income,33.365,89.842,92047.6104655985,56.477,37.1374190245097,11.430061227232466
ARE,United Arab Emirates,2000,"Middle East, North Africa, Afghanistan & Pakistan",High income,33.936,89.624,95390.8328858321,55.687999999999995,37.86485762742123,11.46573776147583
ARE,United Arab Emirates,2001,"Middle East, North Africa, Afghanistan & Pakistan",High income,34.533,89.67,90750.3257926454,55.137,38.511207761793244,11.415867342122255
ARE,United Arab Emirates,2002,"Middle East, North Africa, Afghanistan & Pakistan",High income,35.173,89.937,87479.1545350862,54.763999999999996,39.10848705204755,11.379155810078776
ARE,United Arab Emirates,2003,"Middle East, North Africa, Afghanistan & Pakistan",High income,35.834,90.371,89828.493399274,54.53699999999999,39.65210078454372,11.405657502394684
ARE,United Arab Emirates,2004,"Middle East, North Africa, Afghanistan & Pakistan",High income,36.496,90.939,93166.1568863784,54.44299999999999,40.13239644157073,11.442139811191653
ARE,United Arab Emirates,2005,"Middle East, North Africa, Afghanistan & Pakistan",High income,37.187,91.57,92750.9226341994,54.382999999999996,40.61046194168396,11.437672927958744
ARE,United Arab Emirates,2006,"Middle East, North Africa, Afghanistan & Pakistan",High income,38.323,91.967,94872.5121329578,53.644,41.67038176737308,11.460289291776594
ARE,United Arab Emirates,2007,"Middle East, North Africa, Afghanistan & Pakistan",High income,39.524,91.984,87180.6001633546,52.459999999999994,42.96834232040355,11.375737109954907
ARE,United Arab Emirates,2008,"Middle East, North Africa, Afghanistan & Pakistan",High income,40.709,91.604,80285.1613062103,50.894999999999996,44.440199117942456,11.293340092151727
ARE,United Arab Emirates,2023,"Middle East, North Africa, Afghanistan & Pakistan",High income,52.347,91.409,70239.8328337228,39.062000000000005,57.26678992221772,11.159670848376251
ARE,United Arab Emirates,2024,"Middle East, North Africa, Afghanistan & Pakistan",High income,52.519,91.578,69701.785835525,39.059000000000005,57.348926598091246,11.151981218163927
ARE,United Arab Emirates,2016,"Middle East, North Africa, Afghanistan & Pakistan",High income,49.228,92.393,75671.036861385,43.165,53.28109272347472,11.234150762004958
ARE,United Arab Emirates,2017,"Middle East, North Africa, Afghanistan & Pakistan",High income,50.926,92.135,72529.0423512365,41.209,55.273240353828626,11.19174234478534
ARE,United Arab Emirates,2018,"Middle East, North Africa, Afghanistan & Pakistan",High income,51.312,92.545,72671.0787288764,41.233000000000004,55.44545896590848,11.193698767712375
ARE,United Arab Emirates,2015,"Middle East, North Africa, Afghanistan & Pakistan",High income,48.183,92.121,75238.5571858454,43.937999999999995,52.3040349106067,11.228419107072748
ARE,United Arab Emirates,2020,"Middle East, North Africa, Afghanistan & Pakistan",High income,58.18,88.88,66808.6209256028,30.699999999999996,65.45904590459047,11.109587406970254
ARE,United Arab Emirates,2021,"Middle East, North Africa, Afghanistan & Pakistan",High income,50.452,90.216,68580.1312912676,39.763999999999996,55.92356123082381,11.135758140440094
ARE,United Arab Emirates,2022,"Middle East, North Africa, Afghanistan & Pakistan",High income,53.057,89.288,70075.63837395,36.230999999999995,59.42231878863902,11.157330485858779
ARE,United Arab Emirates,2019,"Middle East, North Africa, Afghanistan & Pakistan",High income,54.381,91.67,72822.9466438922,37.289,59.32257008836043,11.195786385671695
GBR,United Kingdom,2017,Europe & Central Asia,High income,57.273,67.835,52429.1275538988,10.56199999999999,84.42986658804453,10.86721758522021
GBR,United Kingdom,2018,Europe & Central Asia,High income,57.525,67.99,52983.039541197,10.464999999999996,84.60803059273422,10.877727132663901
GBR,United Kingdom,2019,Europe & Central Asia,High income,58.037,67.457,53374.0927628482,9.419999999999995,86.03554857168271,10.885080752969104
GBR,United Kingdom,2015,Europe & Central Asia,High income,56.722,68.103,50462.8329992477,11.380999999999993,83.28854822841872,10.828992364084138
GBR,United Kingdom,2016,Europe & Central Asia,High income,57.074,68.043,51168.2925796814,10.969000000000008,83.8793116117749,10.842875333637998
GBR,United Kingdom,1990,Europe & Central Asia,High income,52.005,73.812,33530.9578151546,21.806999999999995,70.45602341082751,10.420224404968012
GBR,United Kingdom,1991,Europe & Central Asia,High income,51.844,73.157,32995.3948749055,21.312999999999995,70.86676599641866,10.404123281465427
GBR,United Kingdom,1992,Europe & Central Asia,High income,51.828,72.225,33332.3326389023,20.39699999999999,71.75908618899274,10.414283155018554
GBR,United Kingdom,1993,Europe & Central Asia,High income,51.896,71.048,34413.1904916462,19.152,73.04357617385429,10.446195214390023
GBR,United Kingdom,1994,Europe & Central Asia,High income,51.904,70.619,36025.9830963677,18.714999999999996,73.4986335122276,10.491995709776923
GBR,United Kingdom,1995,Europe & Central Asia,High income,51.86,70.242,37200.3789969484,18.382000000000005,73.83047179750007,10.52407422829935
GBR,United Kingdom,1996,Europe & Central Asia,High income,52.276,69.928,38076.0624470563,17.651999999999994,74.756892804027,10.547341081433311
GBR,United Kingdom,1997,Europe & Central Asia,High income,52.676,69.823,39831.4492555823,17.14699999999999,75.4421895363992,10.59241206154392
GBR,United Kingdom,1998,Europe & Central Asia,High income,52.717,69.564,41004.8386335287,16.846999999999994,75.7820136852395,10.621445354175089
GBR,United Kingdom,1999,Europe & Central Asia,High income,53.261,69.642,42071.7055369651,16.380999999999993,76.4782746044054,10.647130716218378
GBR,United Kingdom,2000,Europe & Central Asia,High income,53.66,69.706,43818.3463079443,16.046000000000006,76.98046079247123,10.687807874143063
GBR,United Kingdom,2001,Europe & Central Asia,High income,53.533,69.05,44693.6612621755,15.516999999999996,77.52787834902244,10.707586964330895
GBR,United Kingdom,2002,Europe & Central Asia,High income,54.146,68.964,45265.4565169944,14.817999999999998,78.5134272954005,10.720299471288804
GBR,United Kingdom,2003,Europe & Central Asia,High income,54.111,69.228,46505.2798806788,15.116999999999997,78.16345987172821,10.747321130950658
GBR,United Kingdom,2004,Europe & Central Asia,High income,54.534,68.863,47317.027070979,14.329,79.19201893614859,10.764625490061604
GBR,United Kingdom,2005,Europe & Central Asia,High income,54.864,69.01,48304.6753205932,14.146000000000008,79.50152151862048,10.785283632483894
GBR,United Kingdom,2006,Europe & Central Asia,High income,55.378,69.339,49000.9535382241,13.960999999999999,79.86558790868055,10.799595036867178
GBR,United Kingdom,2007,Europe & Central Asia,High income,55.146,69.249,50045.9163092519,14.102999999999994,79.63436295108956,10.820696189191802
GBR,United Kingdom,2008,Europe & Central Asia,High income,55.449,69.411,49629.0498697349,13.962000000000003,79.88503263171542,10.812331624125312
GBR,United Kingdom,2009,Europe & Central Asia,High income,55.604,68.836,46995.5449961945,13.232,80.77750014527282,10.757808088884584
GBR,United Kingdom,2010,Europe & Central Asia,High income,55.529,68.502,47682.6525150443,12.972999999999992,81.06186680680857,10.772322931799323
GBR,United Kingdom,2011,Europe & Central Asia,High income,55.67,68.289,47714.2894262827,12.619,81.52118203517405,10.772986200699865
GBR,United Kingdom,2012,Europe & Central Asia,High income,55.929,68.441,48099.6594401942,12.512,81.71856051197382,10.781030375823345
GBR,United Kingdom,2013,Europe & Central Asia,High income,56.256,68.123,48600.5100807266,11.867000000000004,82.58003904701788,10.79138930532171
GBR,United Kingdom,2014,Europe & Central Asia,High income,56.521,68.084,49763.17387988,11.563000000000002,83.01656776922624,10.81503050913861
GBR,United Kingdom,2023,Europe & Central Asia,High income,57.38,66.46,53423.4226338292,9.079999999999991,86.33764670478485,10.886004554881648
GBR,United Kingdom,2020,Europe & Central Asia,High income,58.277,67.093,47930.5490378931,8.8160000000000025,86.86003010746278,10.777508347082708
GBR,United Kingdom,2021,Europe & Central Asia,High income,58.02,66.127,51840.4424245515,8.106999999999992,87.7402573835196,10.855925865413957
GBR,United Kingdom,2022,Europe & Central Asia,High income,57.703,66.317,53979.7679116234,8.61399999999999,87.01087202376466,10.896364587037436
GBR,United Kingdom,2024,Europe & Central Asia,High income,57.489,65.819,53412.0647163589,8.330000000000005,87.34407997690636,10.885791930447674
USA,United States,2020,North America,High income,55.704,67.396,67406.8311325507,11.692,82.65178942370467,11.118501643879615
USA,United States,2022,North America,High income,56.029,67.55,72828.7430907189,11.520999999999994,82.94448556624722,11.195865978937524
USA,United States,2023,North America,High income,56.602,67.553,74351.6718197429,10.951,83.7890249137714,11.216561437442397
USA,United States,2024,North America,High income,56.561,67.353,75698.1773354629,10.791999999999994,83.97695722536488,11.234509361664905
USA,United States,2021,North America,High income,55.632,67.359,71441.231980595,11.726999999999997,82.59029973722888,11.176630460370824
USA,United States,1990,North America,High income,55.998,75.145,44384.2101912606,19.147,74.5199281389314,10.70063905884732
USA,United States,1991,North America,High income,55.877,74.641,43747.6307351749,18.764000000000003,74.86100132634878,10.686192735694773
USA,United States,1992,North America,High income,56.299,74.693,44664.873585596,18.394,75.37386368200501,10.706942645853102
USA,United States,1993,North America,High income,56.403,74.32,45292.7380683092,17.916999999999994,75.89208826695372,10.720901991077655
USA,United States,1994,North America,High income,57.345,74.006,46543.3199204553,16.661,77.48696051671486,10.748138769087655
USA,United States,1995,North America,High income,57.576,74.008,47227.0083257008,16.431999999999995,77.79699491946818,10.762721218214034
USA,United States,1996,North America,High income,57.856,74.042,48441.9061125568,16.186,78.13943437508442,10.788120546863045
USA,United States,1997,North America,High income,58.4,74.087,49990.6740739125,15.687000000000005,78.82624482027886,10.81959174849179
USA,United States,1998,North America,High income,58.386,73.927,51626.4838297863,15.541000000000004,78.97791064157886,10.851790072315872
USA,United States,1999,North America,High income,58.551,73.827,53480.8969962416,15.275999999999996,79.30838311186965,10.887079803630225
USA,United States,2000,North America,High income,58.682,73.85,55045.6745311559,15.167999999999992,79.46106973595126,10.91591856560611
USA,United States,2001,North America,High income,58.521,73.42,55024.3542766281,14.899000000000001,79.7071642604195,10.915531171234994
USA,United States,2002,North America,High income,58.351,73.024,55443.2199435683,14.673000000000002,79.9066060473269,10.923114711967413
USA,United States,2003,North America,High income,58.224,72.403,56505.4468784112,14.17900000000001,80.41655732497271,10.942092317415508
USA,United States,2004,North America,High income,57.944,72.237,58139.0820195229,14.292999999999992,80.21374088071211,10.970593384850325
USA,United States,2005,North America,High income,58.04,72.226,59612.3907215559,14.186,80.35887353584582,10.995618729458327
USA,United States,2006,North America,High income,58.161,72.348,60684.3399832539,14.186999999999998,80.39061204179798,11.01344095337114
USA,United States,2007,North America,High income,58.086,72.053,61314.4520816367,13.966999999999999,80.61565791847669,11.0237708540335
USA,United States,2008,North America,High income,58.293,71.814,60806.2238713713,13.520999999999994,81.17219483666138,11.015447429020634
USA,United States,2009,North America,High income,58.054,70.806,58722.496767251,12.751999999999995,81.99022681693643,10.980578182262706
USA,United States,2010,North America,High income,57.516,70.065,59797.0736545937,12.549,82.08948833226289,10.99871200319943
USA,United States,2011,North America,High income,56.998,69.573,60253.2035796719,12.574999999999996,81.92545958920846,11.006311021386187
USA,United States,2012,North America,High income,56.778,69.532,61142.3637034265,12.753999999999998,81.6573663924524,11.020960255204994
USA,United States,2013,North America,High income,56.362,69.181,61966.6621370894,12.818999999999996,81.47034590422226,11.034351811944425
USA,United States,2014,North America,High income,56.197,68.754,63026.8779187814,12.557000000000002,81.73633534048928,11.05131654802287
USA,United States,2015,North America,High income,55.938,68.638,64367.7188912582,12.700000000000003,81.49712986975145,11.072367526967415
USA,United States,2016,North America,High income,56.095,68.794,65025.9855980616,12.698999999999998,81.54054132627846,11.082542247419385
USA,United States,2017,North America,High income,56.395,68.715,66164.0320014289,12.32,82.07087244415338,11.099892271030287
USA,United States,2018,North America,High income,56.471,68.715,67728.4424921024,12.244000000000007,82.18147420504984,11.123261496109643
USA,United States,2019,North America,High income,56.868,68.821,69121.4580016741,11.952999999999996,82.63175484227199,11.143620497029687
URY,Uruguay,1990,Latin America & Caribbean,High income,42.569,73.028,14060.8401531053,30.459000000000003,58.291340307827134,9.55114891842331
URY,Uruguay,1991,Latin America & Caribbean,High income,43.438,72.767,14474.7272308128,29.328999999999994,59.694641801915715,9.580159458105632
URY,Uruguay,1992,Latin America & Caribbean,High income,44.441,71.859,15536.4813275187,27.417999999999992,61.84472369501386,9.650946171482621
URY,Uruguay,1993,Latin America & Caribbean,High income,43.425,70.87,15865.2715092002,27.445000000000007,61.27416396218427,9.6718878175929
URY,Uruguay,1994,Latin America & Caribbean,High income,45.002,72.344,16932.0220449735,27.34199999999999,62.2055733716687,9.736961903610998
URY,Uruguay,1995,Latin America & Caribbean,High income,46.26,73.248,16600.0329041954,26.988000000000007,63.15530799475753,9.717159956523115
URY,Uruguay,1996,Latin America & Caribbean,High income,47.069,74.725,17433.6866851628,27.65599999999999,62.98962863834059,9.766159629926884
URY,Uruguay,1997,Latin America & Caribbean,High income,48.165,74.279,18823.934790748,26.113999999999997,64.84336084222997,9.84288446624629
URY,Uruguay,1998,Latin America & Caribbean,High income,49.256,73.834,19577.7825547632,24.578000000000003,66.71181298588725,9.882150659148357
URY,Uruguay,1999,Latin America & Caribbean,High income,48.431,72.206,19192.7103025817,23.775000000000006,67.07337340387225,9.862285814181773
URY,Uruguay,2000,Latin America & Caribbean,High income,48.986,72.386,18752.0507121938,23.4,67.67330699306495,9.839058396734954
URY,Uruguay,2001,Latin America & Caribbean,High income,51.226,72.857,17986.8939502115,21.631,70.31033394183126,9.797398657797514
URY,Uruguay,2002,Latin America & Caribbean,High income,49.597,71.332,16572.7819019325,21.734999999999992,69.52980429540739,9.715516984194588
URY,Uruguay,2003,Latin America & Caribbean,High income,49.312,69.855,16694.4326030244,20.543000000000006,70.591940448071,9.722830565757953
URY,Uruguay,2004,Latin America & Caribbean,High income,49.088,70.886,17519.3729926744,21.797999999999995,69.24921705273256,9.771062575760613
URY,Uruguay,2005,Latin America & Caribbean,High income,49.866,70.101,18811.3124755641,20.235,71.13450592716224,9.842213695276307
URY,Uruguay,2006,Latin America & Caribbean,High income,51.624,73.355,19560.0743506382,21.731,70.37557085406584,9.881245744738957
URY,Uruguay,2007,Latin America & Caribbean,High income,53.467,75.189,20803.885306175,21.721999999999994,71.11013579113965,9.94289504181177
URY,Uruguay,2008,Latin America & Caribbean,High income,54.437,74.522,22249.3750934425,20.085000000000008,73.04822736909905,10.010069201511998
URY,Uruguay,2009,Latin America & Caribbean,High income,55.16,75.274,23138.0733091496,20.114000000000004,73.2789542205808,10.04923473492808
URY,Uruguay,2010,Latin America & Caribbean,High income,54.909,74.587,24879.8256003219,19.678000000000004,73.61738640781905,10.121812537195185
URY,Uruguay,2011,Latin America & Caribbean,High income,56.842,76.094,26099.3116487704,19.251999999999995,74.69971351223487,10.169664219352665
URY,Uruguay,2012,Latin America & Caribbean,High income,56.492,74.808,26953.2709026389,18.31600000000001,75.51598759490963,10.20185993827263
URY,Uruguay,2013,Latin America & Caribbean,High income,55.333,75.277,28119.4726887432,19.944000000000003,73.50585172097719,10.24421759357037
URY,Uruguay,2014,Latin America & Caribbean,High income,56.899,75.71,28935.086486757,18.810999999999993,75.1538766345265,10.272810203004923
URY,Uruguay,2015,Latin America & Caribbean,High income,56.3,74.39,28941.6184540581,18.090000000000003,75.68221535152574,10.273035923088177
URY,Uruguay,2016,Latin America & Caribbean,High income,56.341,73.661,29332.5561568815,17.32,76.48687908119629,10.286453309789477
URY,Uruguay,2017,Latin America & Caribbean,High income,56.059,72.918,29762.4220666605,16.85900000000001,76.87950848898763,10.301001872283853
URY,Uruguay,2018,Latin America & Caribbean,High income,55.954,72.117,29757.9276055415,16.163000000000004,77.58780869975179,10.300850849611699
URY,Uruguay,2019,Latin America & Caribbean,High income,56.002,71.673,30010.5628834294,15.671,78.13542059073849,10.309304694787315
URY,Uruguay,2020,Latin America & Caribbean,High income,54.231,68.6,27788.1749600196,14.368999999999993,79.05393586005832,10.232365848036638
URY,Uruguay,2021,Latin America & Caribbean,High income,56.034,70.359,29431.8738833361,14.324999999999996,79.64013132648276,10.28983351175695
URY,Uruguay,2022,Latin America & Caribbean,High income,55.656,71.383,30840.0709827676,15.726999999999997,77.96814367566508,10.336570129320778
URY,Uruguay,2023,Latin America & Caribbean,High income,56.518,73.371,31100.9696889882,16.852999999999994,77.030434367802,10.34499427739148
URY,Uruguay,2024,Latin America & Caribbean,High income,57.264,73.458,32149.480073986,16.193999999999996,77.95474965286286,10.37815155765276
UZB,Uzbekistan,1990,Europe & Central Asia,Lower middle income,38.24,74.554,4239.58649108779,36.314,51.291681197521264,8.352221017783222
UZB,Uzbekistan,1991,Europe & Central Asia,Lower middle income,38.977,75.306,4118.51585848122,36.329,51.75816004036863,8.323248148921715
UZB,Uzbekistan,1992,Europe & Central Asia,Lower middle income,39.363,75.605,3568.35538610457,36.242000000000004,52.06401693009721,8.179860092468637
UZB,Uzbekistan,1993,Europe & Central Asia,Lower middle income,39.659,75.878,3406.55184062183,36.219,52.26679669996573,8.133455868246124
UZB,Uzbekistan,1994,Europe & Central Asia,Lower middle income,39.963,76.049,3161.07497053576,36.086000000000006,52.54901445120909,8.058667429281964
UZB,Uzbekistan,1995,Europe & Central Asia,Lower middle income,39.933,76.006,3070.52690445141,36.073,52.53927321527247,8.029604455968945
UZB,Uzbekistan,1996,Europe & Central Asia,Lower middle income,39.698,75.634,3064.63712278537,35.936,52.486976756485184,8.027684447490198
UZB,Uzbekistan,1997,Europe & Central Asia,Lower middle income,39.731,75.398,3168.77278928055,35.666999999999994,52.69503169845354,8.06109965919704
UZB,Uzbekistan,1998,Europe & Central Asia,Lower middle income,39.691,75.225,3253.54493589925,35.53399999999999,52.763044200731144,8.087500430396215
UZB,Uzbekistan,1999,Europe & Central Asia,Lower middle income,39.797,75.077,3346.1588710371,35.28,53.008244868601565,8.11556836130336
UZB,Uzbekistan,2000,Europe & Central Asia,Lower middle income,39.638,74.569,3430.88370808896,34.931000000000004,53.15613726883826,8.140573147818545
UZB,Uzbekistan,2001,Europe & Central Asia,Lower middle income,39.498,74.263,3530.5496647712,34.76500000000001,53.18664745566433,8.169208850205198
UZB,Uzbekistan,2002,Europe & Central Asia,Lower middle income,39.431,73.703,3626.07785614929,34.272000000000006,53.499857536328236,8.195906862719498
UZB,Uzbekistan,2003,Europe & Central Asia,Lower middle income,39.187,73.276,3733.79819347394,34.089,53.47862874611059,8.22518127697268
UZB,Uzbekistan,2004,Europe & Central Asia,Lower middle income,39.056,72.927,3962.90117061128,33.87100000000001,53.5549247878015,8.284731654855577
UZB,Uzbekistan,2005,Europe & Central Asia,Lower middle income,38.789,72.56,4185.63947675734,33.771,53.457828004410146,8.33941477334308
UZB,Uzbekistan,2006,Europe & Central Asia,Lower middle income,38.555,72.002,4439.90667205623,33.446999999999996,53.54712369100859,8.398388635398195
UZB,Uzbekistan,2007,Europe & Central Asia,Lower middle income,38.426,71.648,4792.8290951141,33.221999999999994,53.6316435908888,8.474876141339275
UZB,Uzbekistan,2008,Europe & Central Asia,Lower middle income,38.415,71.495,5145.99183378479,33.080000000000005,53.73103014196796,8.545973405935026
UZB,Uzbekistan,2009,Europe & Central Asia,Lower middle income,38.895,72.016,5471.82013683888,33.121,54.00883137080649,8.607366589032429
UZB,Uzbekistan,2010,Europe & Central Asia,Lower middle income,38.961,71.878,5794.98037704358,32.917,54.20434625337377,8.664747369580644
UZB,Uzbekistan,2011,Europe & Central Asia,Lower middle income,38.883,72.302,6170.84149747534,33.419000000000004,53.7785953362286,8.727590492928057
UZB,Uzbekistan,2012,Europe & Central Asia,Lower middle income,39.101,72.573,6525.4971525889,33.471999999999994,53.878164055502744,8.78347242125608
UZB,Uzbekistan,2013,Europe & Central Asia,Lower middle income,39.191,72.638,6932.93371228586,33.447,53.95385335499326,8.844038337709108
UZB,Uzbekistan,2014,Europe & Central Asia,Lower middle income,39.275,72.922,7344.44304405623,33.647,53.85891774773045,8.90169925783041
UZB,Uzbekistan,2015,Europe & Central Asia,Lower middle income,39.447,73.202,7792.23605983713,33.754999999999995,53.88787191606787,8.960883140017119
UZB,Uzbekistan,2016,Europe & Central Asia,Lower middle income,39.57,73.402,8172.9216949615,33.832,53.908612844336666,9.008581736528289
UZB,Uzbekistan,2017,Europe & Central Asia,Lower middle income,39.652,73.364,8413.29975299494,33.712,54.04830707158824,9.037569036655176
UZB,Uzbekistan,2018,Europe & Central Asia,Lower middle income,39.739,73.452,8742.5491991216,33.713,54.101998584109346,9.07595709650209
UZB,Uzbekistan,2019,Europe & Central Asia,Lower middle income,39.89,73.457,9169.01147508351,33.56699999999999,54.303878459506926,9.123584759557843
UZB,Uzbekistan,2020,Europe & Central Asia,Lower middle income,39.097,72.039,9145.23119844239,32.942,54.271991560127155,9.120987841909704
UZB,Uzbekistan,2021,Europe & Central Asia,Lower middle income,39.587,72.579,9705.60054565692,32.99199999999999,54.5433252042602,9.180458373715094
UZB,Uzbekistan,2022,Europe & Central Asia,Lower middle income,41.1,74.38,10091.3877869999,33.279999999999994,55.25678945953214,9.219437644722278
UZB,Uzbekistan,2023,Europe & Central Asia,Lower middle income,41.24,74.358,10514.0955721447,33.118,55.4614163909734,9.260472071327113
UZB,Uzbekistan,2024,Europe & Central Asia,Lower middle income,41.273,74.241,10997.1707291644,32.967999999999996,55.59327056478227,9.305393312257658
VUT,Vanuatu,1990,East Asia & Pacific,Lower middle income,74.02,79.534,3531.78750465932,5.51400000000001,93.06711595041112,8.169559397020254
VUT,Vanuatu,1991,East Asia & Pacific,Lower middle income,73.99,79.531,3553.43728930775,5.541000000000011,93.03290540795412,8.175670664526525
VUT,Vanuatu,1992,East Asia & Pacific,Lower middle income,73.986,79.529,3555.93728844228,5.542999999999992,93.03021539312705,8.176373961057108
VUT,Vanuatu,1993,East Asia & Pacific,Lower middle income,74.065,79.534,3495.49275262507,5.469000000000008,93.12369552644151,8.15922963260561
VUT,Vanuatu,1994,East Asia & Pacific,Lower middle income,73.787,79.52,3723.02443587912,5.73299999999999,92.7904929577465,8.22229163734275
VUT,Vanuatu,1995,East Asia & Pacific,Lower middle income,73.856,79.536,3674.38819393103,5.680000000000007,92.85857976262321,8.209141919946067
VUT,Vanuatu,1996,East Asia & Pacific,Lower middle income,73.862,79.546,3676.87858931689,5.684000000000012,92.854448998064,8.209819461805058
VUT,Vanuatu,1997,East Asia & Pacific,Lower middle income,73.755,79.545,3775.23587307653,5.790000000000006,92.72110126343578,8.236218142665328
VUT,Vanuatu,1998,East Asia & Pacific,Lower middle income,73.804,79.558,3740.68521654671,5.754000000000005,92.76754066215842,8.227024086607534
VUT,Vanuatu,1999,East Asia & Pacific,Lower middle income,73.888,79.573,3676.29741602127,5.684999999999988,92.85561685496339,8.209661387716688
VUT,Vanuatu,2000,East Asia & Pacific,Lower middle income,73.747,79.57,3805.62227309353,5.822999999999993,92.68191529470907,8.244234797816294
VUT,Vanuatu,2001,East Asia & Pacific,Lower middle income,74.02,79.603,3584.91106983816,5.582999999999998,92.9864452344761,8.184488946544217
VUT,Vanuatu,2002,East Asia & Pacific,Lower middle income,74.389,79.623,3314.71255206905,5.234000000000009,93.42652248722102,8.106126187568934
VUT,Vanuatu,2003,East Asia & Pacific,Lower middle income,74.318,79.633,3372.77297249271,5.314999999999998,93.32563133374356,8.12349052550104
VUT,Vanuatu,2004,East Asia & Pacific,Lower middle income,74.259,79.642,3422.60817759375,5.382999999999996,93.24100349062053,8.13815816443336
VUT,Vanuatu,2005,East Asia & Pacific,Lower middle income,74.144,79.649,3517.84619857461,5.5049999999999955,93.0884254667353,8.165604205915052
VUT,Vanuatu,2006,East Asia & Pacific,Lower middle income,73.902,79.644,3724.24741699945,5.742000000000004,92.7904173572397,8.222620074696852
VUT,Vanuatu,2007,East Asia & Pacific,Lower middle income,70.29,77.594,3738.66656241804,7.303999999999988,90.5869010490502,8.226484292722356
VUT,Vanuatu,2008,East Asia & Pacific,Lower middle income,66.403,75.397,3850.27902468628,8.994,88.0711434141942,8.255900898600208
VUT,Vanuatu,2009,East Asia & Pacific,Lower middle income,62.273,73.051,3867.75799280135,10.777999999999999,85.24592408043695,8.260430288121857
VUT,Vanuatu,2010,East Asia & Pacific,Lower middle income,57.944,70.552,3825.75653571613,12.608000000000004,82.12949313981177,8.249511513818671
VUT,Vanuatu,2011,East Asia & Pacific,Lower middle income,57.502,69.78,3861.18223002309,12.277999999999999,82.40470048724563,8.25872869277364
VUT,Vanuatu,2012,East Asia & Pacific,Lower middle income,57.059,68.997,3815.41895246816,11.938000000000002,82.69779845500528,8.246805754849818
VUT,Vanuatu,2013,East Asia & Pacific,Lower middle income,56.616,68.203,3748.76509025679,11.587000000000003,83.01101124583961,8.229181755465397
VUT,Vanuatu,2014,East Asia & Pacific,Lower middle income,56.172,67.397,3779.64941165998,11.225000000000009,83.34495600694392,8.23738653607415
VUT,Vanuatu,2015,East Asia & Pacific,Lower middle income,55.728,66.582,3825.81231400229,10.853999999999992,83.69829683698298,8.24952609338719
VUT,Vanuatu,2016,East Asia & Pacific,Lower middle income,55.283,65.756,3877.08354643548,10.472999999999999,84.07293630999453,8.262838486687
VUT,Vanuatu,2017,East Asia & Pacific,Lower middle income,54.838,64.921,3947.67824193203,10.083000000000006,84.46881594553379,8.280882898228104
VUT,Vanuatu,2018,East Asia & Pacific,Lower middle income,54.395,64.078,3951.18453122592,9.683,84.88872936109118,8.281770694262768
VUT,Vanuatu,2019,East Asia & Pacific,Lower middle income,53.95,63.226,3986.65620021472,9.275999999999996,85.3288204219783,8.290708113468867
VUT,Vanuatu,2020,East Asia & Pacific,Lower middle income,53.445,62.634,3671.97390565303,9.189,85.3290545071367,8.20848464541149
VUT,Vanuatu,2021,East Asia & Pacific,Lower middle income,54.624,61.956,3546.08021896872,7.332000000000001,88.16579508037962,8.173598108760876
VUT,Vanuatu,2022,East Asia & Pacific,Lower middle income,53.631,63.243,3658.51871182046,9.612000000000002,84.80148000569233,8.20481362092641
VUT,Vanuatu,2023,East Asia & Pacific,Lower middle income,53.604,63.221,3782.82649029418,9.616999999999997,84.78828237452745,8.238226757943892
VUT,Vanuatu,2024,East Asia & Pacific,Lower middle income,53.531,63.193,3837.03937446048,9.661999999999999,84.71033184055196,8.252456351977068
VNM,Viet Nam,1990,East Asia & Pacific,Upper middle income,74.736,81.901,2467.96460080463,7.164999999999992,91.2516330691933,7.811149041650383
VNM,Viet Nam,1991,East Asia & Pacific,Upper middle income,74.622,81.833,2560.84383496164,7.2109999999999985,91.18815147923209,7.848092106191762
VNM,Viet Nam,1992,East Asia & Pacific,Upper middle income,74.411,81.659,2726.47373748487,7.248000000000005,91.12406470811545,7.9107643820016875
VNM,Viet Nam,1993,East Asia & Pacific,Upper middle income,74.235,81.51,2890.42431737761,7.275000000000006,91.07471475892528,7.969158592951102
VNM,Viet Nam,1994,East Asia & Pacific,Upper middle income,74.035,81.338,3089.60933725631,7.302999999999997,91.02141680395387,8.035799933826697
VNM,Viet Nam,1995,East Asia & Pacific,Upper middle income,73.806,81.142,3328.21486039558,7.3359999999999985,90.95905942668409,8.110191361274042
VNM,Viet Nam,1996,East Asia & Pacific,Upper middle income,73.585,80.956,3584.02898335147,7.371000000000009,90.89505410346361,8.184242860934743
VNM,Viet Nam,1997,East Asia & Pacific,Upper middle income,72.532,80.062,3820.30249485434,7.530000000000001,90.59478903849516,8.248084885600129
VNM,Viet Nam,1998,East Asia & Pacific,Upper middle income,71.824,79.122,3982.95805965603,7.298000000000002,90.77626955840347,8.289780053288402
VNM,Viet Nam,1999,East Asia & Pacific,Upper middle income,71.181,78.106,4119.05367208231,6.924999999999997,91.1338437508002,8.32337872471834
VNM,Viet Nam,2000,East Asia & Pacific,Upper middle income,69.974,77.088,4349.22348751462,7.11399999999999,90.77158572021587,8.377752599530842
VNM,Viet Nam,2001,East Asia & Pacific,Upper middle income,71.493,78.609,4570.26846577385,7.116,90.94760141968476,8.427327227408735
VNM,Viet Nam,2002,East Asia & Pacific,Upper middle income,70.833,78.296,4809.62151118535,7.463000000000008,90.46822315316236,8.478373672100497
VNM,Viet Nam,2003,East Asia & Pacific,Upper middle income,70.353,78.157,5090.28990869885,7.804000000000002,90.01496986834192,8.535090064444974
VNM,Viet Nam,2004,East Asia & Pacific,Upper middle income,70.098,78.21,5421.09702829121,8.111999999999995,89.62792481779825,8.598053477696583
VNM,Viet Nam,2005,East Asia & Pacific,Upper middle income,70.381,78.453,5776.36304451268,8.072000000000003,89.7110371814972,8.66152953256431
VNM,Viet Nam,2006,East Asia & Pacific,Upper middle income,70.727,78.814,6098.24495436514,8.086999999999989,89.7391326414089,8.715756296365093
VNM,Viet Nam,2007,East Asia & Pacific,Upper middle income,71.138,79.286,6418.54381402878,8.147999999999996,89.72328027646748,8.766946550711666
VNM,Viet Nam,2008,East Asia & Pacific,Upper middle income,71.55,80.008,6659.13561432065,8.457999999999998,89.42855714428558,8.803744967471749
VNM,Viet Nam,2009,East Asia & Pacific,Upper middle income,71.906,80.566,6914.33863589545,8.659999999999997,89.25104882953107,8.84135259757194
VNM,Viet Nam,2010,East Asia & Pacific,Upper middle income,71.731,81.233,7274.73310698016,9.50200000000001,88.30278335159355,8.892162405040983
VNM,Viet Nam,2011,East Asia & Pacific,Upper middle income,71.715,81.466,7652.61895672271,9.75099999999999,88.03058944835882,8.942803215517136
VNM,Viet Nam,2012,East Asia & Pacific,Upper middle income,71.983,81.067,7979.86828926858,9.083999999999989,88.79445397017284,8.984677185203456
VNM,Viet Nam,2013,East Asia & Pacific,Upper middle income,72.906,81.962,8324.19871250047,9.055999999999997,88.95097728215515,9.02692205946555
VNM,Viet Nam,2014,East Asia & Pacific,Upper middle income,73.059,81.945,8751.88280634375,8.885999999999996,89.15614131429618,9.077024134072081
VNM,Viet Nam,2015,East Asia & Pacific,Upper middle income,72.863,82.417,9248.02396069622,9.554000000000002,88.40773141463532,9.132165181814536
VNM,Viet Nam,2016,East Asia & Pacific,Upper middle income,72.53,81.789,9743.1882231455,9.259,88.67940676619105,9.184323676046649
VNM,Viet Nam,2017,East Asia & Pacific,Upper middle income,72.575,82.197,10290.5487142244,9.622,88.29397666581505,9.23898115240388
VNM,Viet Nam,2018,East Asia & Pacific,Upper middle income,72.897,82.408,10936.8937859558,9.510999999999996,88.4586447917678,9.29989710384579
VNM,Viet Nam,2019,East Asia & Pacific,Upper middle income,71.511,82.088,11628.6139147451,10.576999999999998,87.11504726634831,9.361224056530803
VNM,Viet Nam,2020,East Asia & Pacific,Upper middle income,69.095,80.025,11851.3965685649,10.930000000000007,86.3417681974383,9.380200993506387
VNM,Viet Nam,2021,East Asia & Pacific,Upper middle income,69.107,78.712,12048.9019935536,9.605000000000004,87.7972863095843,9.396728813900122
VNM,Viet Nam,2022,East Asia & Pacific,Upper middle income,69.878,79.432,12979.7638983711,9.554000000000002,87.97210192365797,9.471146800444812
VNM,Viet Nam,2023,East Asia & Pacific,Upper middle income,69.215,78.201,13534.7997843016,8.98599999999999,88.50909834912598,9.513019409497293
VNM,Viet Nam,2024,East Asia & Pacific,Upper middle income,68.905,77.684,14396.4217369473,8.778999999999996,88.69908861541631,9.574734964195445
VIR,Virgin Islands (U.S.),2002,Latin America & Caribbean,High income,57.463,65.541,54299.2298699394,8.077999999999996,87.67489052654065,10.902265322947406
VIR,Virgin Islands (U.S.),2003,Latin America & Caribbean,High income,56.185,63.804,54086.1547945673,7.619,88.0587423985957,10.898333513312226
VIR,Virgin Islands (U.S.),2004,Latin America & Caribbean,High income,58.212,65.402,55883.4545510864,7.189999999999998,89.00645240206721,10.93102363234565
VIR,Virgin Islands (U.S.),2005,Latin America & Caribbean,High income,59.425,66.034,57838.0977142823,6.609000000000009,89.99151952024714,10.965402967534578
VIR,Virgin Islands (U.S.),2006,Latin America & Caribbean,High income,60.019,65.943,59911.7224453162,5.9239999999999995,91.01648393309372,11.000627465212439
VIR,Virgin Islands (U.S.),2007,Latin America & Caribbean,High income,60.908,66.109,62332.9445371347,5.200999999999993,92.13268995144384,11.040245369776992
VIR,Virgin Islands (U.S.),2008,Latin America & Caribbean,High income,60.804,65.508,63057.6263123638,4.7039999999999935,92.81919765524822,11.051804290658326
VIR,Virgin Islands (U.S.),2009,Latin America & Caribbean,High income,60.479,65.593,58895.3056899496,5.114000000000004,92.20343634229262,10.983516666802194
VIR,Virgin Islands (U.S.),2010,Latin America & Caribbean,High income,58.753,63.323,59272.2456856343,4.57,92.78303302117715,10.989896443141795
VIR,Virgin Islands (U.S.),2011,Latin America & Caribbean,High income,59.048,64.213,54443.0686942498,5.164999999999992,91.95645741516516,10.9049108235502
VIR,Virgin Islands (U.S.),2012,Latin America & Caribbean,High income,57.313,63.74,46422.4151236223,6.427,89.91684970191403,10.745537706127392
VIR,Virgin Islands (U.S.),2013,Latin America & Caribbean,High income,53.912,60.361,43563.8864931407,6.448999999999998,89.315949039943,10.681983794672504
VIR,Virgin Islands (U.S.),2014,Latin America & Caribbean,High income,53.283,59.609,42853.8986599185,6.3260000000000005,89.38750859769497,10.665551903782557
VIR,Virgin Islands (U.S.),2015,Latin America & Caribbean,High income,55.655,61.998,42739.0835022993,6.342999999999996,89.76902480725185,10.662869085084479
VIR,Virgin Islands (U.S.),2016,Latin America & Caribbean,High income,55.592,61.357,43502.4336941564,5.765000000000001,90.60416904346692,10.680572162503902
VIR,Virgin Islands (U.S.),2017,Latin America & Caribbean,High income,56.528,62.012,43277.1546523522,5.484000000000002,91.1565503450945,10.675380168576222
VIR,Virgin Islands (U.S.),2018,Latin America & Caribbean,High income,52.911,57.429,44205.4071324394,4.518000000000001,92.13289453063783,10.69660239389679
VIR,Virgin Islands (U.S.),2019,Latin America & Caribbean,High income,50.563,54.2,45632.6364715693,3.6370000000000005,93.28966789667896,10.728378451598534
VIR,Virgin Islands (U.S.),2020,Latin America & Caribbean,High income,50.614,54.467,45055.7829303523,3.8530000000000015,92.92599188499459,10.715656621731613
VIR,Virgin Islands (U.S.),2021,Latin America & Caribbean,High income,51.8,55.509,46893.5496988741,3.709000000000003,93.31820065214649,10.755635411902784
VIR,Virgin Islands (U.S.),2022,Latin America & Caribbean,High income,52.915,56.322,46479.2996685326,3.4070000000000036,93.95085401796811,10.746762324039917
PSE,West Bank and Gaza,1994,"Middle East, North Africa, Afghanistan & Pakistan",Lower middle income,11.677,68.843,3966.68875052152,57.166000000000004,16.96178260680098,8.285686957774379
PSE,West Bank and Gaza,1995,"Middle East, North Africa, Afghanistan & Pakistan",Lower middle income,11.804,68.658,4062.96290335877,56.854,17.192461184421333,8.309667765588863
PSE,West Bank and Gaza,1996,"Middle East, North Africa, Afghanistan & Pakistan",Lower middle income,11.693,68.796,3932.22694732854,57.10300000000001,16.996627710913423,8.27696119764023
PSE,West Bank and Gaza,1997,"Middle East, North Africa, Afghanistan & Pakistan",Lower middle income,12.082,68.258,4311.53876740636,56.175999999999995,17.700489319933197,8.369050141980473
PSE,West Bank and Gaza,1998,"Middle East, North Africa, Afghanistan & Pakistan",Lower middle income,12.534,67.629,4805.19156878644,55.095000000000006,18.533469369649115,8.477452189243674
PSE,West Bank and Gaza,1999,"Middle East, North Africa, Afghanistan & Pakistan",Lower middle income,12.783,67.315,5071.82121719043,54.532,18.989823961969844,8.531455246519151
PSE,West Bank and Gaza,2000,"Middle East, North Africa, Afghanistan & Pakistan",Lower middle income,12.402,67.967,4520.88992531975,55.565,18.247090499801374,8.416464139579434
PSE,West Bank and Gaza,2001,"Middle East, North Africa, Afghanistan & Pakistan",Lower middle income,10.04,63.147,3996.50878001821,53.107,15.899409314773463,8.293176453990524
PSE,West Bank and Gaza,2002,"Middle East, North Africa, Afghanistan & Pakistan",Lower middle income,10.064,61.787,3409.17287422698,51.723,16.28821596776021,8.134224981977681
PSE,West Bank and Gaza,2003,"Middle East, North Africa, Afghanistan & Pakistan",Lower middle income,12.504,65.162,3788.92652721128,52.65800000000001,19.189097940517478,8.239838019754128
PSE,West Bank and Gaza,2004,"Middle East, North Africa, Afghanistan & Pakistan",Lower middle income,12.864,63.833,4503.08034061409,50.968999999999994,20.152585653188794,8.412516961717827
PSE,West Bank and Gaza,2005,"Middle East, North Africa, Afghanistan & Pakistan",Lower middle income,12.78,64.854,4885.07252184444,52.074,19.705800721620868,8.493939410189498
PSE,West Bank and Gaza,2006,"Middle East, North Africa, Afghanistan & Pakistan",Lower middle income,13.495,64.178,4714.37331793342,50.683,21.027454891084172,8.458371273812588
PSE,West Bank and Gaza,2007,"Middle East, North Africa, Afghanistan & Pakistan",Lower middle income,15.021,65.29,4769.52328096801,50.269000000000005,23.006586000918976,8.47000163779109
PSE,West Bank and Gaza,2008,"Middle East, North Africa, Afghanistan & Pakistan",Lower middle income,14.706,64.562,4984.80579890695,49.855999999999995,22.778104767510303,8.514149724547211
PSE,West Bank and Gaza,2009,"Middle East, North Africa, Afghanistan & Pakistan",Lower middle income,14.582,65.034,5270.66331643219,50.452000000000005,22.42211766153089,8.569911500110557
PSE,West Bank and Gaza,2010,"Middle East, North Africa, Afghanistan & Pakistan",Lower middle income,14.033,66.578,5432.24363072522,52.545,21.077533119048333,8.600107519249917
PSE,West Bank and Gaza,2011,"Middle East, North Africa, Afghanistan & Pakistan",Lower middle income,15.625,67.747,5805.32115329251,52.122,23.063751900453155,8.6665302161663
PSE,West Bank and Gaza,2012,"Middle East, North Africa, Afghanistan & Pakistan",Lower middle income,16.169,67.876,6009.10925822042,51.70700000000001,23.821380163828156,8.701031806598388
PSE,West Bank and Gaza,2013,"Middle East, North Africa, Afghanistan & Pakistan",Lower middle income,15.829,68.521,6142.20204342591,52.692,23.100947154886825,8.722938595840043
PSE,West Bank and Gaza,2014,"Middle East, North Africa, Afghanistan & Pakistan",Lower middle income,16.563,68.467,5990.42661523778,51.903999999999996,24.191216206347583,8.697917909815082
PSE,West Bank and Gaza,2015,"Middle East, North Africa, Afghanistan & Pakistan",Lower middle income,17.998,70.799,6072.65031768549,52.801,25.42126301218944,8.711550414408654
PSE,West Bank and Gaza,2016,"Middle East, North Africa, Afghanistan & Pakistan",Lower middle income,17.435,71.022,6464.13352537371,53.587,24.54873137900932,8.774024256759507
PSE,West Bank and Gaza,2017,"Middle East, North Africa, Afghanistan & Pakistan",Lower middle income,17.665,71.297,6426.79521615335,53.632,24.776638568242703,8.768231281809868
PSE,West Bank and Gaza,2018,"Middle East, North Africa, Afghanistan & Pakistan",Lower middle income,17.665,70.197,6342.9374800852,52.532000000000004,25.16489308659914,8.755097265063991
PSE,West Bank and Gaza,2019,"Middle East, North Africa, Afghanistan & Pakistan",Lower middle income,18.383,71.143,6269.89134527985,52.760000000000005,25.839506346372797,8.743514304175353
PSE,West Bank and Gaza,2020,"Middle East, North Africa, Afghanistan & Pakistan",Lower middle income,16.431,66.394,5423.68254653126,49.96300000000001,24.747718167304274,8.598530300350506
PSE,West Bank and Gaza,2021,"Middle East, North Africa, Afghanistan & Pakistan",Lower middle income,17.545,70.215,5663.12160743584,52.67,24.987538275297304,8.641730539913938
PSE,West Bank and Gaza,2022,"Middle East, North Africa, Afghanistan & Pakistan",Lower middle income,18.934,72.095,5753.08395899307,53.161,26.26257021984881,8.65749133070658
ZMB,Zambia,1990,Sub-Saharan Africa,Lower middle income,50.996,69.298,2425.11128678382,18.302,73.58942538024186,7.793632693775848
ZMB,Zambia,1991,Sub-Saharan Africa,Lower middle income,51.03,69.237,2364.86234039956,18.206999999999994,73.70336669699728,7.768475092212725
ZMB,Zambia,1992,Sub-Saharan Africa,Lower middle income,51.06,69.191,2268.49812195378,18.131,73.79572487751297,7.726873271223482
ZMB,Zambia,1993,Sub-Saharan Africa,Lower middle income,51.083,69.165,2365.62953630778,18.082000000000008,73.85671943902263,7.768799454217753
ZMB,Zambia,1994,Sub-Saharan Africa,Lower middle income,51.096,69.171,2110.5832556481,18.07500000000001,73.86910699570628,7.654719612749678
ZMB,Zambia,1995,Sub-Saharan Africa,Lower middle income,51.097,69.202,2119.95642928697,18.104999999999997,73.83746134504784,7.659150815231731
ZMB,Zambia,1996,Sub-Saharan Africa,Lower middle income,51.094,69.235,2197.19564925242,18.141,73.79793457066512,7.694937121333799
ZMB,Zambia,1997,Sub-Saharan Africa,Lower middle income,51.096,69.219,2223.45745445731,18.122999999999998,73.8178823733368,7.706818675275807
ZMB,Zambia,1998,Sub-Saharan Africa,Lower middle income,51.102,69.174,2157.57339335667,18.07200000000001,73.87457715326566,7.676739440157286
ZMB,Zambia,1999,Sub-Saharan Africa,Lower middle income,51.109,69.108,2198.18912998648,17.999000000000002,73.95525843607108,7.69538917766146
ZMB,Zambia,2000,Sub-Saharan Africa,Lower middle income,51.126,68.987,2220.5653712714,17.860999999999997,74.10961485497268,7.705517114186855
ZMB,Zambia,2001,Sub-Saharan Africa,Lower middle income,51.159,68.774,2268.96965564597,17.615000000000002,74.38712304068397,7.727081111242188
ZMB,Zambia,2002,Sub-Saharan Africa,Lower middle income,51.196,68.551,2299.33289188114,17.355000000000004,74.68308266837829,7.740374312837272
ZMB,Zambia,2003,Sub-Saharan Africa,Lower middle income,51.23,68.353,2383.87611741089,17.122999999999998,74.94916097318333,7.776483062661772
ZMB,Zambia,2004,Sub-Saharan Africa,Lower middle income,51.259,68.171,2471.72073328685,16.912000000000006,75.19179709847295,7.812669840224428
ZMB,Zambia,2005,Sub-Saharan Africa,Lower middle income,51.284,67.994,2564.47560965912,16.71,75.42430214430685,7.84950929602532
ZMB,Zambia,2006,Sub-Saharan Africa,Lower middle income,51.31,67.808,2673.46151928529,16.498000000000005,75.66953751769702,7.8911293609002335
ZMB,Zambia,2007,Sub-Saharan Africa,Lower middle income,51.337,67.622,2796.3529332184,16.284999999999997,75.91760078081097,7.9360713232912055
ZMB,Zambia,2008,Sub-Saharan Africa,Lower middle income,51.37,67.429,2908.14362510668,16.059000000000005,76.18383781459016,7.975270227085322
ZMB,Zambia,2009,Sub-Saharan Africa,Lower middle income,51.408,67.236,3065.84420108998,15.828000000000003,76.45903980010709,8.028078243101486
ZMB,Zambia,2010,Sub-Saharan Africa,Lower middle income,51.451,67.053,3266.50749293828,15.601999999999997,76.73183899303537,8.091476648151826
ZMB,Zambia,2011,Sub-Saharan Africa,Lower middle income,51.495,66.896,3335.64339500657,15.401000000000003,76.97769672327193,8.11242086178361
ZMB,Zambia,2012,Sub-Saharan Africa,Lower middle income,51.545,66.735,3474.55252844092,15.189999999999998,77.2383307110212,8.153220980913499
ZMB,Zambia,2013,Sub-Saharan Africa,Lower middle income,51.61,66.539,3535.22449043144,14.929000000000002,77.56353416793159,8.170532081386854
ZMB,Zambia,2014,Sub-Saharan Africa,Lower middle income,51.691,66.296,3585.57748507131,14.605000000000004,77.97001327380234,8.184674823763034
ZMB,Zambia,2015,Sub-Saharan Africa,Lower middle income,51.787,66.024,3576.92544834125,14.237000000000002,78.43662910456803,8.182258897090815
ZMB,Zambia,2016,Sub-Saharan Africa,Lower middle income,51.893,65.72,3598.17166023389,13.826999999999998,78.9607425441266,8.188181123276202
ZMB,Zambia,2017,Sub-Saharan Africa,Lower middle income,52.012,65.388,3612.50597664593,13.376000000000005,79.54364715238269,8.192156986854178
ZMB,Zambia,2018,Sub-Saharan Africa,Lower middle income,52.138,65.043,3646.95966481655,12.905000000000008,80.15927924603723,8.20164913092206
ZMB,Zambia,2019,Sub-Saharan Africa,Lower middle income,52.172,67.179,3591.56418883108,15.007000000000005,77.66117387874186,8.186343093784794
ZMB,Zambia,2020,Sub-Saharan Africa,Lower middle income,54.406,67.566,3391.59541156095,13.160000000000004,80.52274812775656,8.129055712545618
ZMB,Zambia,2021,Sub-Saharan Africa,Lower middle income,54.123,66.285,3503.03491418372,12.161999999999999,81.65195745643811,8.161384990085791
ZMB,Zambia,2022,Sub-Saharan Africa,Lower middle income,53.968,65.294,3585.12379084347,11.325999999999993,82.65384261953625,8.184548282658897
ZMB,Zambia,2023,Sub-Saharan Africa,Lower middle income,56.361,67.759,3673.4841969922,11.398000000000003,83.1786183385233,8.208895863157027
ZMB,Zambia,2024,Sub-Saharan Africa,Lower middle income,56.366,67.629,3708.06904295647,11.263000000000005,83.34590190598708,8.218266546511444
ZWE,Zimbabwe,1990,Sub-Saharan Africa,Lower middle income,59.15,75.651,6082.86879817619,16.500999999999998,78.18799487118478,8.713231705483166
ZWE,Zimbabwe,1991,Sub-Saharan Africa,Lower middle income,59.304,75.202,6254.30182489626,15.897999999999996,78.85960479774474,8.741024797949557
ZWE,Zimbabwe,1992,Sub-Saharan Africa,Lower middle income,59.284,75.395,5532.06136491672,16.110999999999997,78.63120896611181,8.61831578544126
ZWE,Zimbabwe,1993,Sub-Saharan Africa,Lower middle income,59.276,75.716,5509.10697460818,16.43999999999999,78.28728406149295,8.614157815437785
ZWE,Zimbabwe,1994,Sub-Saharan Africa,Lower middle income,59.46,75.423,6010.76845239051,15.963000000000001,78.83536852153851,8.70130788165016
ZWE,Zimbabwe,1995,Sub-Saharan Africa,Lower middle income,59.684,74.869,5964.61521548597,15.185000000000002,79.71790727804566,8.693599825407922
ZWE,Zimbabwe,1996,Sub-Saharan Africa,Lower middle income,59.953,74.054,6474.18822514185,14.100999999999999,80.95848975072245,8.77557850807372
ZWE,Zimbabwe,1997,Sub-Saharan Africa,Lower middle income,60.232,73.175,6524.0909161522,12.942999999999998,82.31226511786812,8.783256899289452
ZWE,Zimbabwe,1998,Sub-Saharan Africa,Lower middle income,60.491,72.346,6582.37693012492,11.855000000000004,83.61346860918364,8.792151194670794
ZWE,Zimbabwe,1999,Sub-Saharan Africa,Lower middle income,60.713,71.664,6423.73669198371,10.951,84.71896628711765,8.767755266614659
ZWE,Zimbabwe,2000,Sub-Saharan Africa,Lower middle income,60.878,71.209,6170.36063450551,10.331000000000003,85.49200241542502,8.72751256486806
ZWE,Zimbabwe,2001,Sub-Saharan Africa,Lower middle income,60.995,70.904,6217.43872434863,9.908999999999999,86.02476588062733,8.735113320276946
ZWE,Zimbabwe,2002,Sub-Saharan Africa,Lower middle income,61.038,70.798,5610.21576859697,9.760000000000005,86.21429983897849,8.632344459202605
ZWE,Zimbabwe,2003,Sub-Saharan Africa,Lower middle income,61.011,70.897,4601.68067845787,9.886000000000003,86.05582746801697,8.434176880629837
ZWE,Zimbabwe,2004,Sub-Saharan Africa,Lower middle income,60.961,71.082,4287.61686326352,10.120999999999995,85.76151487014997,8.363486347840585
ZWE,Zimbabwe,2005,Sub-Saharan Africa,Lower middle income,60.907,71.296,4004.68178301248,10.38900000000001,85.42835502692996,8.29521940141753
ZWE,Zimbabwe,2006,Sub-Saharan Africa,Lower middle income,60.871,71.421,3819.24997116607,10.550000000000004,85.22843421402668,8.2478093396962
ZWE,Zimbabwe,2007,Sub-Saharan Africa,Lower middle income,60.837,71.523,3631.55334530411,10.685999999999993,85.05935153726774,8.19741575454431
ZWE,Zimbabwe,2008,Sub-Saharan Africa,Lower middle income,60.774,71.741,2954.11211916469,10.966999999999999,84.71306505345618,7.990953417403106
ZWE,Zimbabwe,2009,Sub-Saharan Africa,Lower middle income,60.685,72.044,3299.42808702922,11.358999999999995,84.23324634945311,8.101504425474342
ZWE,Zimbabwe,2010,Sub-Saharan Africa,Lower middle income,60.585,72.39,3885.41061373756,11.805,83.6924989639453,8.264983949298474
ZWE,Zimbabwe,2011,Sub-Saharan Africa,Lower middle income,60.495,72.71,4358.94470674386,12.214999999999996,83.20038509145922,8.379985267309088
ZWE,Zimbabwe,2012,Sub-Saharan Africa,Lower middle income,60.424,73.009,5003.50873397069,12.585,82.7623991562684,8.517894692101224
ZWE,Zimbabwe,2013,Sub-Saharan Africa,Lower middle income,60.373,73.218,5031.70923825425,12.845000000000006,82.45649976781665,8.523515014169913
ZWE,Zimbabwe,2014,Sub-Saharan Africa,Lower middle income,60.359,73.248,5081.13441232186,12.889000000000003,82.40361511577107,8.533289825154847
ZWE,Zimbabwe,2015,Sub-Saharan Africa,Lower middle income,60.384,73.142,5102.73642537223,12.757999999999996,82.55721746739219,8.537532228813346
ZWE,Zimbabwe,2016,Sub-Saharan Africa,Lower middle income,60.441,72.924,5070.42413209981,12.483000000000004,82.88217870659864,8.531179748332836
ZWE,Zimbabwe,2017,Sub-Saharan Africa,Lower middle income,60.522,72.624,5234.4065377844,12.101999999999997,83.33608724388633,8.563008752558341
ZWE,Zimbabwe,2018,Sub-Saharan Africa,Lower middle income,60.617,72.277,5415.49322028193,11.660000000000004,83.86762040483141,8.597019239365107
ZWE,Zimbabwe,2019,Sub-Saharan Africa,Lower middle income,60.719,71.913,4993.86546928208,11.193999999999996,84.43396882343944,8.515965532007124
ZWE,Zimbabwe,2020,Sub-Saharan Africa,Lower middle income,59.43,70.954,4527.73949219254,11.523999999999994,83.7584914169744,8.417978085584963
ZWE,Zimbabwe,2021,Sub-Saharan Africa,Lower middle income,60.12,71.715,4827.10960165994,11.595000000000006,83.83183434427943,8.482003141360856
ZWE,Zimbabwe,2022,Sub-Saharan Africa,Lower middle income,59.769,71.707,5036.78317732239,11.937999999999995,83.35169509252933,8.524522898823987
ZWE,Zimbabwe,2023,Sub-Saharan Africa,Lower middle income,62.178,74.446,5218.0452659639795,12.268,83.52094135346425,8.559878140623397
ZWE,Zimbabwe,2024,Sub-Saharan Africa,Lower middle income,62.115,74.358,5211.89755587954,12.243000000000002,83.5350601145808,8.558699282617862
